status,departamento_pibpc,provincia_pibpc,municipio_pibpc,municipio_alt_pibpc,pibpc_key,pibpc_alt_key,pib_usd2017,poblacion_estimada_2021,pibpc_usd2017,codigo_entidad,nombre_entidad,departamento_sigep,grupo_eta,tipo,presupuesto_total_sigep
match_exacto,Santa Cruz,Chiquitos,Roboré,Roboré,robore,robore,101026788.06413876,37721.79426119848,2678.207387607149,1715,Gobierno Autónomo Municipal de Roboré,Santa Cruz,GAM,municipal,20940824.0
match_contiene,Santa Cruz,Cordillera,Charagua,Charagua,charagua,charagua,232831074.82115605,75607.38906403031,3079.47513733051,3701,Gobierno Autónomo Indígena Originario Campesino de Charagua Iyambae,Santa Cruz,GAIOC,indigena_originario_campesino,38611940.0
match_manual,Santa Cruz,Cordillera,Gutiérrez,Gutiérrez,gutierrez,gutierrez,18308716.758435614,7390.608063122125,2477.295048264431,3702,Gobierno Autónomo Indígena Guaraní Kereimba Iyaambae,Santa Cruz,GAIOC,indigena_originario_campesino,19326257.0
match_exacto,Santa Cruz,Cordillera,Camiri,Camiri,camiri,camiri,46334616.54178246,15361.817103072946,3016.219776012942,1723,Gobierno Autónomo Municipal de Camiri,Santa Cruz,GAM,municipal,41500000.0
match_exacto,Santa Cruz,Chiquitos,San José,San Jose de Chiquitos,san jose de chiquitos,san jose de chiquitos,123568386.11806317,49613.39496001918,2490.625489701731,1713,Gobierno Autónomo Municipal de San José,Santa Cruz,GAM,municipal,51078195.0
match_exacto,Santa Cruz,Andrés Ibáñez,Santa Cruz de la Sierra,Santa Cruz de la Sierra,santa cruz de la sierra,santa cruz de la sierra,7049716131.4828205,1908143.4147338087,3694.5420753220874,1701,Gobierno Autónomo Municipal de Santa Cruz de La Sierra,Santa Cruz,GAM,municipal,4791974704.0
match_exacto,Santa Cruz,Chiquitos,Pailón,Pailón,pailon,pailon,80672206.46287599,24274.07646031054,3323.3893200748344,1714,Gobierno Autónomo Municipal de Pailón,Santa Cruz,GAM,municipal,85183116.0
match_exacto,Potosí,Chayanta,Colquechaca,Colquechaca,colquechaca,colquechaca,84726932.5035822,39594.27621853939,2139.878300488043,1511,Gobierno Autónomo Municipal de Colquechaca,Potosí,GAM,municipal,29450067.0
match_exacto,Potosí,Chayanta,Pocoata,Pocoata,pocoata,pocoata,51745367.63055423,25452.71606181016,2032.9998380092004,1513,Gobierno Autónomo Municipal de Pocoata,Potosí,GAM,municipal,37323341.0
match_exacto,Potosí,Daniel Campos,Llica,Llica,llica,llica,10218917.800072676,4141.209088309219,2467.616964552948,1535,Gobierno Autónomo Municipal de Llica,Potosí,GAM,municipal,5316867.0
match_exacto,Cochabamba,Quillacollo,Quillacollo,Quillacollo,quillacollo,quillacollo,469963600.09486616,147691.178099336,3182.06954635281,1302,Gobierno Autónomo Municipal de Quillacollo,Cochabamba,GAM,municipal,315423173.0
match_exacto,Cochabamba,Chapare,Sacaba,Sacaba,sacaba,sacaba,895300677.0749612,211004.4775303943,4243.04113141863,1312,Gobierno Autónomo Municipal de Sacaba,Cochabamba,GAM,municipal,330508349.0
match_exacto,Cochabamba,Quillacollo,Tiquipaya,Tiquipaya,tiquipaya,tiquipaya,310143301.61419153,69788.98488332331,4444.015085370628,1304,Gobierno Autónomo Municipal de Tiquipaya,Cochabamba,GAM,municipal,128326653.0
match_exacto,Cochabamba,Quillacollo,Colcapirhua,Colcapirhua,colcapirhua,colcapirhua,275053689.27206254,60699.29046242052,4531.415230337013,1306,Gobierno Autónomo Municipal de Colcapirhua,Cochabamba,GAM,municipal,136788496.0
match_exacto,Cochabamba,Quillacollo,Sipe Sipe,Sipe Sipe,sipe sipe,sipe sipe,136112497.08353415,43111.05112584412,3157.2530367263007,1303,Gobierno Autónomo Municipal de Sipe Sipe,Cochabamba,GAM,municipal,70839127.0
match_exacto,Cochabamba,Quillacollo,Vinto,Vinto,vinto,vinto,170057601.66010508,54181.345931395546,3138.6743672892903,1305,Gobierno Autónomo Municipal de Vinto,Cochabamba,GAM,municipal,81379151.0
match_exacto,Cochabamba,Esteban Arze,Tarata,Tarata,tarata,tarata,29689349.58546257,8333.225527973373,3562.768040514436,1320,Gobierno Autónomo Municipal de Tarata,Cochabamba,GAM,municipal,11827815.0
match_exacto,Cochabamba,Carrasco,Totora,Totora,totora,totora,66740065.690271504,30268.58966703473,2204.9281590069445,1331,Gobierno Autónomo Municipal de Totora,Cochabamba,GAM,municipal,19686463.0
match_exacto,Santa Cruz,Ichilo,Buena Vista,Buena Vista,buena vista,buena vista,40684703.577815466,18152.94522666135,2241.2177787030155,1710,Gobierno Autónomo Municipal de Buena Vista,Santa Cruz,GAM,municipal,26553990.0
match_exacto,Santa Cruz,Ichilo,San Carlos,San Carlos,san carlos,san carlos,60380363.42424907,27615.272759470277,2186.484412091945,1711,Gobierno Autónomo Municipal de San Carlos,Santa Cruz,GAM,municipal,25580506.0
match_exacto,Beni,Iténez,Magdalena,Magdalena,magdalena,magdalena,33707123.07313917,14196.932950399036,2374.2538751788466,1817,Gobierno Autónomo Municipal de Magdalena,Beni,GAM,municipal,27504517.0
match_exacto,Santa Cruz,Sara,Portachuelo,Portachuelo,portachuelo,portachuelo,63472651.15619073,25707.571530921632,2469.0255584758143,1716,Gobierno Autónomo Municipal de Portachuelo,Santa Cruz,GAM,municipal,28807102.0
match_exacto,Potosí,Sur Lipez,San Antonio de Esmoruco,San Antonio de Esmoruco,san antonio de esmoruco,san antonio de esmoruco,2646014.679335969,870.7453634913206,3038.792728940375,1525,Gobierno Autónomo Municipal de San Antonio de Esmoruco,Potosí,GAM,municipal,2254656.0
match_contiene,Tarija,Avilés,Uriondo,Uriondo,uriondo,uriondo,52648697.35360342,19668.273410058297,2676.833713663907,1607,Gobierno Autónomo Municipal de Uriondo (Concepción),Tarija,GAM,municipal,33139396.0
match_exacto,Potosí,Sur Lipez,Mojinete,Mojinete,mojinete,mojinete,2912687.2727342406,1009.3472475977048,2885.713791429637,1524,Gobierno Autónomo Municipal de Mojinete,Potosí,GAM,municipal,1237707.0
match_exacto,Tarija,Gran Chaco,Yacuiba,Yacuiba,yacuiba,yacuiba,344863755.6272038,97264.72267270045,3545.620098950816,1604,Gobierno Autónomo Municipal de Yacuiba,Tarija,GAM,municipal,194028218.0
match_exacto,Tarija,Avilés,Yunchará,Yunchará,yunchara,yunchara,23349642.250010177,11297.560957963746,2066.7861263940176,1608,Gobierno Autónomo Municipal de Yunchara,Tarija,GAM,municipal,9529971.0
match_exacto,Tarija,Gran Chaco,Caraparí,Caraparí,carapari,carapari,16910650.813091688,5463.413785072558,3095.2535316464414,1605,Gobierno Autónomo Municipal de Caraparí,Tarija,GAM,municipal,51198627.0
match_exacto,Tarija,Méndez,San Lorenzo,Villa San Lorenzo,san lorenzo,villa san lorenzo,51854252.48020553,20477.85944314854,2532.210586959316,1609,Gobierno Autónomo Municipal de San Lorenzo,Tarija,GAM,municipal,44450081.0
match_exacto,Tarija,Méndez,El Puente,Tomayapo (El Puente),el puente,tomayapo el puente,42229654.33165325,15523.939885772144,2720.292312543492,1610,Gobierno Autónomo Municipal de El Puente,Tarija,GAM,municipal,22257153.0
match_exacto,Potosí,Enrique Baldivieso,San Agustín,San Agustín,san agustin,san agustin,5592891.660568298,1996.2512000640363,2801.697331672932,1538,Gobierno Autónomo Municipal de San Agustín,Potosí,GAM,municipal,2290357.0
match_exacto,Tarija,Cercado,Tarija,Tarija,tarija,tarija,735662688.6855677,257498.1940327068,2856.962517539543,1601,Gobierno Autónomo Municipal de Tarija,Tarija,GAM,municipal,567296182.0
match_exacto,Potosí,Chárcas,Toro Toro,Toro Toro,toro toro,toro toro,24560202.63331589,13525.389362915948,1815.8591944609973,1516,Gobierno Autónomo Municipal de Toro Toro,Potosí,GAM,municipal,14595571.0
match_exacto,Potosí,Chárcas,San Pedro,San Pedro de Buena Vista,san pedro,san pedro de buena vista,53066509.73784762,26400.653711701736,2010.0452934741763,1515,Gobierno Autónomo Municipal de San Pedro de Buena Vista,Potosí,GAM,municipal,48207623.0
match_exacto,Chuquisaca,Oropeza,Poroma,Poroma,poroma,poroma,31818525.76854498,13927.070947490516,2284.653096728733,1103,Gobierno Autónomo Municipal de Poroma,Chuquisaca,GAM,municipal,15293419.0
match_exacto,Potosí,Chayanta,Ravelo,Ravelo,ravelo,ravelo,31874687.18207924,14681.346199720874,2171.101120324051,1512,Gobierno Autónomo Municipal de Ravelo,Potosí,GAM,municipal,18645113.0
match_exacto,Potosí,Chayanta,Ocurí,Ocurí,ocuri,ocuri,41590443.16221914,22490.79534602676,1849.2206488182976,1514,Gobierno Autónomo Municipal de Ocurí,Potosí,GAM,municipal,14867447.0
match_exacto,Potosí,Daniel Campos,Tahua,Tahua,tahua,tahua,7681630.462637847,3012.7545341019804,2549.703394580578,1536,Gobierno Autónomo Municipal de Tahua,Potosí,GAM,municipal,1620696.0
match_exacto,Potosí,Sur Lipez,San Pablo,San Pablo de Lipez,san pablo,san pablo de lipez,21882342.61671464,7093.902345190024,3084.669276784142,1523,Gobierno Autónomo Municipal de San Pablo de Lípez,Potosí,GAM,municipal,3842453.0
match_exacto,Cochabamba,Ayopaya,Morochata,Morochata,morochata,morochata,18932407.297259964,8274.195326993684,2288.1267058676985,1311,Gobierno Autónomo Municipal de Morochata,Cochabamba,GAM,municipal,24730065.0
match_exacto,Potosí,Antonio Quijarro,Tomave,Tomave,tomave,tomave,50518136.08979324,22964.572826644835,2199.829122498597,1531,Gobierno Autónomo Municipal de Tomave,Potosí,GAM,municipal,8885091.0
match_exacto,Potosí,Antonio Quijarro,Porco,Porco,porco,porco,12805412.2476677,4330.98367617551,2956.6983404046364,1532,Gobierno Autónomo Municipal de Porco,Potosí,GAM,municipal,29845352.0
match_exacto,Potosí,Tomás Frías,Yocalla,Yocalla,yocalla,yocalla,22035006.59346703,7573.495405318059,2909.489662856888,1503,Gobierno Autónomo Municipal de Yocalla,Potosí,GAM,municipal,13179641.0
match_exacto,Potosí,Tomás Frías,Urmiri,Belen de Urmiri,urmiri,belen de urmiri,12908746.700809116,5903.389924476974,2186.666790768153,1504,Gobierno Autónomo Municipal de Urmiri,Potosí,GAM,municipal,4488097.0
match_exacto,Oruro,Mejillones,Todos Santos,Todos Santos,todos santos,todos santos,4030985.98972724,1449.6727961766644,2780.61780586521,1429,Gobierno Autónomo Municipal de Todos Santos,Oruro,GAM,municipal,1632674.0
match_exacto,Santa Cruz,Ñuflo De Chávez,Concepción,Concepción,concepcion,concepcion,89502832.59690316,37716.03477804306,2373.0711121575414,1737,Gobierno Autónomo Municipal de Concepción,Santa Cruz,GAM,municipal,40278991.0
match_exacto,Santa Cruz,Sara,Santa Rosa,Santa Rosa del Sara,santa rosa,santa rosa del sara,58581204.92742102,23060.05893244441,2540.3753346440944,1717,Gobierno Autónomo Municipal de Santa Rosa del Sara,Santa Cruz,GAM,municipal,20610729.0
match_exacto,Beni,Iténez,Huacaraje,Huacaraje,huacaraje,huacaraje,11889430.909150528,5280.105368813017,2251.741220805089,1819,Gobierno Autónomo Municipal de Huacaraje,Beni,GAM,municipal,5701760.0
match_exacto,Potosí,José María Linares,Ckochas,Ckochas,ckochas,ckochas,38455888.050519936,16334.592242448209,2354.2606683860645,1539,Gobierno Autónomo Municipal de Ckochas,Potosí,GAM,municipal,14798435.0
match_contiene,Oruro,Sur Carangas,Santiago de Andamarca,Santiago de Andamarca,santiago de andamarca,santiago de andamarca,12133824.802918272,4819.6202512988975,2517.589388842032,1424,Gobierno Autónomo Municipal de Andamarca (Santiago de Andamarca),Oruro,GAM,municipal,7118340.0
match_exacto,Oruro,Mejillones,La Rivera,La Rivera,la rivera,la rivera,2472272.8965726835,831.7751635007869,2972.2850657951203,1428,Gobierno Autónomo Municipal de La Rivera,Oruro,GAM,municipal,2918255.0
match_exacto,Oruro,Mejillones,Carangas,Carangas,carangas,carangas,2982881.350497788,1235.4140027807823,2414.4791493245552,1430,Gobierno Autónomo Municipal de Carangas,Oruro,GAM,municipal,5366864.0
match_exacto,Pando,Nicolás Suárez,Bolpebra,Bolpebra (Mukden),bolpebra,bolpebra mukden,10836007.307000829,4184.264304249404,2589.7043109815336,1903,Gobierno Autónomo Municipal de Bolpebra,Pando,GAM,municipal,4903243.0
match_exacto,Pando,Manuripi,Filadelfia,Filadelfia,filadelfia,filadelfia,11558478.58083832,6038.864456806659,1914.015236392708,1907,Gobierno Autónomo Municipal de Filadelfia,Pando,GAM,municipal,15802755.0
match_exacto,Oruro,Cercado,Oruro,Oruro,oruro,oruro,1055718732.607112,328543.900498723,3213.326228259153,1401,Gobierno Autónomo Municipal de Oruro,Oruro,GAM,municipal,577774709.0
match_contiene,Oruro,Nor Carangas,Huayllamarca,Santiago de Hayllamarca,huayllamarca,santiago de hayllamarca,11918730.293245068,5821.412948493593,2047.3947474090935,1434,Gobierno Autónomo Municipal de Huayllamarca (Santiago de Huayllamarca),Oruro,GAM,municipal,11517896.0
match_exacto,La Paz,Gualberto Villarroel,San Pedro de Curahuara,San Pedro de Curahuara,san pedro de curahuara,san pedro de curahuara,18746080.28550776,10473.880104943017,1789.7932855523884,1271,Gobierno Autónomo Municipal de San Pedro de Curahuara,La Paz,GAM,municipal,10385954.0
match_exacto,Cochabamba,Capinota,Sicaya,Sicaya,sicaya,sicaya,9445164.025201166,2820.4956259369783,3348.7603874809947,1329,Gobierno Autónomo Municipal de Sicaya,Cochabamba,GAM,municipal,4373205.0
match_exacto,Santa Cruz,Germán Busch,Puerto Quijarro,Puerto Quijarro,puerto quijarro,puerto quijarro,67851638.09625907,11875.622848984896,5713.522478701729,1744,Gobierno Autónomo Municipal de Puerto Quijarro,Santa Cruz,GAM,municipal,45697585.0
match_exacto,Cochabamba,Capinota,Capinota,Capinota,capinota,capinota,76200314.93371661,23134.4095062428,3293.8085112202243,1327,Gobierno Autónomo Municipal de Capinota,Cochabamba,GAM,municipal,21527872.0
match_exacto,Cochabamba,Arque,Arque,Arque,arque,arque,28857900.9449502,9318.97529700446,3096.681772965578,1338,Gobierno Autónomo Municipal de Arque,Cochabamba,GAM,municipal,13660801.0
match_manual,Oruro,Litoral,Yunguyo del Litoral,Yunguyo del Litoral,yunguyo del litoral,yunguyo del litoral,2186601.424789514,530.2556530687224,4123.673952620973,1421,Gobierno Autónomo Municipal de Yunguyo de Litoral,Oruro,GAM,municipal,1303623.0
match_exacto,Oruro,Litoral,Huachacalla,Huachacalla,huachacalla,huachacalla,4158547.3707847386,1008.4568805789312,4123.673952620973,1418,Gobierno Autónomo Municipal de Huachacalla,Oruro,GAM,municipal,4567457.0
match_exacto,Oruro,Litoral,Esmeralda,Esmeralda,esmeralda,esmeralda,9137101.532269323,2861.1998042019086,3193.45105464174,1422,Gobierno Autónomo Municipal de Esmeralda,Oruro,GAM,municipal,4910318.0
match_exacto,Oruro,Abaroa,Santuario de Quillacas,Santuario de Quillacas,santuario de quillacas,santuario de quillacas,12368826.41424224,6397.135896770258,1933.494397154659,1405,Gobierno Autónomo Municipal de Santuario de Quillacas,Oruro,GAM,municipal,11289263.0
match_exacto,Oruro,Ladislao Cabrera,Pampa Aullagas,Pampa Aullagas,pampa aullagas,pampa aullagas,5797267.308034824,3134.76684019514,1849.345614385133,1427,Gobierno Autónomo Municipal de Pampa Aullagas,Oruro,GAM,municipal,5151173.0
match_exacto,Oruro,Sebastián Pagador,Santiago de Huari,Santiago de Huari,santiago de huari,santiago de huari,35342562.305715844,18121.79406874421,1950.2794354491296,1412,Gobierno Autónomo Municipal de Santiago de Huari,Oruro,GAM,municipal,17800567.0
match_exacto,Oruro,Poopó,Pazña,Pazña,pazna,pazna,14207457.267984504,6973.374171704266,2037.3863381135984,1409,Gobierno Autónomo Municipal de Pazña,Oruro,GAM,municipal,7223015.0
match_exacto,Chuquisaca,Oropeza,Sucre,Sucre,sucre,sucre,785634778.2846336,299617.24239084625,2622.1280591715235,1101,Gobierno Autónomo Municipal de Sucre,Chuquisaca,GAM,municipal,536787240.0
match_exacto,Chuquisaca,Yamparáez,Tarabuco,Tarabuco,tarabuco,tarabuco,39270010.35950403,20769.89349109957,1890.7179459698348,1117,Gobierno Autónomo Municipal de Tarabuco,Chuquisaca,GAM,municipal,15379769.0
match_exacto,Chuquisaca,Yamparáez,Yamparáez,Yamparáez,yamparaez,yamparaez,24081505.476523813,10196.065310786938,2361.8429994800795,1118,Gobierno Autónomo Municipal de Yamparáez,Chuquisaca,GAM,municipal,12312010.0
match_exacto,Chuquisaca,Oropeza,Yotala,Yotala,yotala,yotala,28293203.94944656,11158.104983676823,2535.663895512423,1102,Gobierno Autónomo Municipal de Yotala,Chuquisaca,GAM,municipal,12144616.0
match_exacto,Potosí,Cornelio Saavedra,Tacobamba,Tacobamba,tacobamba,tacobamba,15288639.550144644,6984.346852747386,2188.98629642522,1510,Gobierno Autónomo Municipal de Tacobamba,Potosí,GAM,municipal,16412622.0
match_exacto,Potosí,Cornelio Saavedra,Betanzos,Betanzos,betanzos,betanzos,73840938.18113284,35977.43890176854,2052.4234196532275,1508,Gobierno Autónomo Municipal de Betanzos,Potosí,GAM,municipal,33608920.0
match_manual,Chuquisaca,Zudáñez,Villa Ricardo Mugia - Icla,Icla (R.Mujia),villa ricardo mugia icla,icla r mujia,13148019.928053409,7452.8591760030495,1764.1578376239572,1109,Gobierno Autónomo Municipal de Icla,Chuquisaca,GAM,municipal,9947023.0
match_exacto,Oruro,Litoral,Cruz de Machacamarca,Cruz de Machacamarca,cruz de machacamarca,cruz de machacamarca,9782254.575223662,3008.4737077730883,3251.5672481859965,1420,Gobierno Autónomo Municipal de Cruz de Machacamarca,Oruro,GAM,municipal,3013700.0
match_exacto,Pando,Nicolás Suárez,Porvenir,Porvenir,porvenir,porvenir,27348228.570433497,11050.608843727729,2474.816451942032,1902,Gobierno Autónomo Municipal de Porvenir,Pando,GAM,municipal,19023658.0
match_exacto,La Paz,Inquisivi,Colquiri,Colquiri,colquiri,colquiri,35352511.46549639,16087.473648156256,2197.5179098147614,1221,Gobierno Autónomo Municipal de Colquiri,La Paz,GAM,municipal,29951096.0
match_exacto,La Paz,Pacajes,Santiago de Callapa,Santiago de Callapa,santiago de callapa,santiago de callapa,13014596.433886724,6055.321843615669,2149.282361862971,1245,Gobierno Autónomo Municipal de Santiago de Callapa,La Paz,GAM,municipal,7949954.0
match_exacto,Cochabamba,Cercado,Cochabamba,Cochabamba,cochabamba,cochabamba,3457488617.941836,755955.8434088483,4573.664782258851,1301,Gobierno Autónomo Municipal de Cochabamba,Cochabamba,GAM,municipal,1632368430.0
match_exacto,La Paz,General José Manuel Pand,Catacora,Catacora,catacora,catacora,6027916.608539705,2868.443577466866,2101.45901278734,1275,Gobierno Autónomo Municipal de Catacora,La Paz,GAM,municipal,4890386.0
match_exacto,La Paz,Loayza,Yaco,Yaco,yaco,yaco,25411201.38441112,12192.011846575017,2084.2500568558453,1253,Gobierno Autónomo Municipal de Yaco,La Paz,GAM,municipal,15412548.0
match_exacto,La Paz,Pacajes,Calacoto,Calacoto,calacoto,calacoto,28669525.119505,16437.866818776707,1744.1146978241889,1240,Gobierno Autónomo Municipal de Calacoto,La Paz,GAM,municipal,11257213.0
match_exacto,Oruro,Poopó,Antequera,Antequera (Bolivar),antequera,antequera bolivar,8411204.10699157,3535.2905118486865,2379.211575060391,1410,Gobierno Autónomo Municipal de Antequera,Oruro,GAM,municipal,10684771.0
match_exacto,Potosí,Rafael Bustillo,Llallagua,Llallagua,llallagua,llallagua,103949770.06655876,36155.133713740666,2875.104013985513,1507,Gobierno Autónomo Municipal de Llallagua,Potosí,GAM,municipal,60503562.0
match_exacto,Potosí,Alonso de Ibáñez,Caripuyo,Caripuyo,caripuyo,caripuyo,16241963.878750945,8802.241741541493,1845.2076591010064,1527,Gobierno Autónomo Municipal de Caripuyo,Potosí,GAM,municipal,8798383.0
match_exacto,La Paz,Aroma,Collana,Collana,collana,collana,7972798.291689534,3576.806248863932,2229.0271647288305,1217,Gobierno Autónomo Municipal de Collana,La Paz,GAM,municipal,8833532.0
match_exacto,Oruro,Sur Carangas,Belen de Andamarca,Belen de Andamarca,belen de andamarca,belen de andamarca,4750053.405129925,2260.2649275130807,2101.547189141365,1425,Gobierno Autónomo Municipal de Belén de Andamarca,Oruro,GAM,municipal,3363289.0
match_contiene,Cochabamba,Punata,San Benito,San Benito,san benito,san benito,50406145.51093154,17535.13562705015,2874.579734255019,1317,Gobierno Autónomo Municipal de San Benito (Villa José Quintín Mendoza),Cochabamba,GAM,municipal,25297045.0
match_exacto,Oruro,Carangas,Corque,Corque,corque,corque,20394430.945912227,8911.363150571255,2288.587122005556,1414,Gobierno Autónomo Municipal de Corque,Oruro,GAM,municipal,17924466.0
match_exacto,Cochabamba,Campero,Aiquile,Aiquile,aiquile,aiquile,41500911.48666817,16980.624580088584,2444.015606783509,1307,Gobierno Autónomo Municipal de Aiquile,Cochabamba,GAM,municipal,25748151.0
match_contiene,Potosí,Alonso de Ibáñez,Sacaca,Sacaca,sacaca,sacaca,34028036.79757314,17324.616159088866,1964.1437642889016,1526,Gobierno Autónomo Municipal de Sacaca (Villa de Sacaca),Potosí,GAM,municipal,18065632.0
match_exacto,Potosí,General Bilbao,Acasio,Acasio,acasio,acasio,14132701.851189123,7335.591033419989,1926.593479216929,1534,Gobierno Autónomo Municipal de Acasio,Potosí,GAM,municipal,4636348.0
match_exacto,Oruro,Pantaleón Dalence,Huanuni,Villa Huanuni,huanuni,villa huanuni,68864367.8405085,25591.51275465262,2690.906493129787,1406,Gobierno Autónomo Municipal de Huanuni,Oruro,GAM,municipal,30838958.0
match_exacto,La Paz,Pacajes,Corocoro,Corocoro,corocoro,corocoro,21714355.508280262,8910.76885533113,2436.8666566060697,1238,Gobierno Autónomo Municipal de Corocoro,La Paz,GAM,municipal,15484722.0
match_exacto,La Paz,General José Manuel Pand,Santiago de Machaca,Santiago de Machaca,santiago de machaca,santiago de machaca,11590507.353724334,5718.936393103377,2026.6893277046493,1274,Gobierno Autónomo Municipal de Santiago de Machaca,La Paz,GAM,municipal,11705478.0
match_exacto,Oruro,Pantaleón Dalence,Machacamarca,Machacamarca,machacamarca,machacamarca,11748802.070564335,5208.69019722027,2255.6154475907088,1407,Gobierno Autónomo Municipal de Machacamarca,Oruro,GAM,municipal,8232802.0
match_exacto,Potosí,General Bilbao,Arampampa,Arampampa,arampampa,arampampa,15564759.9745912,4827.068793707519,3224.474446040865,1533,Gobierno Autónomo Municipal de Arampampa,Potosí,GAM,municipal,3773629.0
match_exacto,Cochabamba,Esteban Arze,Sacabamba,Sacabamba,sacabamba,sacabamba,12495451.462231832,6989.558020935656,1787.7312735375406,1323,Gobierno Autónomo Municipal de Sacabamba,Cochabamba,GAM,municipal,4648017.0
match_exacto,Cochabamba,Esteban Arze,Anzaldo,Anzaldo,anzaldo,anzaldo,20298442.670352478,11016.422877747866,1842.5620453762183,1321,Gobierno Autónomo Municipal de Anzaldo,Cochabamba,GAM,municipal,7446837.0
match_exacto,Cochabamba,Germán Jordán,Toco,Toko,toco,toko,19797162.7319644,6838.797151367369,2894.831107544416,1325,Gobierno Autónomo Municipal de Toco,Cochabamba,GAM,municipal,10016954.0
match_contiene,Cochabamba,Punata,Villa Gualberto Villarroel,Cuchumuela (V. G.Villarroel),villa gualberto villarroel,cuchumuela v g villarroel,10004504.486946754,3627.19155699564,2758.1957913558244,1319,Gobierno Autónomo Municipal Villa Gualberto Villarroel,Cochabamba,GAM,municipal,4771498.0
match_exacto,Cochabamba,Punata,Tacachi,Tacachi,tacachi,tacachi,4934438.234065651,1706.493190204396,2891.5663199773016,1318,Gobierno Autónomo Municipal de Tacachi,Cochabamba,GAM,municipal,1363498.0
match_exacto,Cochabamba,Punata,Villa Rivero,Villa Rivero,villa rivero,villa rivero,26509591.658323005,9157.560725817322,2894.831107544416,1316,Gobierno Autónomo Municipal de Villa Rivero,Cochabamba,GAM,municipal,8682894.0
match_exacto,Cochabamba,Germán Jordán,Cliza,Cliza,cliza,cliza,76724120.07844546,26503.832945034177,2894.831107544416,1324,Gobierno Autónomo Municipal de Cliza,Cochabamba,GAM,municipal,36582558.0
match_exacto,Cochabamba,Arque,Tacopaya,Tacopaya,tacopaya,tacopaya,24139999.564125534,10773.660052485526,2240.6498299114555,1339,Gobierno Autónomo Municipal de Tacopaya,Cochabamba,GAM,municipal,10749066.0
match_exacto,Oruro,Cercado,El Choro,El Choro,el choro,el choro,13406947.875092614,5868.549741887114,2284.5419166169363,1403,Gobierno Autónomo Municipal de El Choro,Oruro,GAM,municipal,11860727.0
match_exacto,Oruro,Saucarí,Toledo,Toledo,toledo,toledo,30483147.232490417,11294.577036296316,2698.918882445053,1423,Gobierno Autónomo Municipal de Toledo,Oruro,GAM,municipal,13414809.0
match_exacto,Cochabamba,Capinota,Santivañez,Santivañez,santivanez,santivanez,24054837.771163154,6584.752330035002,3653.112002624902,1328,Gobierno Autónomo Municipal de Santivañez,Cochabamba,GAM,municipal,11361634.0
match_exacto,Oruro,Cercado,Paria,Soracachi,paria,soracachi,37573139.34847255,12935.798257132314,2904.5860643162187,1435,Gobierno Autónomo Municipal de Soracachi,Oruro,GAM,municipal,27060543.0
match_exacto,La Paz,Gualberto Villarroel,Chacarilla,Chacarilla,chacarilla,chacarilla,2812920.916298539,1443.3644373217055,1948.863948399733,1273,Gobierno Autónomo Municipal de Chacarilla,La Paz,GAM,municipal,2174255.0
match_exacto,Cochabamba,Germán Jordán,Tolata,Tolata,tolata,tolata,20175256.72370069,5957.533501535972,3386.511669384504,1326,Gobierno Autónomo Municipal de Tolata,Cochabamba,GAM,municipal,15289728.0
match_exacto,Cochabamba,Esteban Arze,Arbieto,Arbieto,arbieto,arbieto,58749256.54276151,15513.140901108423,3787.0639425806953,1322,Gobierno Autónomo Municipal de Arbieto,Cochabamba,GAM,municipal,35523205.0
match_exacto,La Paz,Gualberto Villarroel,Papel Pampa,Papel Pampa,papel pampa,papel pampa,16944949.66875031,8603.416011358553,1969.5606543236952,1272,Gobierno Autónomo Municipal de Papel Pampa,La Paz,GAM,municipal,7269599.0
match_exacto,Pando,Nicolás Suárez,Cobija,Cobija,cobija,cobija,196535053.75392067,75359.1567695848,2607.978408713337,1901,Gobierno Autónomo Municipal de Cobija,Pando,GAM,municipal,146104616.0
match_exacto,La Paz,Aroma,Calamarca,Calamarca,calamarca,calamarca,25215730.259936072,10605.410357588142,2377.6289091816507,1214,Gobierno Autónomo Municipal de Calamarca,La Paz,GAM,municipal,37537262.0
match_exacto,La Paz,Aroma,Colquencha,Colquencha,colquencha,colquencha,19155306.743735883,8252.087871510705,2321.267907224688,1216,Gobierno Autónomo Municipal de Colquencha,La Paz,GAM,municipal,12947346.0
match_exacto,La Paz,Larecaja,Combaya,Combaya,combaya,combaya,8613919.584857997,3977.468246741315,2165.6790326145942,1231,Gobierno Autónomo Municipal de Combaya,La Paz,GAM,municipal,3478989.0
match_exacto,La Paz,Nor Yungas,Coroico,Coroico,coroico,coroico,46335693.8418647,23549.271050039923,1967.6062899529172,1265,Gobierno Autónomo Municipal de Coroico,La Paz,GAM,municipal,27925251.0
match_exacto,La Paz,Nor Yungas,Coripata,Coripata,coripata,coripata,37922506.60355888,16958.26727425104,2236.225316553381,1266,Gobierno Autónomo Municipal de Coripata,La Paz,GAM,municipal,27291772.0
match_exacto,Cochabamba,Arani,Arani,Arani,arani,arani,31518060.551474918,11511.694287828965,2737.91674478345,1336,Gobierno Autónomo Municipal de Arani,Cochabamba,GAM,municipal,14051831.0
match_exacto,Cochabamba,Punata,Punata,Punata,punata,punata,95709409.66340286,33064.09896091356,2894.6625697117865,1315,Gobierno Autónomo Municipal de Punata,Cochabamba,GAM,municipal,62651031.0
match_exacto,La Paz,Pacajes,Nazacara de Pacajes,Nazacara de Pacajes,nazacara de pacajes,nazacara de pacajes,2111922.2189839403,1270.900573132636,1661.7525112749572,1244,Gobierno Autónomo Municipal de Nazacara de Pacajes,La Paz,GAM,municipal,3711909.0
match_exacto,La Paz,Pacajes,Caquiaviri,Caquiaviri,caquiaviri,caquiaviri,24078103.13716757,13486.32243770753,1785.3720499700942,1239,Gobierno Autónomo Municipal de Caquiaviri,La Paz,GAM,municipal,14233739.0
match_exacto,La Paz,Loayza,Luribay,Luribay,luribay,luribay,16016091.202189524,5826.631045299153,2748.773875962352,1251,Gobierno Autónomo Municipal de Luribay,La Paz,GAM,municipal,10677161.0
match_exacto,La Paz,Loayza,Malla,Malla,malla,malla,17964528.867250286,9327.43031634626,1925.9890728711816,1254,Gobierno Autónomo Municipal de Malla,La Paz,GAM,municipal,7739622.0
match_exacto,La Paz,Pacajes,Comanche,Comanche,comanche,comanche,6945588.296319369,3021.3955206639903,2298.801414385161,1241,Gobierno Autónomo Municipal de Comanche,La Paz,GAM,municipal,5349775.0
match_exacto,La Paz,Loayza,Sapahaqui,Sapahaqui,sapahaqui,sapahaqui,34654407.536086746,11100.428714854346,3121.8981199990044,1252,Gobierno Autónomo Municipal de Sapahaqui,La Paz,GAM,municipal,20042207.0
match_exacto,La Paz,Loayza,Cairoma,Cairoma,cairoma,cairoma,23654670.94485281,11778.13884117773,2008.353888829478,1255,Gobierno Autónomo Municipal de Cairoma,La Paz,GAM,municipal,15730198.0
match_exacto,La Paz,Ingavi,Viacha,Viacha,viacha,viacha,305025154.9576876,72830.41718425034,4188.156085746679,1206,Gobierno Autónomo Municipal de Viacha,La Paz,GAM,municipal,185661872.0
match_exacto,La Paz,Inquisivi,Ichoca,Ichoca,ichoca,ichoca,19536214.60476649,9038.418655319574,2161.463785843602,1222,Gobierno Autónomo Municipal de Ichoca,La Paz,GAM,municipal,9486150.0
match_exacto,La Paz,Inquisivi,Villa Libertad Licoma,Licoma (Villa Libertad),villa libertad licoma,licoma villa libertad,7118557.135051419,4971.470558218771,1431.881583464899,1223,Gobierno Autónomo Municipal de Villa Libertad Licoma,La Paz,GAM,municipal,7475587.0
match_exacto,La Paz,Inquisivi,Quime,Quime,quime,quime,26058696.699415118,13708.1639442858,1900.9618505677115,1219,Gobierno Autónomo Municipal de Quime,La Paz,GAM,municipal,12239928.0
match_exacto,Pando,Madre de Dios,Sena,Sena,sena,sena,26647391.96809131,12593.949832951042,2115.8883687443777,1910,Gobierno Autónomo Municipal de Sena,Pando,GAM,municipal,28703798.0
match_exacto,Pando,Madre de Dios,San Lorenzo,San Lorenzo,san lorenzo,san lorenzo,21885825.93187953,11025.031576367135,1985.1032425878225,1909,Gobierno Autónomo Municipal de San Lorenzo,Pando,GAM,municipal,17803025.0
match_exacto,Beni,General José Ballivián,Santa Rosa,Santa Rosa,santa rosa,santa rosa,59099220.9478341,21555.641765847504,2741.705470419822,1809,Gobierno Autónomo Municipal de Santa Rosa,Beni,GAM,municipal,16814311.0
match_exacto,La Paz,Los Andes,Laja,Laja,laja,laja,105991844.67604303,28608.2335393114,3704.941954224352,1262,Gobierno Autónomo Municipal de Laja,La Paz,GAM,municipal,52102316.0
match_exacto,La Paz,Aroma,Ayo Ayo,Ayo Ayo,ayo ayo,ayo ayo,13026509.47368035,6129.638062519749,2125.1678061274406,1213,Gobierno Autónomo Municipal de Ayo Ayo,La Paz,GAM,municipal,11357460.0
match_exacto,La Paz,Aroma,Patacamaya,Patacamaya,patacamaya,patacamaya,52097211.01352076,23068.4086608656,2258.379057672109,1215,Gobierno Autónomo Municipal de Patacamaya,La Paz,GAM,municipal,28743849.0
match_exacto,La Paz,Aroma,Umala,Umala,umala,umala,27378196.53478408,13199.515566463162,2074.1819195505614,1212,Gobierno Autónomo Municipal de Umala,La Paz,GAM,municipal,14643089.0
match_contiene,La Paz,Aroma,Sica Sica,Sica Sica,sica sica,sica sica,72044207.40857479,32634.526496675287,2207.606947075345,1211,Gobierno Autónomo Municipal de Sica Sica (Villa Aroma),La Paz,GAM,municipal,38535569.0
match_exacto,Oruro,Tomás Barrón,Eucaliptus,Eucaliptus,eucaliptus,eucaliptus,17759636.483423565,7679.059116826733,2312.7360023193173,1411,Gobierno Autónomo Municipal de Eucaliptus,Oruro,GAM,municipal,10377993.0
match_exacto,Oruro,Cercado,Caracollo,Caracollo,caracollo,caracollo,41552901.31782763,14319.560621507484,2901.827955210903,1402,Gobierno Autónomo Municipal de Caracollo,Oruro,GAM,municipal,32785074.0
match_exacto,La Paz,Murillo,Palca,Palca,palca,palca,36639569.07341456,12840.220278390272,2853.5000396432392,1202,Gobierno Autónomo Municipal de Palca,La Paz,GAM,municipal,38601942.0
match_contiene,La Paz,Murillo,Achocalla,Achocalla,achocalla,achocalla,68467095.03237857,15640.007545320348,4377.689386273003,1204,Gobierno Autónomo Municipal Ecológico Productivo de Achocalla,La Paz,GAM,municipal,110473572.0
match_contiene,La Paz,Murillo,El Alto,El Alto,el alto,el alto,4487134021.949349,1126531.9976922155,3983.1394324720254,1205,Gobierno Autónomo Municipal de El Alto de La Paz,La Paz,GAM,municipal,1490573041.0
match_exacto,La Paz,Sud Yungas,Yanacachi,Yanacachi,yanacachi,yanacachi,19369813.89576436,8371.528779249265,2313.772598354657,1258,Gobierno Autónomo Municipal de Yanacachi,La Paz,GAM,municipal,8132544.0
match_exacto,Cochabamba,Tapacarí,Tapacarí,Tapacarí,tapacari,tapacari,71228923.82498047,29556.52806129393,2409.921885184446,1330,Gobierno Autónomo Municipal de Tapacari,Cochabamba,GAM,municipal,23450715.0
match_contiene,Chuquisaca,Azurduy,Tarvita,Tarvita (Villa Arias),tarvita,tarvita villa arias,26745655.89834368,14946.981537640471,1789.3683638392815,1105,Gobierno Autónomo Municipal de Tarvita (Villa Orías),Chuquisaca,GAM,municipal,19365374.0
match_contiene,Potosí,José María Linares,Puna,Puna,puna,puna,46576730.66823048,23284.22921654519,2000.3552720196644,1528,Gobierno Autónomo Municipal de Puna (Villa Talavera),Potosí,GAM,municipal,17396501.0
match_exacto,Chuquisaca,Nor Cinti,San Lucas,San Lucas,san lucas,san lucas,80806301.6621779,44058.31768847782,1834.0759679825555,1120,Gobierno Autónomo Municipal de San Lucas,Chuquisaca,GAM,municipal,48664005.0
match_exacto,Chuquisaca,Nor Cinti,Camargo,Camargo,camargo,camargo,33345115.3876319,13718.1803722683,2430.724373258717,1119,Gobierno Autónomo Municipal de Camargo,Chuquisaca,GAM,municipal,18125225.0
match_exacto,La Paz,Ingavi,Desaguadero,Desaguadero,desaguadero,desaguadero,12203059.717218945,5063.756610367513,2409.882752309709,1209,Gobierno Autónomo Municipal de Desaguadero,La Paz,GAM,municipal,13436897.0
match_exacto,La Paz,Ingavi,Jesús de Machaca,Jesús de Machaca,jesus de machaca,jesus de machaca,32857176.989157125,18136.968640299307,1811.6134862884617,1279,Gobierno Autónomo Municipal de Jesús de Machaca,La Paz,GAM,municipal,25394213.0
match_exacto,La Paz,Ingavi,Puerto Mayor de Guaqui,Guaqui,puerto mayor de guaqui,guaqui,13406674.989299675,6423.380407259974,2087.168148121337,1207,Gobierno Autónomo Municipal de Guaqui,La Paz,GAM,municipal,8793424.0
match_exacto,La Paz,Manco Kapac,Tito Yupanqui,Tito Yupanqui,tito yupanqui,tito yupanqui,10118854.866757102,4678.582348000595,2162.80362599184,1234,Gobierno Autónomo Municipal de Tito Yupanqui,La Paz,GAM,municipal,6950684.0
match_exacto,La Paz,Los Andes,Pucarani,Pucarani,pucarani,pucarani,54386260.87692574,19024.6571254735,2858.7248915043,1261,Gobierno Autónomo Municipal de Pucarani,La Paz,GAM,municipal,65742628.0
match_exacto,La Paz,Larecaja,Quiabaya,Quiabaya,quiabaya,quiabaya,4419942.187252984,2577.838867813973,1714.5921114150665,1230,Gobierno Autónomo Municipal de Quiabaya,La Paz,GAM,municipal,4281427.0
match_exacto,La Paz,Omasuyos,Huatajata,Huatajata,huatajata,huatajata,4617159.147470896,2363.7983581577364,1953.279615216144,1286,Gobierno Autónomo Municipal de Huatajata,La Paz,GAM,municipal,6951578.0
match_exacto,La Paz,Franz Tamayo,Apolo,Apolo,apolo,apolo,37843726.49091791,19766.942015170203,1914.4957506262028,1249,Gobierno Autónomo Municipal de Apolo,La Paz,GAM,municipal,18833316.0
match_exacto,La Paz,Muñecas,Aucapata,Aucapata,aucapata,aucapata,8162674.893730904,5034.758015433506,1621.2645908123302,1237,Gobierno Autónomo Municipal de Aucapata,La Paz,GAM,municipal,6443660.0
match_exacto,La Paz,Omasuyos,Chua Cocani,Chua Cocani,chua cocani,chua cocani,13122499.883863952,6487.168704633502,2022.8393127021843,1287,Gobierno Autónomo Municipal de Chua Cocani,La Paz,GAM,municipal,7448504.0
match_exacto,La Paz,Omasuyos,Villa Ancoraimes,Ancoraimes,villa ancoraimes,ancoraimes,34727633.92563488,16210.908783510164,2142.238562279744,1225,Gobierno Autónomo Municipal de Ancoraimes,La Paz,GAM,municipal,22464885.0
match_contiene,Potosí,Nor Lipez,"Colcha ""K""","Colcha""K"" (V.Martin)",colcha k,colcha k v martin,48635921.64560965,14265.818341465643,3409.262650165843,1521,"Gobierno Autónomo Municipal de Colcha""K"" (Villa Martín)",Potosí,GAM,municipal,84434720.0
match_manual,La Paz,Camacho,Puerto Mayor de Carabuco,Puerto Carabuco,puerto mayor de carabuco,puerto carabuco,20309157.055771,9788.643535275189,2074.767252743774,1248,Gobierno Autónomo Municipal de Carabuco,La Paz,GAM,municipal,18411309.0
match_exacto,Oruro,Sabaya,Sabaya,Sabaya,sabaya,sabaya,22189374.36304032,8392.405732539864,2643.9825563968484,1431,Gobierno Autónomo Municipal de Sabaya,Oruro,GAM,municipal,17685181.0
match_exacto,La Paz,Larecaja,Tipuani,Tipuani,tipuani,tipuani,12191050.46615747,6595.304464442013,1848.4439242925653,1229,Gobierno Autónomo Municipal de Tipuani,La Paz,GAM,municipal,13374478.0
match_exacto,La Paz,Murillo,Nuestra Señora de La Paz,Nuestra Señora de La Paz,la paz,la paz,2741834974.278835,698897.5334339994,3923.0857788365065,1201,Gobierno Autónomo Municipal de La Paz,La Paz,GAM,municipal,1724178990.0
match_exacto,La Paz,Larecaja,Sorata,Sorata,sorata,sorata,60028276.07164423,30169.060552569405,1989.729708919684,1226,Gobierno Autónomo Municipal de Sorata,La Paz,GAM,municipal,38465729.0
match_exacto,La Paz,Sud Yungas,La Asunta,La Asunta,la asunta,la asunta,60211402.010847576,36235.02421869353,1661.690679367194,1260,Gobierno Autónomo Municipal de La Asunta,La Paz,GAM,municipal,58639357.0
match_exacto,La Paz,Muñecas,Chuma,Chuma,chuma,chuma,19311005.985303767,12952.336611827535,1490.928360190219,1235,Gobierno Autónomo Municipal de Chuma,La Paz,GAM,municipal,16437519.0
match_exacto,La Paz,Larecaja,Guanay,Guanay,guanay,guanay,38380085.62768979,20193.868211561865,1900.5811677881277,1227,Gobierno Autónomo Municipal de Guanay,La Paz,GAM,municipal,20610091.0
match_exacto,La Paz,Larecaja,Teoponte,Teoponte,teoponte,teoponte,24014438.01650917,12709.108528846744,1889.54543601559,1277,Gobierno Autónomo Municipal de Teoponte,La Paz,GAM,municipal,40897486.0
match_exacto,La Paz,Larecaja,Mapiri,Mapiri,mapiri,mapiri,22937849.89104809,11605.226424843417,1976.510328307324,1276,Gobierno Autónomo Municipal de Mapiri,La Paz,GAM,municipal,25040043.0
match_exacto,La Paz,Camacho,Humanata,Humanata,humanata,humanata,8951771.809032107,4823.209444282325,1855.978246941772,1284,Gobierno Autónomo Municipal de Humanata,La Paz,GAM,municipal,5501945.0
match_exacto,Chuquisaca,Hernando Siles,Huacareta,San Pablo de Huacareta,huacareta,san pablo de huacareta,24044252.63475693,12715.702274811125,1890.9103182123756,1116,Gobierno Autónomo Municipal de San Pablo de Huacareta,Chuquisaca,GAM,municipal,11701686.0
match_exacto,Chuquisaca,Hernando Siles,Monteagudo,Monteagudo,monteagudo,monteagudo,37982235.140659966,19460.08835025985,1951.8017830660456,1115,Gobierno Autónomo Municipal de Monteagudo,Chuquisaca,GAM,municipal,36974829.0
match_exacto,Potosí,Tomás Frías,Potosí,Potosí,potosi,potosi,666079120.3915318,242769.1671448284,2743.672634483151,1501,Gobierno Autónomo Municipal de Potosí,Potosí,GAM,municipal,393195227.0
match_exacto,La Paz,Manco Kapac,San Pedro de Tiquina,San Pedro de Tiquina,san pedro de tiquina,san pedro de tiquina,9639369.64706093,4520.005577884112,2132.601272490747,1233,Gobierno Autónomo Municipal de San Pedro de Tiquina,La Paz,GAM,municipal,8560323.0
match_exacto,Santa Cruz,Cordillera,Lagunillas,Lagunillas,lagunillas,lagunillas,6481788.738850536,2610.044691968149,2483.4014370699647,1718,Gobierno Autónomo Municipal de Lagunillas,Santa Cruz,GAM,municipal,9443826.0
match_exacto,La Paz,Bautista Saavedra,Curva,Curva,curva,curva,7761350.117298748,3543.033843917992,2190.594405588861,1270,Gobierno Autónomo Municipal de Curva,La Paz,GAM,municipal,9161783.0
match_exacto,La Paz,Franz Tamayo,Pelechuco,Pelechuco,pelechuco,pelechuco,22302291.0748248,10059.39320079184,2217.0612709590914,1250,Gobierno Autónomo Municipal de Pelechuco,La Paz,GAM,municipal,11659479.0
match_exacto,La Paz,Sud Yungas,Palos Blancos,Palos Blancos,palos blancos,palos blancos,75491922.28684725,39136.84217960902,1928.922163428399,1259,Gobierno Autónomo Municipal de Palos Blancos,La Paz,GAM,municipal,47454535.0
match_contiene,Beni,General José Ballivián,Puerto Menor de Rurrenabaque,Rurrenabaque,puerto menor de rurrenabaque,rurrenabaque,30188707.17887194,12600.494199202016,2395.835171352548,1807,Gobierno Autónomo Municipal de Puerto Rurrenabaque,Beni,GAM,municipal,27712885.0
match_exacto,La Paz,Abel Iturralde,San Buenaventura,San Buenaventura,san buenaventura,san buenaventura,13666580.35652582,5096.200567469594,2681.719484072751,1268,Gobierno Autónomo Municipal de San Buenaventura,La Paz,GAM,municipal,10276537.0
match_exacto,Beni,Yacuma,Santa Ana,Santa Ana de Yacuma,santa ana,santa ana de yacuma,42582528.1360566,15905.336769265885,2677.247816490088,1810,Gobierno Autónomo Municipal de Santa Ana,Beni,GAM,municipal,40087242.0
match_exacto,Beni,General José Ballivián,San Borja,San Borja,san borja,san borja,91951214.2270428,47632.54814702444,1930.428200969276,1808,Gobierno Autónomo Municipal de San Borja,Beni,GAM,municipal,60852061.0
match_exacto,Beni,General José Ballivián,Reyes,Reyes,reyes,reyes,33473672.09213074,14891.757235530586,2247.7986689351296,1806,Gobierno Autónomo Municipal de Reyes,Beni,GAM,municipal,13754130.0
match_exacto,Pando,Madre de Dios,Puerto Gonzalo Moreno,Puerto Gonzalo Moreno,puerto gonzalo moreno,puerto gonzalo moreno,23031960.42002866,9534.545534089892,2415.6327470124297,1908,Gobierno Autónomo Municipal de Puerto Gonzalo Moreno,Pando,GAM,municipal,23407860.0
match_exacto,Beni,Mamoré,Puerto Siles,Puerto Siles,puerto siles,puerto siles,3089194.004124635,1254.82072207229,2461.8608457652385,1816,Gobierno Autónomo Municipal de Puerto Síles,Beni,GAM,municipal,1357064.0
match_exacto,La Paz,Camacho,Mocomoco,Mocomoco,mocomoco,mocomoco,38946323.72355628,21124.44548581234,1843.6613519494997,1247,Gobierno Autónomo Municipal de Mocomoco,La Paz,GAM,municipal,18856701.0
match_exacto,Beni,Yacuma,Exaltación,Exaltación,exaltacion,exaltacion,29065326.145503964,9497.099457047154,3060.442430550367,1820,Gobierno Autónomo Municipal de Exaltación,Beni,GAM,municipal,12319645.0
match_exacto,Beni,Vaca Diez,Riberalta,Riberalta,riberalta,riberalta,256687160.01309088,105432.42897185904,2434.6129792912507,1803,Gobierno Autónomo Municipal de Riberalta,Beni,GAM,municipal,161898609.0
match_exacto,Pando,Nicolás Suárez,Bella Flor,Bella Flor,bella flor,bella flor,22328906.48732808,9502.15286822543,2349.878685070882,1904,Gobierno Autónomo Municipal de Bella Flor,Pando,GAM,municipal,7706692.0
match_exacto,Pando,Manuripi,San Pedro,San Pedro (Conquista),san pedro,san pedro conquista,3951340.244515072,1792.4486535476178,2204.4370625036154,1906,Gobierno Autónomo Municipal de San Pedro,Pando,GAM,municipal,6312128.0
match_exacto,Pando,Manuripi,Puerto Rico,Puerto Rico,puerto rico,puerto rico,23070375.64731833,8742.520309573943,2638.8701233045963,1905,Gobierno Autónomo Municipal de Puerto Rico,Pando,GAM,municipal,14377762.0
match_exacto,Pando,Abuná,Santa Rosa,Santa Rosa del Abuna,santa rosa,santa rosa del abuna,12460845.174200376,5168.354297273711,2410.988964276971,1911,Gobierno Autónomo Municipal de Santa Rosa del Abuná,Pando,GAM,municipal,5683428.0
match_contiene,Pando,Abuná,Ingavi,Ingavi,ingavi,ingavi,3233372.302933252,1547.7033184722352,2089.1421917509165,1912,Gobierno Autónomo Municipal de Ingavi (Humaita),Pando,GAM,municipal,5060458.0
match_exacto,Beni,Vaca Diez,Guayaramerín,Guayaramerín,guayaramerin,guayaramerin,220763271.08055344,78111.08023882212,2826.2734352869893,1805,Gobierno Autónomo Municipal de Puerto Guayaramerín,Beni,GAM,municipal,57405738.0
match_exacto,Pando,Federico Román,Villa Nueva,Villa Nueva (Loma Alta),villa nueva,villa nueva loma alta,7587314.073342424,2965.393199802695,2558.6199070825587,1914,Gobierno Autónomo Municipal de Villa Nueva (Loma Alta),Pando,GAM,municipal,4971902.0
match_exacto,Pando,Federico Román,Santos Mercado,Santos Mercado,santos mercado,santos mercado,7395624.53863937,3414.3903501211,2166.016120089218,1915,Gobierno Autónomo Municipal de Santos Mercado,Pando,GAM,municipal,4257745.0
match_exacto,Pando,Federico Román,Nueva Esperanza,Nuevo Manoa (Nueva Esperanza),nueva esperanza,nuevo manoa nueva esperanza,10343100.341952557,2505.4428872949047,4128.252292000905,1913,Gobierno Autónomo Municipal de Nueva Esperanza,Pando,GAM,municipal,2799727.0
match_exacto,La Paz,Omasuyos,Santiago de Huata,Santiago de Huata,santiago de huata,santiago de huata,12502716.033601338,5780.791137645573,2162.80362599184,1282,Gobierno Autónomo Municipal de Santiago de Huata,La Paz,GAM,municipal,10133057.0
match_exacto,La Paz,Los Andes,Puerto Pérez,Puerto Pérez,puerto perez,puerto perez,9562071.475264236,3967.896110735597,2409.859333109291,1264,Gobierno Autónomo Municipal de Puerto Pérez,La Paz,GAM,municipal,7948356.0
match_exacto,Potosí,Rafael Bustillo,Chuquihuta Ayllu Jucumani,Chuquihuta,chuquihuta ayllu jucumani,chuquihuta,25654435.002721157,13947.988252899737,1839.2928455031995,1540,Gobierno Autónomo Municipal de Chuquihuta Ayllu Jucumani,Potosí,GAM,municipal,8518166.0
match_exacto,La Paz,Caranavi,Alto Beni,Alto Beni,alto beni,alto beni,19878912.710731,10141.772228697504,1960.1024616270668,1285,Gobierno Autónomo Municipal de Alto Beni,La Paz,GAM,municipal,10227654.0
match_exacto,La Paz,Caranavi,Caranavi,Caranavi,caranavi,caranavi,102744526.1716344,52271.5658817149,1965.5911285331404,1210,Gobierno Autónomo Municipal de Caranavi,La Paz,GAM,municipal,87897286.0
match_exacto,Chuquisaca,Tomina,Alcalá,Villa Alcala,alcala,villa alcala,10803181.876584817,4962.455897754011,2176.9829494050105,1113,Gobierno Autónomo Municipal de Villa Alcalá,Chuquisaca,GAM,municipal,8101707.0
match_exacto,Chuquisaca,Tomina,Sopachuy,Sopachuy,sopachuy,sopachuy,13737027.888893018,7008.849521790771,1959.9547466647832,1112,Gobierno Autónomo Municipal de Sopachuy,Chuquisaca,GAM,municipal,9564373.0
match_exacto,La Paz,Omasuyos,Huarina,Huarina,huarina,huarina,14551096.288606483,7430.653040051498,1958.252687909869,1281,Gobierno Autónomo Municipal de Huarina,La Paz,GAM,municipal,10914396.0
match_exacto,Cochabamba,Bolivar,Bolivar,Bolivar,bolivar,bolivar,19414215.634757478,9387.82978160818,2068.0195621774183,1340,Gobierno Autónomo Municipal de Bolivar,Cochabamba,GAM,municipal,7855912.0
match_exacto,Chuquisaca,Tomina,Tomina,Tomina,tomina,tomina,18643250.484731477,8575.642181091936,2173.9771892345475,1111,Gobierno Autónomo Municipal de Tomina,Chuquisaca,GAM,municipal,9760722.0
match_contiene,Chuquisaca,Zudáñez,Zudañez,Zudañez,zudanez,zudanez,19820823.17492391,10140.785337325604,1954.5649094817727,1106,Gobierno Autónomo Municipal de Villa Zudañez (Tacopaya),Chuquisaca,GAM,municipal,15894480.0
match_exacto,Chuquisaca,Tomina,Padilla,Padilla,padilla,padilla,26559594.65585865,11664.659400133403,2276.9284335515963,1110,Gobierno Autónomo Municipal de Padilla,Chuquisaca,GAM,municipal,14200568.0
match_exacto,Chuquisaca,Zudáñez,Mojocoya,Villa Mojocoya,mojocoya,villa mojocoya,22985295.883161616,12207.483038574468,1882.8857521677728,1108,Gobierno Autónomo Municipal de Villa Mojocoya,Chuquisaca,GAM,municipal,10515624.0
match_exacto,Santa Cruz,Vallegrande,Pucará,Pucará,pucara,pucara,5109570.318502388,2339.7598396547955,2183.801188440026,1729,Gobierno Autónomo Municipal de Pucara,Santa Cruz,GAM,municipal,2055912.0
match_exacto,Chuquisaca,Belisario Boeto,Villa Serrano,Villa Serrano,villa serrano,villa serrano,26857564.28868817,12178.43308110099,2205.338249168268,1122,Gobierno Autónomo Municipal de Villa Serrano,Chuquisaca,GAM,municipal,12924183.0
match_exacto,La Paz,Los Andes,Batallas,Batallas,batallas,batallas,46316712.36694524,19697.94043869493,2351.3479752411063,1263,Gobierno Autónomo Municipal de Batallas,La Paz,GAM,municipal,30560704.0
match_exacto,Chuquisaca,Azurduy,Azurduy,Villa Azurduy,azurduy,villa azurduy,22683668.87309517,13508.203438124045,1679.251351003148,1104,Gobierno Autónomo Municipal de Villa Azurduy,Chuquisaca,GAM,municipal,16184792.0
match_exacto,Potosí,José María Linares,"Caiza ""D""","Caiza ""D""",caiza d,caiza d,23189017.862373117,10138.684367121665,2287.182145404571,1529,"Gobierno Autónomo Municipal de Caiza ""D""",Potosí,GAM,municipal,14303070.0
match_exacto,La Paz,Manco Kapac,Copacabana,Copacabana,copacabana,copacabana,29860512.75978817,12920.82444037438,2311.0377280943044,1232,Gobierno Autónomo Municipal de Copacabana,La Paz,GAM,municipal,19251842.0
match_exacto,Potosí,Cornelio Saavedra,Chaquí,Chaquí,chaqui,chaqui,29436666.646064326,13727.39502357072,2144.373830251107,1509,Gobierno Autónomo Municipal de Chaqui,Potosí,GAM,municipal,9515621.0
match_exacto,Chuquisaca,Tomina,El Villar,El Villar,el villar,el villar,11916521.06947702,6587.83208538396,1808.8683674733472,1114,Gobierno Autónomo Municipal de El Villar,Chuquisaca,GAM,municipal,8056284.0
match_exacto,Potosí,Nor Chichas,Vitichi,Vitichi,vitichi,vitichi,24662939.87210551,11341.979473093515,2174.4828520112555,1518,Gobierno Autónomo Municipal de Vitichi,Potosí,GAM,municipal,10592641.0
match_exacto,Chuquisaca,Luis Calvo,Villa Vaca Guzmán,Villa Vaca Guzman (Muyupampa),villa vaca guzman,villa vaca guzman muyupampa,13933784.82741738,6546.583981634278,2128.405419758928,1126,Gobierno Autónomo Municipal de Villa Vaca Guzmán,Chuquisaca,GAM,municipal,16368235.0
match_exacto,Potosí,Nor Chichas,Cotagaita,Cotagaita,cotagaita,cotagaita,84732536.2515115,32216.05745139842,2630.133633804824,1517,Gobierno Autónomo Municipal de Cotagaita,Potosí,GAM,municipal,41484146.0
match_contiene,Chuquisaca,Sur Cinti,Villa Abecia,Villa Abecia,villa abecia,villa abecia,20307961.54075644,4658.6290600631655,4359.214111904648,1123,Gobierno Autónomo Municipal de Camataqui (Villa Abecia),Chuquisaca,GAM,municipal,6082776.0
match_exacto,Potosí,Sur Chichas,Tupiza,Tupiza,tupiza,tupiza,134912846.54972956,56434.70430695952,2390.60075190457,1519,Gobierno Autónomo Municipal de Tupiza,Potosí,GAM,municipal,64026962.0
match_exacto,Chuquisaca,Sur Cinti,Las Carreras,Las Carreras,las carreras,las carreras,52580690.58835822,10076.265107029078,5218.27185270052,1125,Gobierno Autónomo Municipal de Las Carreras,Chuquisaca,GAM,municipal,14015349.0
match_exacto,La Paz,Larecaja,Tacacoma,Tacacoma,tacacoma,tacacoma,13833334.86407792,8070.212126873681,1714.1228317918844,1228,Gobierno Autónomo Municipal de Tacacoma,La Paz,GAM,municipal,10632316.0
match_exacto,Santa Cruz,Ichilo,Yapacaní,Yapacaní,yapacani,yapacani,138652030.868469,55528.99429744534,2496.9303446370504,1712,Gobierno Autónomo Municipal de Yapacaní,Santa Cruz,GAM,municipal,82374547.0
match_exacto,Santa Cruz,Cordillera,Boyuibe,Boyuibe,boyuibe,boyuibe,16741173.988908134,7994.4351672803905,2094.103415514129,1724,Gobierno Autónomo Municipal de Boyuibe,Santa Cruz,GAM,municipal,5737583.0
match_exacto,Cochabamba,Ayopaya,Cocapata,Cocapata,cocapata,cocapata,60703091.09623661,32259.213532844027,1881.7287977102435,1346,Gobierno Autónomo Municipal de Cocapata,Cochabamba,GAM,municipal,26506372.0
match_exacto,Santa Cruz,Vallegrande,Vallegrande,Vallegrande,vallegrande,vallegrande,34547180.57337556,15610.145010353644,2213.123616113858,1725,Gobierno Autónomo Municipal de Vallegrande,Santa Cruz,GAM,municipal,31403432.0
match_manual,Tarija,Gran Chaco,Villa Montes,Villa Montes,villa montes,villa montes,188134856.50731543,72263.35343899866,2603.461471880489,1606,Gobierno Autónomo Municipal de Villamontes,Tarija,GAM,municipal,93009878.0
match_exacto,Chuquisaca,Zudáñez,Presto,Presto,presto,presto,25953227.765402608,12546.692289774392,2068.5314635917707,1107,Gobierno Autónomo Municipal de Presto,Chuquisaca,GAM,municipal,14381363.0
match_exacto,Santa Cruz,Vallegrande,Trigal,Trigal,trigal,trigal,6229377.430279347,2857.5026833606435,2180.007552242477,1726,Gobierno Autónomo Municipal de Trigal,Santa Cruz,GAM,municipal,2451369.0
match_exacto,Santa Cruz,Florida,Quirusillas,Quirusillas,quirusillas,quirusillas,6711792.200211518,3266.758982916721,2054.5722030031443,1733,Gobierno Autónomo Municipal de Quirusillas,Santa Cruz,GAM,municipal,3096414.0
match_exacto,Santa Cruz,Andrés Ibáñez,La Guardia,La Guardia,la guardia,la guardia,264235225.395966,79268.39244594339,3333.4248020250902,1704,Gobierno Autónomo Municipal de La Guardia,Santa Cruz,GAM,municipal,257239659.0
match_manual,Santa Cruz,Vallegrande,Moromoro,Moromoro,moromoro,moromoro,9628988.788585884,3734.08871383177,2578.6716723998256,1727,Gobierno Autónomo Municipal de Moro Moro,Santa Cruz,GAM,municipal,4354001.0
match_exacto,Santa Cruz,Andrés Ibáñez,El Torno,El Torno,el torno,el torno,55581893.50989151,20509.349604239447,2710.0758718551606,1705,Gobierno Autónomo Municipal de El Torno,Santa Cruz,GAM,municipal,91566756.0
match_exacto,Santa Cruz,Florida,Samaipata,Samaipata,samaipata,samaipata,26380039.744419858,12437.998575869828,2120.9232002645585,1730,Gobierno Autónomo Municipal de Samaipata,Santa Cruz,GAM,municipal,19597083.0
match_exacto,Santa Cruz,Ñuflo De Chávez,Cuatro Cañadas,Cuatro Cañadas,cuatro canadas,cuatro canadas,79323344.7279125,27055.30182255014,2931.896500293256,1755,Gobierno Autónomo Municipal de Cuatro Cañadas,Santa Cruz,GAM,municipal,54863501.0
match_exacto,Santa Cruz,Ñuflo De Chávez,San Ramón,San Ramón,san ramon,san ramon,16109017.60762941,6942.021922547511,2320.508028836344,1750,Gobierno Autónomo Municipal de San Ramón,Santa Cruz,GAM,municipal,20231199.0
match_exacto,Santa Cruz,Andrés Ibáñez,Cotoca,Cotoca,cotoca,cotoca,157950878.80624047,49468.11096977952,3192.983837663297,1702,Gobierno Autónomo Municipal de Cotoca,Santa Cruz,GAM,municipal,175825894.0
match_exacto,Santa Cruz,Manuel María Caballero,Saipina,Saipina,saipina,saipina,12361003.218315804,6632.1736634827685,1863.7936588386383,1742,Gobierno Autónomo Municipal de Saipina,Santa Cruz,GAM,municipal,7443749.0
match_exacto,Cochabamba,Campero,Omereque,Omereque,omereque,omereque,16828847.39560489,7621.33919721289,2208.1220846015053,1309,Gobierno Autónomo Municipal de Omereque,Cochabamba,GAM,municipal,8441040.0
match_exacto,Santa Cruz,Cordillera,Cuevo,Cuevo,cuevo,cuevo,7935222.122510651,3487.307189129713,2275.458309851663,1721,Gobierno Autónomo Municipal de Cuevo,Santa Cruz,GAM,municipal,4926870.0
match_manual,Chuquisaca,Luis Calvo,Huacaya,Huacaya,huacaya,huacaya,4840260.263830605,2201.472835331957,2198.6463726229667,3101,Autonomía del Territorio Indígena Originario Campesino Guaraní Chaqueño de,Chuquisaca,GAIOC,indigena_originario_campesino,2840267.0
match_exacto,Chuquisaca,Luis Calvo,Macharetí,Macharetí,machareti,machareti,39816102.806199744,15630.44725607344,2547.342513870076,1128,Gobierno Autónomo Municipal de Machareti,Chuquisaca,GAM,municipal,9269406.0
match_exacto,Santa Cruz,Andrés Ibáñez,Porongo,Porongo (Ayacucho),porongo,porongo ayacucho,57524404.84967665,16226.292101753716,3545.13554230048,1703,Gobierno Autónomo Municipal de Porongo (Ayacucho),Santa Cruz,GAM,municipal,159088092.0
match_exacto,Santa Cruz,Ñuflo De Chávez,San Javier,San Javier,san javier,san javier,33953789.209359296,15170.613311235547,2238.1289742724307,1738,Gobierno Autónomo Municipal de San Javier,Santa Cruz,GAM,municipal,19413631.0
match_exacto,Cochabamba,Chapare,Villa Tunari,Villa Tunari,villa tunari,villa tunari,168115096.14022857,80847.47823428582,2079.41051238546,1314,Gobierno Autónomo Municipal de Villa Tunari,Cochabamba,GAM,municipal,106261435.0
match_exacto,Cochabamba,Carrasco,Chimoré,Chimoré,chimore,chimore,40203577.6942099,18610.5860829124,2160.2531760739903,1334,Gobierno Autónomo Municipal de Chimoré,Cochabamba,GAM,municipal,37932967.0
match_exacto,Cochabamba,Tiraque,Tiraque,Tiraque,tiraque,tiraque,65236557.94037413,29374.635593972624,2220.8465440081923,1341,Gobierno Autónomo Municipal de Tiraque,Cochabamba,GAM,municipal,18867960.0
match_exacto,Cochabamba,Tiraque,Shinahota,Shinahota,shinahota,shinahota,38046227.107057765,15371.306326088634,2475.145983037537,1347,Gobierno Autónomo Municipal de Shinahota,Cochabamba,GAM,municipal,30585034.0
match_exacto,Chuquisaca,Sur Cinti,Culpina,Culpina,culpina,culpina,29962611.304569345,14560.966583193822,2057.7350503057955,1124,Gobierno Autónomo Municipal de Culpina,Chuquisaca,GAM,municipal,21907961.0
match_exacto,Chuquisaca,Nor Cinti,Incahuasi,Incahuasi,incahuasi,incahuasi,26781348.98779788,13396.940206823156,1999.064605375931,1121,Gobierno Autónomo Municipal de Incahuasi,Chuquisaca,GAM,municipal,20133393.0
match_exacto,Santa Cruz,Ichilo,San Juan,San Juan,san juan,san juan,34698142.236725256,15470.149601609535,2242.909288551108,1752,Gobierno Autónomo Municipal de San Juan,Santa Cruz,GAM,municipal,18896749.0
match_exacto,Potosí,Tomás Frías,Tinguipaya,Tinguipaya,tinguipaya,tinguipaya,32471023.12466852,16116.1367428322,2014.8143219937808,1502,Gobierno Autónomo Municipal de Tinguipaya,Potosí,GAM,municipal,39168376.0
match_exacto,Santa Cruz,Obispo Santistéban,Montero,Montero,montero,montero,392389397.3406969,151263.48491344185,2594.078786200355,1734,Gobierno Autónomo Municipal de Montero,Santa Cruz,GAM,municipal,216889857.0
match_exacto,Beni,Iténez,Baures,Baures,baures,baures,16268306.84379786,7160.219937121786,2272.040103049862,1818,Gobierno Autónomo Municipal de Baures,Beni,GAM,municipal,11125645.0
match_exacto,Santa Cruz,Guarayos,Ascención de Guarayos,Ascención de Guarayos,ascencion de guarayos,ascencion de guarayos,63759128.78687849,25444.28920298221,2505.8325771350515,1745,Gobierno Autónomo Municipal de Ascención de Guarayos,Santa Cruz,GAM,municipal,41847791.0
match_exacto,Beni,Marbán,San Andrés,San Andrés,san andres,san andres,34389401.97126988,11684.671800024007,2943.120916002041,1813,Gobierno Autónomo Municipal de San Andrés,Beni,GAM,municipal,18999033.0
match_exacto,Beni,Marbán,Loreto,Loreto,loreto,loreto,30944258.81186177,15173.911534340685,2039.3066574713175,1812,Gobierno Autónomo Municipal de Loreto,Beni,GAM,municipal,4921799.0
match_exacto,Cochabamba,Arani,Vacas,Vacas,vacas,vacas,27754077.780727506,12912.68423536605,2149.365482407828,1337,Gobierno Autónomo Municipal de Vacas,Cochabamba,GAM,municipal,9168031.0
match_exacto,Cochabamba,Carrasco,Pocona,Pocona,pocona,pocona,42878068.46877317,20934.54167965617,2048.1971435009414,1333,Gobierno Autónomo Municipal de Pocona,Cochabamba,GAM,municipal,11603755.0
match_exacto,Santa Cruz,Warnes,Okinawa Uno,Okinawa Uno,okinawa uno,okinawa uno,186291507.38513097,57561.820509982965,3236.372750803154,1748,Gobierno Autónomo Municipal de Okinawa Uno,Santa Cruz,GAM,municipal,13560292.0
match_exacto,Santa Cruz,Warnes,Warnes,Warnes,warnes,warnes,358678003.8381873,91844.03345089503,3905.2945560144262,1706,Gobierno Autónomo Municipal de Warnes,Santa Cruz,GAM,municipal,359415375.0
match_manual,Santa Cruz,Obispo Santistéban,General Saavedra,General Saavedra,general saavedra,general saavedra,51038647.73824258,20024.740620940385,2548.779467578729,1735,Gobierno Autónomo Municipal de General Agustín Saavedra,Santa Cruz,GAM,municipal,28924415.0
match_exacto,Santa Cruz,Obispo Santistéban,Fernández Alonso,Fernández Alonso,fernandez alonso,fernandez alonso,52177374.567198254,22856.22193309168,2282.852114401936,1753,Gobierno Autónomo Municipal de Fernández Alonso,Santa Cruz,GAM,municipal,19507502.0
match_exacto,Santa Cruz,Obispo Santistéban,Mineros,Mineros,mineros,mineros,83772316.20471726,33042.095519822644,2535.3209258311267,1736,Gobierno Autónomo Municipal de Mineros,Santa Cruz,GAM,municipal,33974300.0
match_exacto,Santa Cruz,Florida,Pampa Grande,Pampa Grande,pampa grande,pampa grande,24148498.60091524,11443.299705411257,2110.274066272686,1731,Gobierno Autónomo Municipal de Pampa Grande,Santa Cruz,GAM,municipal,11020084.0
match_exacto,Santa Cruz,Florida,Mairana,Mairana,mairana,mairana,24971704.235502243,11542.422181428525,2163.4717430177798,1732,Gobierno Autónomo Municipal de Mairana,Santa Cruz,GAM,municipal,15445949.0
match_exacto,Cochabamba,Carrasco,Puerto Villarroel,Puerto Villarroel,puerto villarroel,puerto villarroel,65015112.50341262,26684.099516897924,2436.4739181939144,1335,Gobierno Autónomo Municipal de Puerto Villarroel,Cochabamba,GAM,municipal,89805237.0
match_exacto,Santa Cruz,Sara,Colpa Bélgica,Colpa Bélgica,colpa belgica,colpa belgica,24520217.88928261,6738.683397463671,3638.7253181402784,1756,Gobierno Autónomo Municipal de Colpa Bélgica,Santa Cruz,GAM,municipal,26049039.0
match_exacto,Santa Cruz,Germán Busch,Puerto Suarez,Puerto Suarez,puerto suarez,puerto suarez,82191200.90314898,22602.39513299204,3636.393418464618,1743,Gobierno Autónomo Municipal de Puerto Suárez,Santa Cruz,GAM,municipal,25197005.0
match_exacto,Santa Cruz,Germán Busch,El Carmen Rivero Tórrez,El Carmen Rivero Tórrez,el carmen rivero torrez,el carmen rivero torrez,64132683.32058809,19237.680058524016,3333.701523545796,1751,Gobierno Autónomo Municipal de El Carmen Rivero Tórrez,Santa Cruz,GAM,municipal,20922082.0
match_exacto,Santa Cruz,Angel Sandoval,San Matías,San Matías,san matias,san matias,61607369.43730358,16176.992217288667,3808.3327611088657,1740,Gobierno Autónomo Municipal de San Matías,Santa Cruz,GAM,municipal,15400060.0
match_exacto,Cochabamba,Ayopaya,Ayopaya,Independencia,ayopaya,independencia,42888277.12580607,21466.38424663252,1997.927393502893,1310,Gobierno Autónomo Municipal de Independencia,Cochabamba,GAM,municipal,25066704.0
match_contiene,Santa Cruz,Velasco,San Ignacio,San Ignacio de Velasco,san ignacio,san ignacio de velasco,203894863.5182864,69650.4688874227,2927.401161474524,1707,Gobierno Autónomo Municipal de San Ignacio (San Ignacio de Velasco),Santa Cruz,GAM,municipal,77924456.0
match_exacto,Santa Cruz,Guarayos,Urubicha,Urubicha,urubicha,urubicha,31058606.18234334,14210.702245785324,2185.578562210382,1746,Gobierno Autónomo Municipal de Urubicha,Santa Cruz,GAM,municipal,6477432.0
match_exacto,Beni,Cercado,Trinidad,Trinidad,trinidad,trinidad,297060697.2927296,123602.2918137758,2403.359136255283,1801,Gobierno Autónomo Municipal de Trinidad,Beni,GAM,municipal,233143669.0
match_exacto,Beni,Moxos,San Ignacio,San Ignacio,san ignacio,san ignacio,59537014.15084471,24767.24114682577,2403.8613666292463,1811,Gobierno Autónomo Municipal de San Ignacio,Beni,GAM,municipal,30289005.0
match_exacto,Beni,Cercado,San Javier,San Javier,san javier,san javier,30333248.57019755,12329.518783322656,2460.2135008892137,1802,Gobierno Autónomo Municipal de San Javier,Beni,GAM,municipal,10934259.0
match_exacto,Santa Cruz,Obispo Santistéban,San Pedro,San Pedro,san pedro,san pedro,69232655.4911809,27687.701723101283,2500.484012127901,1754,Gobierno Autónomo Municipal de San Pedro,Santa Cruz,GAM,municipal,20019625.0
match_exacto,Santa Cruz,Ñuflo De Chávez,San Antonio de Lomerio,San Antonio de Lomerio,san antonio de lomerio,san antonio de lomerio,26037720.66928889,12383.121218321869,2102.678332080276,1749,Gobierno Autónomo Municipal de San Antonio de Lomerio,Santa Cruz,GAM,municipal,6095105.0
match_exacto,Cochabamba,Carrasco,Pojo,Pojo,pojo,pojo,37263108.58679698,16745.833020830647,2225.2167772391062,1332,Gobierno Autónomo Municipal de Pojo,Cochabamba,GAM,municipal,14766564.0
match_exacto,Cochabamba,Carrasco,Entre Ríos,Entre Rios (Bulo Bulo),entre rios,entre rios bulo bulo,115400547.21378914,43313.91611822575,2664.283388710506,1345,Gobierno Autónomo Municipal de Entre Rios,Cochabamba,GAM,municipal,59456897.0
match_exacto,Cochabamba,Chapare,Colomi,Colomi,colomi,colomi,46472415.3837178,19694.610088639303,2359.651456645241,1313,Gobierno Autónomo Municipal de Colomi,Cochabamba,GAM,municipal,20489492.0
match_exacto,Cochabamba,Mizque,Alalay,Alalay,alalay,alalay,10095905.558005195,4810.6226108963365,2098.6692107456925,1344,Gobierno Autónomo Municipal de Alalay,Cochabamba,GAM,municipal,3528141.0
match_exacto,Cochabamba,Mizque,Vila Vila,Vila Vila,vila vila,vila vila,14784755.666898742,7150.084911537971,2067.7734390315886,1343,Gobierno Autónomo Municipal de Vila Vila,Cochabamba,GAM,municipal,5177409.0
match_exacto,La Paz,Abel Iturralde,Ixiamas,Ixiamas,ixiamas,ixiamas,36642270.93526375,15857.659021669106,2310.6986274072974,1267,Gobierno Autónomo Municipal de Ixiamas,La Paz,GAM,municipal,23227708.0
match_exacto,La Paz,Muñecas,Ayata,Ayata,ayata,ayata,14629642.176582463,8503.715893513097,1720.3822846130615,1236,Gobierno Autónomo Municipal de Ayata,La Paz,GAM,municipal,9509993.0
match_exacto,Potosí,Antonio Quijarro,Uyuni,Uyuni (Thola Pampa),uyuni,uyuni thola pampa,99456557.17480418,40108.76131382449,2479.671620786852,1530,Gobierno Autónomo Municipal de Uyuni,Potosí,GAM,municipal,61108753.0
match_exacto,La Paz,Pacajes,Waldo Ballivian,Waldo Ballivian,waldo ballivian,waldo ballivian,6196439.173677234,3046.4710719720288,2033.9727597236567,1243,Gobierno Autónomo Municipal de Waldo Ballivián,La Paz,GAM,municipal,6363941.0
match_exacto,Oruro,Sajama,Curahuara de Carangas,Curahuara de Carangas,curahuara de carangas,curahuara de carangas,10361359.322033938,4365.946918839155,2373.221551852692,1416,Gobierno Autónomo Municipal de Curahuara de Carangas,Oruro,GAM,municipal,7523030.0
match_exacto,Beni,Mamoré,San Joaquín,San Joaquín,san joaquin,san joaquin,20467841.502740253,6330.806033971355,3233.054589401256,1814,Gobierno Autónomo Municipal de San Joaquín,Beni,GAM,municipal,9478989.0
match_exacto,Oruro,Carangas,Choquecota,Choquecota,choquecota,choquecota,5232633.769691568,2592.2223120989484,2018.5898968883776,1415,Gobierno Autónomo Municipal de Choquecota,Oruro,GAM,municipal,3413990.0
match_exacto,La Paz,Inquisivi,Cajuata,Cajuata,cajuata,cajuata,21459822.368295245,10833.410075325512,1980.892647752046,1220,Gobierno Autónomo Municipal de Cajuata,La Paz,GAM,municipal,16790899.0
match_exacto,La Paz,Inquisivi,Inquisivi,Inquisivi,inquisivi,inquisivi,29881104.43568495,17200.319032281514,1737.241290676305,1218,Gobierno Autónomo Municipal de Inquisivi,La Paz,GAM,municipal,23286166.0
match_contiene,La Paz,Sud Yungas,Irupana,Irupana,irupana,irupana,40113355.20420665,20862.666862314876,1922.7338225231945,1257,Gobierno Autónomo Municipal de Irupana (Villa de Lanza),La Paz,GAM,municipal,26478359.0
match_contiene,La Paz,Sud Yungas,Chulumani,Chulumani,chulumani,chulumani,34751310.22013559,16094.117927961994,2159.255348797868,1256,Gobierno Autónomo Municipal de Chulumani (Villa de la Libertad),La Paz,GAM,municipal,29064222.0
match_contiene,Oruro,Poopó,Poopó,Poopó,poopo,poopo,10871563.4666096,3923.8880202486994,2770.6100200893475,1408,Gobierno Autónomo Municipal de Poopó (Villa Poopó),Oruro,GAM,municipal,15738980.0
match_exacto,Beni,Mamoré,San Ramón,San Ramón,san ramon,san ramon,20649007.762152005,8544.736496711384,2416.576306372841,1815,Gobierno Autónomo Municipal de San Ramón,Beni,GAM,municipal,7378760.0
match_exacto,La Paz,Ingavi,Tiahuanacu,Tiahuanacu,tiahuanacu,tiahuanacu,33113550.83660189,15854.908631552722,2088.536213365676,1208,Gobierno Autónomo Municipal de Tiahuanacu,La Paz,GAM,municipal,13479705.0
match_exacto,La Paz,Camacho,Puerto Acosta,Puerto Acosta,puerto acosta,puerto acosta,24426686.74711827,12185.426669446531,2004.5819822103724,1246,Gobierno Autónomo Municipal de Puerto Acosta,La Paz,GAM,municipal,17894764.0
match_exacto,La Paz,Camacho,Escoma,Escoma,escoma,escoma,13729240.771375192,6806.273483478907,2017.1450360760016,1283,Gobierno Autónomo Municipal de Escoma,La Paz,GAM,municipal,8340439.0
match_exacto,La Paz,Pacajes,Charaña,Charaña,charana,charana,21741949.42699773,10139.145878359075,2144.357097514851,1242,Gobierno Autónomo Municipal de Charaña,La Paz,GAM,municipal,5100585.0
match_exacto,La Paz,Omasuyos,Achacachi,Achacachi,achacachi,achacachi,90223775.24943128,44450.98554756375,2029.7362170494375,1224,Gobierno Autónomo Municipal de Achacachi,La Paz,GAM,municipal,45067967.0
match_exacto,La Paz,Ingavi,Taraco,Taraco,taraco,taraco,10046593.303942902,5015.549499518713,2003.089253711276,1280,Gobierno Autónomo Municipal de Taraco,La Paz,GAM,municipal,10836830.0
match_exacto,La Paz,Ingavi,La (Marka) San Andrés de Machaca,San Andrés de Machaca,la marka san andres de machaca,san andres de machaca,22803075.93165877,12421.742359704367,1835.7389222329248,1278,Gobierno Autónomo Municipal de San Andrés de Machaca,La Paz,GAM,municipal,7853726.0
match_exacto,Oruro,Abaroa,Challapata,Challapata,challapata,challapata,55067270.49910943,24682.38089807253,2231.035600921696,1404,Gobierno Autónomo Municipal de Challapata,Oruro,GAM,municipal,47320012.0
match_exacto,Oruro,Litoral,Escara,Escara,escara,escara,11999127.5764683,5169.665645176315,2321.064532996324,1419,Gobierno Autónomo Municipal de Escara,Oruro,GAM,municipal,6934522.0
match_exacto,Oruro,San Pedro de Totora,Totora,San Pedro de Totora,totora,san pedro de totora,9458570.117638215,4816.84548278404,1963.6440802272436,1413,Gobierno Autónomo Municipal de Totora,Oruro,GAM,municipal,9667747.0
match_exacto,Oruro,Sajama,Turco,Turco,turco,turco,12384898.372612031,5723.16348452519,2163.995211057564,1417,Gobierno Autónomo Municipal de Turco,Oruro,GAM,municipal,9552263.0
match_exacto,Oruro,Sabaya,Coipasa,Coipasa,coipasa,coipasa,2099247.1935328688,832.5974947378335,2521.322976348704,1432,Gobierno Autónomo Municipal de Coipasa,Oruro,GAM,municipal,3541469.0
match_manual,Oruro,Sabaya,Chipaya,Chipaya,chipaya,chipaya,3955226.941907255,1452.9815429939113,2722.145343813104,3401,Gobierno Autónomo Indígena Originario Campesino de la Nación Originaria Uru,Oruro,GAIOC,indigena_originario_campesino,3559849.0
match_exacto,Potosí,Rafael Bustillo,Chayanta,Chayanta,chayanta,chayanta,49967266.104510985,25585.26707207089,1952.9702763609491,1506,Gobierno Autónomo Municipal de Chayanta,Potosí,GAM,municipal,18383004.0
match_manual,Oruro,Ladislao Cabrera,Salinas de Garcí Mendoza,Salinas de Garcí Mendoza,salinas de garci mendoza,salinas de garci mendoza,30615905.375742257,13948.807557439592,2194.8761748751253,3402,Gobierno Autónomo Indígena Originario Campesino de Salinas,Oruro,GAIOC,indigena_originario_campesino,20361054.0
match_exacto,Potosí,Sur Chichas,Atocha,Atocha,atocha,atocha,27487569.778662253,9067.773660002713,3031.347143114954,1520,Gobierno Autónomo Municipal de Atocha,Potosí,GAM,municipal,21445708.0
match_exacto,Potosí,Nor Lipez,San Pedro de Quemes,San Pedro de Quemes,san pedro de quemes,san pedro de quemes,5092748.570233534,1797.4970299687473,2833.2444979461693,1522,Gobierno Autónomo Municipal de San Pedro de Quemes,Potosí,GAM,municipal,5985878.0
match_exacto,Santa Cruz,Ñuflo De Chávez,San Julián,San Julián,san julian,san julian,135665144.37636155,55440.06814391947,2447.0594809548584,1739,Gobierno Autónomo Municipal de San Julián,Santa Cruz,GAM,municipal,105893072.0
match_exacto,Santa Cruz,Guarayos,El Puente,El Puente,el puente,el puente,50456442.660849005,19320.727284570745,2611.5188066001424,1747,Gobierno Autónomo Municipal de El Puente,Santa Cruz,GAM,municipal,20523153.0
match_exacto,Santa Cruz,Manuel María Caballero,Comarapa,Comarapa,comarapa,comarapa,50258353.56672917,25384.55193605636,1979.87948313328,1741,Gobierno Autónomo Municipal de Comarapa,Santa Cruz,GAM,municipal,24151388.0
match_exacto,Tarija,Arce,Bermejo,Bermejo,bermejo,bermejo,88663934.75569001,36416.775239177216,2434.7003317390177,1603,Gobierno Autónomo Municipal de Bermejo,Tarija,GAM,municipal,92477448.0
match_exacto,Chuquisaca,Nor Cinti,Villa Charcas,Villa Charcas,villa charcas,villa charcas,22970624.64424024,11708.60895679085,1961.85770051852,1129,Gobierno Autónomo Municipal de Villa Charcas,Chuquisaca,GAM,municipal,17118963.0
match_exacto,Tarija,O'Connor,Entre Ríos,Entre Rios (La Moreta),entre rios,entre rios la moreta,61232621.379733786,24899.34711788497,2459.205901657998,1611,Gobierno Autónomo Municipal de Entre Ríos,Tarija,GAM,municipal,33960713.0
match_exacto,Potosí,Rafael Bustillo,Uncía,Uncía,uncia,uncia,50486836.84340346,19936.768213575804,2532.3480868391093,1505,Gobierno Autónomo Municipal de Uncía,Potosí,GAM,municipal,42020650.0
match_exacto,La Paz,Murillo,Mecapaca,Mecapaca,mecapaca,mecapaca,47939481.30448392,11701.41970781905,4096.894436873339,1203,Gobierno Autónomo Municipal de Mecapaca,La Paz,GAM,municipal,27231767.0
match_exacto,Cochabamba,Campero,Pasorapa,Pasorapa,pasorapa,pasorapa,24710836.58326897,10740.727138859686,2300.6670092070185,1308,Gobierno Autónomo Municipal de Pasorapa,Cochabamba,GAM,municipal,6595000.0
match_exacto,Potosí,Modesto Omiste,Villazón,Villazón,villazon,villazon,170575260.51368594,66618.52578904263,2560.4778624768373,1537,Gobierno Autónomo Municipal de Villazón,Potosí,GAM,municipal,72813971.0
match_exacto,Tarija,Arce,Padcaya,Padcaya,padcaya,padcaya,42161054.36299631,21064.155134711207,2001.5544935633304,1602,Gobierno Autónomo Municipal de Padcaya,Tarija,GAM,municipal,38045325.0
match_contiene,La Paz,Bautista Saavedra,Charazani,Charazani,charazani,charazani,30334016.74109964,15093.593326573477,2009.727974298485,1269,Gobierno Autónomo Municipal de General Juan José Pérez (Charazani),La Paz,GAM,municipal,15766181.0
match_exacto,Cochabamba,Mizque,Mizque,Mizque,mizque,mizque,59898369.409551375,28127.56715131931,2129.5254256193957,1342,Gobierno Autónomo Municipal de Mizque,Cochabamba,GAM,municipal,26652742.0
match_manual,Santa Cruz,Vallegrande,Postrervalle,Postrervalle,postrervalle,postrervalle,5803270.312874883,2863.7243884556733,2026.4765479070509,1728,Gobierno Autónomo Municipal de Postrer Valle,Santa Cruz,GAM,municipal,1757150.0
match_exacto,Santa Cruz,Cordillera,Cabezas,Cabezas,cabezas,cabezas,80448869.79335797,31636.073928023976,2542.947332099084,1720,Gobierno Autónomo Municipal de Cabezas,Santa Cruz,GAM,municipal,35215475.0
match_contiene,Santa Cruz,Velasco,San Miguel,San Miguel de Velasco,san miguel,san miguel de velasco,32332097.55311001,11377.00797998108,2841.880537484142,1708,Gobierno Autónomo Municipal de San Miguel (San Miguel de Velasco),Santa Cruz,GAM,municipal,21771696.0
match_exacto,Santa Cruz,Velasco,San Rafael,San Rafael,san rafael,san rafael,14123454.41389496,4607.336405352345,3065.427216794445,1709,Gobierno Autónomo Municipal de San Rafael,Santa Cruz,GAM,municipal,14731530.0
match_contiene,Cochabamba,Mizque,TIOC Raqaypampa,Raqaypampa,tioc raqaypampa,raqaypampa,7746636.897716792,3378.7656047439377,2292.741729950183,3301,Gobierno Autónomo Indígena Originario Campesino del Territorio de Raqaypampa,Cochabamba,GAIOC,indigena_originario_campesino,7759242.0
