file,filename,codigo_entidad,nombre_entidad,filas,tiene_total_general,status,error
data\raw\sigep_2026\recursos_por_rubro\2026_1101_Gobierno_Autónomo_Municipal_de_Sucre_recursos_por_rubro.pdf,2026_1101_Gobierno_Autónomo_Municipal_de_Sucre_recursos_por_rubro.pdf,1101,Gobierno Autónomo Municipal de Sucre,37,True,ok,
data\raw\sigep_2026\recursos_por_rubro\2026_1102_Gobierno_Autónomo_Municipal_de_Yotala_recursos_por_rubro.pdf,2026_1102_Gobierno_Autónomo_Municipal_de_Yotala_recursos_por_rubro.pdf,1102,Gobierno Autónomo Municipal de Yotala,36,True,ok,
data\raw\sigep_2026\recursos_por_rubro\2026_1103_Gobierno_Autónomo_Municipal_de_Poroma_recursos_por_rubro.pdf,2026_1103_Gobierno_Autónomo_Municipal_de_Poroma_recursos_por_rubro.pdf,1103,Gobierno Autónomo Municipal de Poroma,29,True,ok,
data\raw\sigep_2026\recursos_por_rubro\2026_1104_Gobierno_Autónomo_Municipal_de_Villa_Azurduy_recursos_por_rubro.pdf,2026_1104_Gobierno_Autónomo_Municipal_de_Villa_Azurduy_recursos_por_rubro.pdf,1104,Gobierno Autónomo Municipal de Villa Azurduy,28,True,ok,
data\raw\sigep_2026\recursos_por_rubro\2026_1105_Gobierno_Autónomo_Municipal_de_Tarvita_Villa_Orías_recursos_por_rubro.pdf,2026_1105_Gobierno_Autónomo_Municipal_de_Tarvita_Villa_Orías_recursos_por_rubro.pdf,1105,Gobierno Autónomo Municipal de Tarvita (Villa Orías),25,True,ok,
data\raw\sigep_2026\recursos_por_rubro\2026_1106_Gobierno_Autónomo_Municipal_de_Villa_Zudañez_Tacopaya_recursos_por_rubro.pdf,2026_1106_Gobierno_Autónomo_Municipal_de_Villa_Zudañez_Tacopaya_recursos_por_rubro.pdf,1106,Gobierno Autónomo Municipal de Villa Zudañez (Tacopaya),31,True,ok,
data\raw\sigep_2026\recursos_por_rubro\2026_1107_Gobierno_Autónomo_Municipal_de_Presto_recursos_por_rubro.pdf,2026_1107_Gobierno_Autónomo_Municipal_de_Presto_recursos_por_rubro.pdf,1107,Gobierno Autónomo Municipal de Presto,29,True,ok,
data\raw\sigep_2026\recursos_por_rubro\2026_1108_Gobierno_Autónomo_Municipal_de_Villa_Mojocoya_recursos_por_rubro.pdf,2026_1108_Gobierno_Autónomo_Municipal_de_Villa_Mojocoya_recursos_por_rubro.pdf,1108,Gobierno Autónomo Municipal de Villa Mojocoya,25,True,ok,
data\raw\sigep_2026\recursos_por_rubro\2026_1109_Gobierno_Autónomo_Municipal_de_Icla_recursos_por_rubro.pdf,2026_1109_Gobierno_Autónomo_Municipal_de_Icla_recursos_por_rubro.pdf,1109,Gobierno Autónomo Municipal de Icla,22,True,ok,
data\raw\sigep_2026\recursos_por_rubro\2026_1110_Gobierno_Autónomo_Municipal_de_Padilla_recursos_por_rubro.pdf,2026_1110_Gobierno_Autónomo_Municipal_de_Padilla_recursos_por_rubro.pdf,1110,Gobierno Autónomo Municipal de Padilla,31,True,ok,
data\raw\sigep_2026\recursos_por_rubro\2026_1111_Gobierno_Autónomo_Municipal_de_Tomina_recursos_por_rubro.pdf,2026_1111_Gobierno_Autónomo_Municipal_de_Tomina_recursos_por_rubro.pdf,1111,Gobierno Autónomo Municipal de Tomina,31,True,ok,
data\raw\sigep_2026\recursos_por_rubro\2026_1112_Gobierno_Autónomo_Municipal_de_Sopachuy_recursos_por_rubro.pdf,2026_1112_Gobierno_Autónomo_Municipal_de_Sopachuy_recursos_por_rubro.pdf,1112,Gobierno Autónomo Municipal de Sopachuy,25,True,ok,
data\raw\sigep_2026\recursos_por_rubro\2026_1113_Gobierno_Autónomo_Municipal_de_Villa_Alcalá_recursos_por_rubro.pdf,2026_1113_Gobierno_Autónomo_Municipal_de_Villa_Alcalá_recursos_por_rubro.pdf,1113,Gobierno Autónomo Municipal de Villa Alcalá,29,True,ok,
data\raw\sigep_2026\recursos_por_rubro\2026_1114_Gobierno_Autónomo_Municipal_de_El_Villar_recursos_por_rubro.pdf,2026_1114_Gobierno_Autónomo_Municipal_de_El_Villar_recursos_por_rubro.pdf,1114,Gobierno Autónomo Municipal de El Villar,30,True,ok,
data\raw\sigep_2026\recursos_por_rubro\2026_1115_Gobierno_Autónomo_Municipal_de_Monteagudo_recursos_por_rubro.pdf,2026_1115_Gobierno_Autónomo_Municipal_de_Monteagudo_recursos_por_rubro.pdf,1115,Gobierno Autónomo Municipal de Monteagudo,40,True,ok,
data\raw\sigep_2026\recursos_por_rubro\2026_1116_Gobierno_Autónomo_Municipal_de_San_Pablo_de_Huacareta_recursos_por_rubro.pdf,2026_1116_Gobierno_Autónomo_Municipal_de_San_Pablo_de_Huacareta_recursos_por_rubro.pdf,1116,Gobierno Autónomo Municipal de San Pablo de Huacareta,23,True,ok,
data\raw\sigep_2026\recursos_por_rubro\2026_1117_Gobierno_Autónomo_Municipal_de_Tarabuco_recursos_por_rubro.pdf,2026_1117_Gobierno_Autónomo_Municipal_de_Tarabuco_recursos_por_rubro.pdf,1117,Gobierno Autónomo Municipal de Tarabuco,31,True,ok,
data\raw\sigep_2026\recursos_por_rubro\2026_1118_Gobierno_Autónomo_Municipal_de_Yamparáez_recursos_por_rubro.pdf,2026_1118_Gobierno_Autónomo_Municipal_de_Yamparáez_recursos_por_rubro.pdf,1118,Gobierno Autónomo Municipal de Yamparáez,33,True,ok,
data\raw\sigep_2026\recursos_por_rubro\2026_1119_Gobierno_Autónomo_Municipal_de_Camargo_recursos_por_rubro.pdf,2026_1119_Gobierno_Autónomo_Municipal_de_Camargo_recursos_por_rubro.pdf,1119,Gobierno Autónomo Municipal de Camargo,28,True,ok,
data\raw\sigep_2026\recursos_por_rubro\2026_1120_Gobierno_Autónomo_Municipal_de_San_Lucas_recursos_por_rubro.pdf,2026_1120_Gobierno_Autónomo_Municipal_de_San_Lucas_recursos_por_rubro.pdf,1120,Gobierno Autónomo Municipal de San Lucas,36,True,ok,
data\raw\sigep_2026\recursos_por_rubro\2026_1121_Gobierno_Autónomo_Municipal_de_Incahuasi_recursos_por_rubro.pdf,2026_1121_Gobierno_Autónomo_Municipal_de_Incahuasi_recursos_por_rubro.pdf,1121,Gobierno Autónomo Municipal de Incahuasi,26,True,ok,
data\raw\sigep_2026\recursos_por_rubro\2026_1122_Gobierno_Autónomo_Municipal_de_Villa_Serrano_recursos_por_rubro.pdf,2026_1122_Gobierno_Autónomo_Municipal_de_Villa_Serrano_recursos_por_rubro.pdf,1122,Gobierno Autónomo Municipal de Villa Serrano,30,True,ok,
data\raw\sigep_2026\recursos_por_rubro\2026_1123_Gobierno_Autónomo_Municipal_de_Camataqui_Villa_Abecia_recursos_por_rubro.pdf,2026_1123_Gobierno_Autónomo_Municipal_de_Camataqui_Villa_Abecia_recursos_por_rubro.pdf,1123,Gobierno Autónomo Municipal de Camataqui (Villa Abecia),22,True,ok,
data\raw\sigep_2026\recursos_por_rubro\2026_1124_Gobierno_Autónomo_Municipal_de_Culpina_recursos_por_rubro.pdf,2026_1124_Gobierno_Autónomo_Municipal_de_Culpina_recursos_por_rubro.pdf,1124,Gobierno Autónomo Municipal de Culpina,23,True,ok,
data\raw\sigep_2026\recursos_por_rubro\2026_1125_Gobierno_Autónomo_Municipal_de_Las_Carreras_recursos_por_rubro.pdf,2026_1125_Gobierno_Autónomo_Municipal_de_Las_Carreras_recursos_por_rubro.pdf,1125,Gobierno Autónomo Municipal de Las Carreras,31,True,ok,
data\raw\sigep_2026\recursos_por_rubro\2026_1126_Gobierno_Autónomo_Municipal_de_Villa_Vaca_Guzmán_recursos_por_rubro.pdf,2026_1126_Gobierno_Autónomo_Municipal_de_Villa_Vaca_Guzmán_recursos_por_rubro.pdf,1126,Gobierno Autónomo Municipal de Villa Vaca Guzmán,30,True,ok,
data\raw\sigep_2026\recursos_por_rubro\2026_1128_Gobierno_Autónomo_Municipal_de_Machareti_recursos_por_rubro.pdf,2026_1128_Gobierno_Autónomo_Municipal_de_Machareti_recursos_por_rubro.pdf,1128,Gobierno Autónomo Municipal de Machareti,28,True,ok,
data\raw\sigep_2026\recursos_por_rubro\2026_1129_Gobierno_Autónomo_Municipal_de_Villa_Charcas_recursos_por_rubro.pdf,2026_1129_Gobierno_Autónomo_Municipal_de_Villa_Charcas_recursos_por_rubro.pdf,1129,Gobierno Autónomo Municipal de Villa Charcas,20,True,ok,
data\raw\sigep_2026\recursos_por_rubro\2026_1201_Gobierno_Autónomo_Municipal_de_La_Paz_recursos_por_rubro.pdf,2026_1201_Gobierno_Autónomo_Municipal_de_La_Paz_recursos_por_rubro.pdf,1201,Gobierno Autónomo Municipal de La Paz,53,True,ok,
data\raw\sigep_2026\recursos_por_rubro\2026_1202_Gobierno_Autónomo_Municipal_de_Palca_recursos_por_rubro.pdf,2026_1202_Gobierno_Autónomo_Municipal_de_Palca_recursos_por_rubro.pdf,1202,Gobierno Autónomo Municipal de Palca,26,True,ok,
data\raw\sigep_2026\recursos_por_rubro\2026_1203_Gobierno_Autónomo_Municipal_de_Mecapaca_recursos_por_rubro.pdf,2026_1203_Gobierno_Autónomo_Municipal_de_Mecapaca_recursos_por_rubro.pdf,1203,Gobierno Autónomo Municipal de Mecapaca,16,True,ok,
data\raw\sigep_2026\recursos_por_rubro\2026_1204_Gobierno_Autónomo_Municipal_Ecológico_Productivo_de_Achocalla_recursos_por_rubro.pdf,2026_1204_Gobierno_Autónomo_Municipal_Ecológico_Productivo_de_Achocalla_recursos_por_rubro.pdf,1204,Gobierno Autónomo Municipal Ecológico Productivo de Achocalla,25,True,ok,
data\raw\sigep_2026\recursos_por_rubro\2026_1205_Gobierno_Autónomo_Municipal_de_El_Alto_de_La_Paz_recursos_por_rubro.pdf,2026_1205_Gobierno_Autónomo_Municipal_de_El_Alto_de_La_Paz_recursos_por_rubro.pdf,1205,Gobierno Autónomo Municipal de El Alto de La Paz,45,True,ok,
data\raw\sigep_2026\recursos_por_rubro\2026_1206_Gobierno_Autónomo_Municipal_de_Viacha_recursos_por_rubro.pdf,2026_1206_Gobierno_Autónomo_Municipal_de_Viacha_recursos_por_rubro.pdf,1206,Gobierno Autónomo Municipal de Viacha,35,True,ok,
data\raw\sigep_2026\recursos_por_rubro\2026_1207_Gobierno_Autónomo_Municipal_de_Guaqui_recursos_por_rubro.pdf,2026_1207_Gobierno_Autónomo_Municipal_de_Guaqui_recursos_por_rubro.pdf,1207,Gobierno Autónomo Municipal de Guaqui,11,True,ok,
data\raw\sigep_2026\recursos_por_rubro\2026_1208_Gobierno_Autónomo_Municipal_de_Tiahuanacu_recursos_por_rubro.pdf,2026_1208_Gobierno_Autónomo_Municipal_de_Tiahuanacu_recursos_por_rubro.pdf,1208,Gobierno Autónomo Municipal de Tiahuanacu,29,True,ok,
data\raw\sigep_2026\recursos_por_rubro\2026_1209_Gobierno_Autónomo_Municipal_de_Desaguadero_recursos_por_rubro.pdf,2026_1209_Gobierno_Autónomo_Municipal_de_Desaguadero_recursos_por_rubro.pdf,1209,Gobierno Autónomo Municipal de Desaguadero,22,True,ok,
data\raw\sigep_2026\recursos_por_rubro\2026_1210_Gobierno_Autónomo_Municipal_de_Caranavi_recursos_por_rubro.pdf,2026_1210_Gobierno_Autónomo_Municipal_de_Caranavi_recursos_por_rubro.pdf,1210,Gobierno Autónomo Municipal de Caranavi,32,True,ok,
data\raw\sigep_2026\recursos_por_rubro\2026_1211_Gobierno_Autónomo_Municipal_de_Sica_Sica_Villa_Aroma_recursos_por_rubro.pdf,2026_1211_Gobierno_Autónomo_Municipal_de_Sica_Sica_Villa_Aroma_recursos_por_rubro.pdf,1211,Gobierno Autónomo Municipal de Sica Sica (Villa Aroma),26,True,ok,
data\raw\sigep_2026\recursos_por_rubro\2026_1212_Gobierno_Autónomo_Municipal_de_Umala_recursos_por_rubro.pdf,2026_1212_Gobierno_Autónomo_Municipal_de_Umala_recursos_por_rubro.pdf,1212,Gobierno Autónomo Municipal de Umala,23,True,ok,
data\raw\sigep_2026\recursos_por_rubro\2026_1213_Gobierno_Autónomo_Municipal_de_Ayo_Ayo_recursos_por_rubro.pdf,2026_1213_Gobierno_Autónomo_Municipal_de_Ayo_Ayo_recursos_por_rubro.pdf,1213,Gobierno Autónomo Municipal de Ayo Ayo,20,True,ok,
data\raw\sigep_2026\recursos_por_rubro\2026_1214_Gobierno_Autónomo_Municipal_de_Calamarca_recursos_por_rubro.pdf,2026_1214_Gobierno_Autónomo_Municipal_de_Calamarca_recursos_por_rubro.pdf,1214,Gobierno Autónomo Municipal de Calamarca,30,True,ok,
data\raw\sigep_2026\recursos_por_rubro\2026_1215_Gobierno_Autónomo_Municipal_de_Patacamaya_recursos_por_rubro.pdf,2026_1215_Gobierno_Autónomo_Municipal_de_Patacamaya_recursos_por_rubro.pdf,1215,Gobierno Autónomo Municipal de Patacamaya,20,True,ok,
data\raw\sigep_2026\recursos_por_rubro\2026_1216_Gobierno_Autónomo_Municipal_de_Colquencha_recursos_por_rubro.pdf,2026_1216_Gobierno_Autónomo_Municipal_de_Colquencha_recursos_por_rubro.pdf,1216,Gobierno Autónomo Municipal de Colquencha,16,True,ok,
data\raw\sigep_2026\recursos_por_rubro\2026_1217_Gobierno_Autónomo_Municipal_de_Collana_recursos_por_rubro.pdf,2026_1217_Gobierno_Autónomo_Municipal_de_Collana_recursos_por_rubro.pdf,1217,Gobierno Autónomo Municipal de Collana,21,True,ok,
data\raw\sigep_2026\recursos_por_rubro\2026_1218_Gobierno_Autónomo_Municipal_de_Inquisivi_recursos_por_rubro.pdf,2026_1218_Gobierno_Autónomo_Municipal_de_Inquisivi_recursos_por_rubro.pdf,1218,Gobierno Autónomo Municipal de Inquisivi,27,True,ok,
data\raw\sigep_2026\recursos_por_rubro\2026_1219_Gobierno_Autónomo_Municipal_de_Quime_recursos_por_rubro.pdf,2026_1219_Gobierno_Autónomo_Municipal_de_Quime_recursos_por_rubro.pdf,1219,Gobierno Autónomo Municipal de Quime,23,True,ok,
data\raw\sigep_2026\recursos_por_rubro\2026_1220_Gobierno_Autónomo_Municipal_de_Cajuata_recursos_por_rubro.pdf,2026_1220_Gobierno_Autónomo_Municipal_de_Cajuata_recursos_por_rubro.pdf,1220,Gobierno Autónomo Municipal de Cajuata,16,True,ok,
data\raw\sigep_2026\recursos_por_rubro\2026_1221_Gobierno_Autónomo_Municipal_de_Colquiri_recursos_por_rubro.pdf,2026_1221_Gobierno_Autónomo_Municipal_de_Colquiri_recursos_por_rubro.pdf,1221,Gobierno Autónomo Municipal de Colquiri,26,True,ok,
data\raw\sigep_2026\recursos_por_rubro\2026_1222_Gobierno_Autónomo_Municipal_de_Ichoca_recursos_por_rubro.pdf,2026_1222_Gobierno_Autónomo_Municipal_de_Ichoca_recursos_por_rubro.pdf,1222,Gobierno Autónomo Municipal de Ichoca,16,True,ok,
data\raw\sigep_2026\recursos_por_rubro\2026_1223_Gobierno_Autónomo_Municipal_de_Villa_Libertad_Licoma_recursos_por_rubro.pdf,2026_1223_Gobierno_Autónomo_Municipal_de_Villa_Libertad_Licoma_recursos_por_rubro.pdf,1223,Gobierno Autónomo Municipal de Villa Libertad Licoma,16,True,ok,
data\raw\sigep_2026\recursos_por_rubro\2026_1224_Gobierno_Autónomo_Municipal_de_Achacachi_recursos_por_rubro.pdf,2026_1224_Gobierno_Autónomo_Municipal_de_Achacachi_recursos_por_rubro.pdf,1224,Gobierno Autónomo Municipal de Achacachi,28,True,ok,
data\raw\sigep_2026\recursos_por_rubro\2026_1225_Gobierno_Autónomo_Municipal_de_Ancoraimes_recursos_por_rubro.pdf,2026_1225_Gobierno_Autónomo_Municipal_de_Ancoraimes_recursos_por_rubro.pdf,1225,Gobierno Autónomo Municipal de Ancoraimes,19,True,ok,
data\raw\sigep_2026\recursos_por_rubro\2026_1226_Gobierno_Autónomo_Municipal_de_Sorata_recursos_por_rubro.pdf,2026_1226_Gobierno_Autónomo_Municipal_de_Sorata_recursos_por_rubro.pdf,1226,Gobierno Autónomo Municipal de Sorata,37,True,ok,
data\raw\sigep_2026\recursos_por_rubro\2026_1227_Gobierno_Autónomo_Municipal_de_Guanay_recursos_por_rubro.pdf,2026_1227_Gobierno_Autónomo_Municipal_de_Guanay_recursos_por_rubro.pdf,1227,Gobierno Autónomo Municipal de Guanay,35,True,ok,
data\raw\sigep_2026\recursos_por_rubro\2026_1228_Gobierno_Autónomo_Municipal_de_Tacacoma_recursos_por_rubro.pdf,2026_1228_Gobierno_Autónomo_Municipal_de_Tacacoma_recursos_por_rubro.pdf,1228,Gobierno Autónomo Municipal de Tacacoma,16,True,ok,
data\raw\sigep_2026\recursos_por_rubro\2026_1229_Gobierno_Autónomo_Municipal_de_Tipuani_recursos_por_rubro.pdf,2026_1229_Gobierno_Autónomo_Municipal_de_Tipuani_recursos_por_rubro.pdf,1229,Gobierno Autónomo Municipal de Tipuani,17,True,ok,
data\raw\sigep_2026\recursos_por_rubro\2026_1230_Gobierno_Autónomo_Municipal_de_Quiabaya_recursos_por_rubro.pdf,2026_1230_Gobierno_Autónomo_Municipal_de_Quiabaya_recursos_por_rubro.pdf,1230,Gobierno Autónomo Municipal de Quiabaya,18,True,ok,
data\raw\sigep_2026\recursos_por_rubro\2026_1231_Gobierno_Autónomo_Municipal_de_Combaya_recursos_por_rubro.pdf,2026_1231_Gobierno_Autónomo_Municipal_de_Combaya_recursos_por_rubro.pdf,1231,Gobierno Autónomo Municipal de Combaya,13,True,ok,
data\raw\sigep_2026\recursos_por_rubro\2026_1232_Gobierno_Autónomo_Municipal_de_Copacabana_recursos_por_rubro.pdf,2026_1232_Gobierno_Autónomo_Municipal_de_Copacabana_recursos_por_rubro.pdf,1232,Gobierno Autónomo Municipal de Copacabana,32,True,ok,
data\raw\sigep_2026\recursos_por_rubro\2026_1233_Gobierno_Autónomo_Municipal_de_San_Pedro_de_Tiquina_recursos_por_rubro.pdf,2026_1233_Gobierno_Autónomo_Municipal_de_San_Pedro_de_Tiquina_recursos_por_rubro.pdf,1233,Gobierno Autónomo Municipal de San Pedro de Tiquina,16,True,ok,
data\raw\sigep_2026\recursos_por_rubro\2026_1234_Gobierno_Autónomo_Municipal_de_Tito_Yupanqui_recursos_por_rubro.pdf,2026_1234_Gobierno_Autónomo_Municipal_de_Tito_Yupanqui_recursos_por_rubro.pdf,1234,Gobierno Autónomo Municipal de Tito Yupanqui,12,True,ok,
data\raw\sigep_2026\recursos_por_rubro\2026_1235_Gobierno_Autónomo_Municipal_de_Chuma_recursos_por_rubro.pdf,2026_1235_Gobierno_Autónomo_Municipal_de_Chuma_recursos_por_rubro.pdf,1235,Gobierno Autónomo Municipal de Chuma,24,True,ok,
data\raw\sigep_2026\recursos_por_rubro\2026_1236_Gobierno_Autónomo_Municipal_de_Ayata_recursos_por_rubro.pdf,2026_1236_Gobierno_Autónomo_Municipal_de_Ayata_recursos_por_rubro.pdf,1236,Gobierno Autónomo Municipal de Ayata,18,True,ok,
data\raw\sigep_2026\recursos_por_rubro\2026_1237_Gobierno_Autónomo_Municipal_de_Aucapata_recursos_por_rubro.pdf,2026_1237_Gobierno_Autónomo_Municipal_de_Aucapata_recursos_por_rubro.pdf,1237,Gobierno Autónomo Municipal de Aucapata,12,True,ok,
data\raw\sigep_2026\recursos_por_rubro\2026_1238_Gobierno_Autónomo_Municipal_de_Corocoro_recursos_por_rubro.pdf,2026_1238_Gobierno_Autónomo_Municipal_de_Corocoro_recursos_por_rubro.pdf,1238,Gobierno Autónomo Municipal de Corocoro,29,True,ok,
data\raw\sigep_2026\recursos_por_rubro\2026_1239_Gobierno_Autónomo_Municipal_de_Caquiaviri_recursos_por_rubro.pdf,2026_1239_Gobierno_Autónomo_Municipal_de_Caquiaviri_recursos_por_rubro.pdf,1239,Gobierno Autónomo Municipal de Caquiaviri,12,True,ok,
data\raw\sigep_2026\recursos_por_rubro\2026_1240_Gobierno_Autónomo_Municipal_de_Calacoto_recursos_por_rubro.pdf,2026_1240_Gobierno_Autónomo_Municipal_de_Calacoto_recursos_por_rubro.pdf,1240,Gobierno Autónomo Municipal de Calacoto,13,True,ok,
data\raw\sigep_2026\recursos_por_rubro\2026_1241_Gobierno_Autónomo_Municipal_de_Comanche_recursos_por_rubro.pdf,2026_1241_Gobierno_Autónomo_Municipal_de_Comanche_recursos_por_rubro.pdf,1241,Gobierno Autónomo Municipal de Comanche,24,True,ok,
data\raw\sigep_2026\recursos_por_rubro\2026_1242_Gobierno_Autónomo_Municipal_de_Charaña_recursos_por_rubro.pdf,2026_1242_Gobierno_Autónomo_Municipal_de_Charaña_recursos_por_rubro.pdf,1242,Gobierno Autónomo Municipal de Charaña,15,True,ok,
data\raw\sigep_2026\recursos_por_rubro\2026_1243_Gobierno_Autónomo_Municipal_de_Waldo_Ballivián_recursos_por_rubro.pdf,2026_1243_Gobierno_Autónomo_Municipal_de_Waldo_Ballivián_recursos_por_rubro.pdf,1243,Gobierno Autónomo Municipal de Waldo Ballivián,16,True,ok,
data\raw\sigep_2026\recursos_por_rubro\2026_1244_Gobierno_Autónomo_Municipal_de_Nazacara_de_Pacajes_recursos_por_rubro.pdf,2026_1244_Gobierno_Autónomo_Municipal_de_Nazacara_de_Pacajes_recursos_por_rubro.pdf,1244,Gobierno Autónomo Municipal de Nazacara de Pacajes,9,True,ok,
data\raw\sigep_2026\recursos_por_rubro\2026_1245_Gobierno_Autónomo_Municipal_de_Santiago_de_Callapa_recursos_por_rubro.pdf,2026_1245_Gobierno_Autónomo_Municipal_de_Santiago_de_Callapa_recursos_por_rubro.pdf,1245,Gobierno Autónomo Municipal de Santiago de Callapa,24,True,ok,
data\raw\sigep_2026\recursos_por_rubro\2026_1246_Gobierno_Autónomo_Municipal_de_Puerto_Acosta_recursos_por_rubro.pdf,2026_1246_Gobierno_Autónomo_Municipal_de_Puerto_Acosta_recursos_por_rubro.pdf,1246,Gobierno Autónomo Municipal de Puerto Acosta,19,True,ok,
data\raw\sigep_2026\recursos_por_rubro\2026_1247_Gobierno_Autónomo_Municipal_de_Mocomoco_recursos_por_rubro.pdf,2026_1247_Gobierno_Autónomo_Municipal_de_Mocomoco_recursos_por_rubro.pdf,1247,Gobierno Autónomo Municipal de Mocomoco,27,True,ok,
data\raw\sigep_2026\recursos_por_rubro\2026_1248_Gobierno_Autónomo_Municipal_de_Carabuco_recursos_por_rubro.pdf,2026_1248_Gobierno_Autónomo_Municipal_de_Carabuco_recursos_por_rubro.pdf,1248,Gobierno Autónomo Municipal de Carabuco,19,True,ok,
data\raw\sigep_2026\recursos_por_rubro\2026_1249_Gobierno_Autónomo_Municipal_de_Apolo_recursos_por_rubro.pdf,2026_1249_Gobierno_Autónomo_Municipal_de_Apolo_recursos_por_rubro.pdf,1249,Gobierno Autónomo Municipal de Apolo,28,True,ok,
data\raw\sigep_2026\recursos_por_rubro\2026_1250_Gobierno_Autónomo_Municipal_de_Pelechuco_recursos_por_rubro.pdf,2026_1250_Gobierno_Autónomo_Municipal_de_Pelechuco_recursos_por_rubro.pdf,1250,Gobierno Autónomo Municipal de Pelechuco,25,True,ok,
data\raw\sigep_2026\recursos_por_rubro\2026_1251_Gobierno_Autónomo_Municipal_de_Luribay_recursos_por_rubro.pdf,2026_1251_Gobierno_Autónomo_Municipal_de_Luribay_recursos_por_rubro.pdf,1251,Gobierno Autónomo Municipal de Luribay,22,True,ok,
data\raw\sigep_2026\recursos_por_rubro\2026_1252_Gobierno_Autónomo_Municipal_de_Sapahaqui_recursos_por_rubro.pdf,2026_1252_Gobierno_Autónomo_Municipal_de_Sapahaqui_recursos_por_rubro.pdf,1252,Gobierno Autónomo Municipal de Sapahaqui,20,True,ok,
data\raw\sigep_2026\recursos_por_rubro\2026_1253_Gobierno_Autónomo_Municipal_de_Yaco_recursos_por_rubro.pdf,2026_1253_Gobierno_Autónomo_Municipal_de_Yaco_recursos_por_rubro.pdf,1253,Gobierno Autónomo Municipal de Yaco,20,True,ok,
data\raw\sigep_2026\recursos_por_rubro\2026_1254_Gobierno_Autónomo_Municipal_de_Malla_recursos_por_rubro.pdf,2026_1254_Gobierno_Autónomo_Municipal_de_Malla_recursos_por_rubro.pdf,1254,Gobierno Autónomo Municipal de Malla,20,True,ok,
data\raw\sigep_2026\recursos_por_rubro\2026_1255_Gobierno_Autónomo_Municipal_de_Cairoma_recursos_por_rubro.pdf,2026_1255_Gobierno_Autónomo_Municipal_de_Cairoma_recursos_por_rubro.pdf,1255,Gobierno Autónomo Municipal de Cairoma,19,True,ok,
data\raw\sigep_2026\recursos_por_rubro\2026_1256_Gobierno_Autónomo_Municipal_de_Chulumani_Villa_de_la_Libertad_recursos_por_rubro.pdf,2026_1256_Gobierno_Autónomo_Municipal_de_Chulumani_Villa_de_la_Libertad_recursos_por_rubro.pdf,1256,Gobierno Autónomo Municipal de Chulumani (Villa de la Libertad),21,True,ok,
data\raw\sigep_2026\recursos_por_rubro\2026_1257_Gobierno_Autónomo_Municipal_de_Irupana_Villa_de_Lanza_recursos_por_rubro.pdf,2026_1257_Gobierno_Autónomo_Municipal_de_Irupana_Villa_de_Lanza_recursos_por_rubro.pdf,1257,Gobierno Autónomo Municipal de Irupana (Villa de Lanza),31,True,ok,
data\raw\sigep_2026\recursos_por_rubro\2026_1258_Gobierno_Autónomo_Municipal_de_Yanacachi_recursos_por_rubro.pdf,2026_1258_Gobierno_Autónomo_Municipal_de_Yanacachi_recursos_por_rubro.pdf,1258,Gobierno Autónomo Municipal de Yanacachi,19,True,ok,
data\raw\sigep_2026\recursos_por_rubro\2026_1259_Gobierno_Autónomo_Municipal_de_Palos_Blancos_recursos_por_rubro.pdf,2026_1259_Gobierno_Autónomo_Municipal_de_Palos_Blancos_recursos_por_rubro.pdf,1259,Gobierno Autónomo Municipal de Palos Blancos,35,True,ok,
data\raw\sigep_2026\recursos_por_rubro\2026_1260_Gobierno_Autónomo_Municipal_de_La_Asunta_recursos_por_rubro.pdf,2026_1260_Gobierno_Autónomo_Municipal_de_La_Asunta_recursos_por_rubro.pdf,1260,Gobierno Autónomo Municipal de La Asunta,39,True,ok,
data\raw\sigep_2026\recursos_por_rubro\2026_1261_Gobierno_Autónomo_Municipal_de_Pucarani_recursos_por_rubro.pdf,2026_1261_Gobierno_Autónomo_Municipal_de_Pucarani_recursos_por_rubro.pdf,1261,Gobierno Autónomo Municipal de Pucarani,34,True,ok,
data\raw\sigep_2026\recursos_por_rubro\2026_1262_Gobierno_Autónomo_Municipal_de_Laja_recursos_por_rubro.pdf,2026_1262_Gobierno_Autónomo_Municipal_de_Laja_recursos_por_rubro.pdf,1262,Gobierno Autónomo Municipal de Laja,31,True,ok,
data\raw\sigep_2026\recursos_por_rubro\2026_1263_Gobierno_Autónomo_Municipal_de_Batallas_recursos_por_rubro.pdf,2026_1263_Gobierno_Autónomo_Municipal_de_Batallas_recursos_por_rubro.pdf,1263,Gobierno Autónomo Municipal de Batallas,33,True,ok,
data\raw\sigep_2026\recursos_por_rubro\2026_1264_Gobierno_Autónomo_Municipal_de_Puerto_Pérez_recursos_por_rubro.pdf,2026_1264_Gobierno_Autónomo_Municipal_de_Puerto_Pérez_recursos_por_rubro.pdf,1264,Gobierno Autónomo Municipal de Puerto Pérez,17,True,ok,
data\raw\sigep_2026\recursos_por_rubro\2026_1265_Gobierno_Autónomo_Municipal_de_Coroico_recursos_por_rubro.pdf,2026_1265_Gobierno_Autónomo_Municipal_de_Coroico_recursos_por_rubro.pdf,1265,Gobierno Autónomo Municipal de Coroico,28,True,ok,
data\raw\sigep_2026\recursos_por_rubro\2026_1266_Gobierno_Autónomo_Municipal_de_Coripata_recursos_por_rubro.pdf,2026_1266_Gobierno_Autónomo_Municipal_de_Coripata_recursos_por_rubro.pdf,1266,Gobierno Autónomo Municipal de Coripata,37,True,ok,
data\raw\sigep_2026\recursos_por_rubro\2026_1267_Gobierno_Autónomo_Municipal_de_Ixiamas_recursos_por_rubro.pdf,2026_1267_Gobierno_Autónomo_Municipal_de_Ixiamas_recursos_por_rubro.pdf,1267,Gobierno Autónomo Municipal de Ixiamas,26,True,ok,
data\raw\sigep_2026\recursos_por_rubro\2026_1268_Gobierno_Autónomo_Municipal_de_San_Buenaventura_recursos_por_rubro.pdf,2026_1268_Gobierno_Autónomo_Municipal_de_San_Buenaventura_recursos_por_rubro.pdf,1268,Gobierno Autónomo Municipal de San Buenaventura,24,True,ok,
data\raw\sigep_2026\recursos_por_rubro\2026_1269_Gobierno_Autónomo_Municipal_de_General_Juan_José_Pérez_Charazani_recursos_por_rubro.pdf,2026_1269_Gobierno_Autónomo_Municipal_de_General_Juan_José_Pérez_Charazani_recursos_por_rubro.pdf,1269,Gobierno Autónomo Municipal de General Juan José Pérez (Charazani),21,True,ok,
data\raw\sigep_2026\recursos_por_rubro\2026_1270_Gobierno_Autónomo_Municipal_de_Curva_recursos_por_rubro.pdf,2026_1270_Gobierno_Autónomo_Municipal_de_Curva_recursos_por_rubro.pdf,1270,Gobierno Autónomo Municipal de Curva,15,True,ok,
data\raw\sigep_2026\recursos_por_rubro\2026_1271_Gobierno_Autónomo_Municipal_de_San_Pedro_de_Curahuara_recursos_por_rubro.pdf,2026_1271_Gobierno_Autónomo_Municipal_de_San_Pedro_de_Curahuara_recursos_por_rubro.pdf,1271,Gobierno Autónomo Municipal de San Pedro de Curahuara,11,True,ok,
data\raw\sigep_2026\recursos_por_rubro\2026_1272_Gobierno_Autónomo_Municipal_de_Papel_Pampa_recursos_por_rubro.pdf,2026_1272_Gobierno_Autónomo_Municipal_de_Papel_Pampa_recursos_por_rubro.pdf,1272,Gobierno Autónomo Municipal de Papel Pampa,22,True,ok,
data\raw\sigep_2026\recursos_por_rubro\2026_1273_Gobierno_Autónomo_Municipal_de_Chacarilla_recursos_por_rubro.pdf,2026_1273_Gobierno_Autónomo_Municipal_de_Chacarilla_recursos_por_rubro.pdf,1273,Gobierno Autónomo Municipal de Chacarilla,11,True,ok,
data\raw\sigep_2026\recursos_por_rubro\2026_1274_Gobierno_Autónomo_Municipal_de_Santiago_de_Machaca_recursos_por_rubro.pdf,2026_1274_Gobierno_Autónomo_Municipal_de_Santiago_de_Machaca_recursos_por_rubro.pdf,1274,Gobierno Autónomo Municipal de Santiago de Machaca,12,True,ok,
data\raw\sigep_2026\recursos_por_rubro\2026_1275_Gobierno_Autónomo_Municipal_de_Catacora_recursos_por_rubro.pdf,2026_1275_Gobierno_Autónomo_Municipal_de_Catacora_recursos_por_rubro.pdf,1275,Gobierno Autónomo Municipal de Catacora,9,True,ok,
data\raw\sigep_2026\recursos_por_rubro\2026_1276_Gobierno_Autónomo_Municipal_de_Mapiri_recursos_por_rubro.pdf,2026_1276_Gobierno_Autónomo_Municipal_de_Mapiri_recursos_por_rubro.pdf,1276,Gobierno Autónomo Municipal de Mapiri,23,True,ok,
data\raw\sigep_2026\recursos_por_rubro\2026_1277_Gobierno_Autónomo_Municipal_de_Teoponte_recursos_por_rubro.pdf,2026_1277_Gobierno_Autónomo_Municipal_de_Teoponte_recursos_por_rubro.pdf,1277,Gobierno Autónomo Municipal de Teoponte,26,True,ok,
data\raw\sigep_2026\recursos_por_rubro\2026_1278_Gobierno_Autónomo_Municipal_de_San_Andrés_de_Machaca_recursos_por_rubro.pdf,2026_1278_Gobierno_Autónomo_Municipal_de_San_Andrés_de_Machaca_recursos_por_rubro.pdf,1278,Gobierno Autónomo Municipal de San Andrés de Machaca,18,True,ok,
data\raw\sigep_2026\recursos_por_rubro\2026_1279_Gobierno_Autónomo_Municipal_de_Jesús_de_Machaca_recursos_por_rubro.pdf,2026_1279_Gobierno_Autónomo_Municipal_de_Jesús_de_Machaca_recursos_por_rubro.pdf,1279,Gobierno Autónomo Municipal de Jesús de Machaca,27,True,ok,
data\raw\sigep_2026\recursos_por_rubro\2026_1280_Gobierno_Autónomo_Municipal_de_Taraco_recursos_por_rubro.pdf,2026_1280_Gobierno_Autónomo_Municipal_de_Taraco_recursos_por_rubro.pdf,1280,Gobierno Autónomo Municipal de Taraco,27,True,ok,
data\raw\sigep_2026\recursos_por_rubro\2026_1281_Gobierno_Autónomo_Municipal_de_Huarina_recursos_por_rubro.pdf,2026_1281_Gobierno_Autónomo_Municipal_de_Huarina_recursos_por_rubro.pdf,1281,Gobierno Autónomo Municipal de Huarina,18,True,ok,
data\raw\sigep_2026\recursos_por_rubro\2026_1282_Gobierno_Autónomo_Municipal_de_Santiago_de_Huata_recursos_por_rubro.pdf,2026_1282_Gobierno_Autónomo_Municipal_de_Santiago_de_Huata_recursos_por_rubro.pdf,1282,Gobierno Autónomo Municipal de Santiago de Huata,24,True,ok,
data\raw\sigep_2026\recursos_por_rubro\2026_1283_Gobierno_Autónomo_Municipal_de_Escoma_recursos_por_rubro.pdf,2026_1283_Gobierno_Autónomo_Municipal_de_Escoma_recursos_por_rubro.pdf,1283,Gobierno Autónomo Municipal de Escoma,18,True,ok,
data\raw\sigep_2026\recursos_por_rubro\2026_1284_Gobierno_Autónomo_Municipal_de_Humanata_recursos_por_rubro.pdf,2026_1284_Gobierno_Autónomo_Municipal_de_Humanata_recursos_por_rubro.pdf,1284,Gobierno Autónomo Municipal de Humanata,17,True,ok,
data\raw\sigep_2026\recursos_por_rubro\2026_1285_Gobierno_Autónomo_Municipal_de_Alto_Beni_recursos_por_rubro.pdf,2026_1285_Gobierno_Autónomo_Municipal_de_Alto_Beni_recursos_por_rubro.pdf,1285,Gobierno Autónomo Municipal de Alto Beni,26,True,ok,
data\raw\sigep_2026\recursos_por_rubro\2026_1286_Gobierno_Autónomo_Municipal_de_Huatajata_recursos_por_rubro.pdf,2026_1286_Gobierno_Autónomo_Municipal_de_Huatajata_recursos_por_rubro.pdf,1286,Gobierno Autónomo Municipal de Huatajata,21,True,ok,
data\raw\sigep_2026\recursos_por_rubro\2026_1287_Gobierno_Autónomo_Municipal_de_Chua_Cocani_recursos_por_rubro.pdf,2026_1287_Gobierno_Autónomo_Municipal_de_Chua_Cocani_recursos_por_rubro.pdf,1287,Gobierno Autónomo Municipal de Chua Cocani,16,True,ok,
data\raw\sigep_2026\recursos_por_rubro\2026_1301_Gobierno_Autónomo_Municipal_de_Cochabamba_recursos_por_rubro.pdf,2026_1301_Gobierno_Autónomo_Municipal_de_Cochabamba_recursos_por_rubro.pdf,1301,Gobierno Autónomo Municipal de Cochabamba,53,True,ok,
data\raw\sigep_2026\recursos_por_rubro\2026_1302_Gobierno_Autónomo_Municipal_de_Quillacollo_recursos_por_rubro.pdf,2026_1302_Gobierno_Autónomo_Municipal_de_Quillacollo_recursos_por_rubro.pdf,1302,Gobierno Autónomo Municipal de Quillacollo,40,True,ok,
data\raw\sigep_2026\recursos_por_rubro\2026_1303_Gobierno_Autónomo_Municipal_de_Sipe_Sipe_recursos_por_rubro.pdf,2026_1303_Gobierno_Autónomo_Municipal_de_Sipe_Sipe_recursos_por_rubro.pdf,1303,Gobierno Autónomo Municipal de Sipe Sipe,35,True,ok,
data\raw\sigep_2026\recursos_por_rubro\2026_1304_Gobierno_Autónomo_Municipal_de_Tiquipaya_recursos_por_rubro.pdf,2026_1304_Gobierno_Autónomo_Municipal_de_Tiquipaya_recursos_por_rubro.pdf,1304,Gobierno Autónomo Municipal de Tiquipaya,38,True,ok,
data\raw\sigep_2026\recursos_por_rubro\2026_1305_Gobierno_Autónomo_Municipal_de_Vinto_recursos_por_rubro.pdf,2026_1305_Gobierno_Autónomo_Municipal_de_Vinto_recursos_por_rubro.pdf,1305,Gobierno Autónomo Municipal de Vinto,34,True,ok,
data\raw\sigep_2026\recursos_por_rubro\2026_1306_Gobierno_Autónomo_Municipal_de_Colcapirhua_recursos_por_rubro.pdf,2026_1306_Gobierno_Autónomo_Municipal_de_Colcapirhua_recursos_por_rubro.pdf,1306,Gobierno Autónomo Municipal de Colcapirhua,35,True,ok,
data\raw\sigep_2026\recursos_por_rubro\2026_1307_Gobierno_Autónomo_Municipal_de_Aiquile_recursos_por_rubro.pdf,2026_1307_Gobierno_Autónomo_Municipal_de_Aiquile_recursos_por_rubro.pdf,1307,Gobierno Autónomo Municipal de Aiquile,33,True,ok,
data\raw\sigep_2026\recursos_por_rubro\2026_1308_Gobierno_Autónomo_Municipal_de_Pasorapa_recursos_por_rubro.pdf,2026_1308_Gobierno_Autónomo_Municipal_de_Pasorapa_recursos_por_rubro.pdf,1308,Gobierno Autónomo Municipal de Pasorapa,23,True,ok,
data\raw\sigep_2026\recursos_por_rubro\2026_1309_Gobierno_Autónomo_Municipal_de_Omereque_recursos_por_rubro.pdf,2026_1309_Gobierno_Autónomo_Municipal_de_Omereque_recursos_por_rubro.pdf,1309,Gobierno Autónomo Municipal de Omereque,32,True,ok,
data\raw\sigep_2026\recursos_por_rubro\2026_1310_Gobierno_Autónomo_Municipal_de_Independencia_recursos_por_rubro.pdf,2026_1310_Gobierno_Autónomo_Municipal_de_Independencia_recursos_por_rubro.pdf,1310,Gobierno Autónomo Municipal de Independencia,33,True,ok,
data\raw\sigep_2026\recursos_por_rubro\2026_1311_Gobierno_Autónomo_Municipal_de_Morochata_recursos_por_rubro.pdf,2026_1311_Gobierno_Autónomo_Municipal_de_Morochata_recursos_por_rubro.pdf,1311,Gobierno Autónomo Municipal de Morochata,37,True,ok,
data\raw\sigep_2026\recursos_por_rubro\2026_1312_Gobierno_Autónomo_Municipal_de_Sacaba_recursos_por_rubro.pdf,2026_1312_Gobierno_Autónomo_Municipal_de_Sacaba_recursos_por_rubro.pdf,1312,Gobierno Autónomo Municipal de Sacaba,34,True,ok,
data\raw\sigep_2026\recursos_por_rubro\2026_1313_Gobierno_Autónomo_Municipal_de_Colomi_recursos_por_rubro.pdf,2026_1313_Gobierno_Autónomo_Municipal_de_Colomi_recursos_por_rubro.pdf,1313,Gobierno Autónomo Municipal de Colomi,27,True,ok,
data\raw\sigep_2026\recursos_por_rubro\2026_1314_Gobierno_Autónomo_Municipal_de_Villa_Tunari_recursos_por_rubro.pdf,2026_1314_Gobierno_Autónomo_Municipal_de_Villa_Tunari_recursos_por_rubro.pdf,1314,Gobierno Autónomo Municipal de Villa Tunari,35,True,ok,
data\raw\sigep_2026\recursos_por_rubro\2026_1315_Gobierno_Autónomo_Municipal_de_Punata_recursos_por_rubro.pdf,2026_1315_Gobierno_Autónomo_Municipal_de_Punata_recursos_por_rubro.pdf,1315,Gobierno Autónomo Municipal de Punata,44,True,ok,
data\raw\sigep_2026\recursos_por_rubro\2026_1316_Gobierno_Autónomo_Municipal_de_Villa_Rivero_recursos_por_rubro.pdf,2026_1316_Gobierno_Autónomo_Municipal_de_Villa_Rivero_recursos_por_rubro.pdf,1316,Gobierno Autónomo Municipal de Villa Rivero,29,True,ok,
data\raw\sigep_2026\recursos_por_rubro\2026_1317_Gobierno_Autónomo_Municipal_de_San_Benito_Villa_José_Quintín_Mendoza_recursos_por_rubro.pdf,2026_1317_Gobierno_Autónomo_Municipal_de_San_Benito_Villa_José_Quintín_Mendoza_recursos_por_rubro.pdf,1317,Gobierno Autónomo Municipal de San Benito (Villa José Quintín Mendoza),38,True,ok,
data\raw\sigep_2026\recursos_por_rubro\2026_1318_Gobierno_Autónomo_Municipal_de_Tacachi_recursos_por_rubro.pdf,2026_1318_Gobierno_Autónomo_Municipal_de_Tacachi_recursos_por_rubro.pdf,1318,Gobierno Autónomo Municipal de Tacachi,27,True,ok,
data\raw\sigep_2026\recursos_por_rubro\2026_1319_Gobierno_Autónomo_Municipal_Villa_Gualberto_Villarroel_recursos_por_rubro.pdf,2026_1319_Gobierno_Autónomo_Municipal_Villa_Gualberto_Villarroel_recursos_por_rubro.pdf,1319,Gobierno Autónomo Municipal Villa Gualberto Villarroel,31,True,ok,
data\raw\sigep_2026\recursos_por_rubro\2026_1320_Gobierno_Autónomo_Municipal_de_Tarata_recursos_por_rubro.pdf,2026_1320_Gobierno_Autónomo_Municipal_de_Tarata_recursos_por_rubro.pdf,1320,Gobierno Autónomo Municipal de Tarata,35,True,ok,
data\raw\sigep_2026\recursos_por_rubro\2026_1321_Gobierno_Autónomo_Municipal_de_Anzaldo_recursos_por_rubro.pdf,2026_1321_Gobierno_Autónomo_Municipal_de_Anzaldo_recursos_por_rubro.pdf,1321,Gobierno Autónomo Municipal de Anzaldo,27,True,ok,
data\raw\sigep_2026\recursos_por_rubro\2026_1322_Gobierno_Autónomo_Municipal_de_Arbieto_recursos_por_rubro.pdf,2026_1322_Gobierno_Autónomo_Municipal_de_Arbieto_recursos_por_rubro.pdf,1322,Gobierno Autónomo Municipal de Arbieto,34,True,ok,
data\raw\sigep_2026\recursos_por_rubro\2026_1323_Gobierno_Autónomo_Municipal_de_Sacabamba_recursos_por_rubro.pdf,2026_1323_Gobierno_Autónomo_Municipal_de_Sacabamba_recursos_por_rubro.pdf,1323,Gobierno Autónomo Municipal de Sacabamba,12,True,ok,
data\raw\sigep_2026\recursos_por_rubro\2026_1324_Gobierno_Autónomo_Municipal_de_Cliza_recursos_por_rubro.pdf,2026_1324_Gobierno_Autónomo_Municipal_de_Cliza_recursos_por_rubro.pdf,1324,Gobierno Autónomo Municipal de Cliza,39,True,ok,
data\raw\sigep_2026\recursos_por_rubro\2026_1325_Gobierno_Autónomo_Municipal_de_Toco_recursos_por_rubro.pdf,2026_1325_Gobierno_Autónomo_Municipal_de_Toco_recursos_por_rubro.pdf,1325,Gobierno Autónomo Municipal de Toco,22,True,ok,
data\raw\sigep_2026\recursos_por_rubro\2026_1326_Gobierno_Autónomo_Municipal_de_Tolata_recursos_por_rubro.pdf,2026_1326_Gobierno_Autónomo_Municipal_de_Tolata_recursos_por_rubro.pdf,1326,Gobierno Autónomo Municipal de Tolata,34,True,ok,
data\raw\sigep_2026\recursos_por_rubro\2026_1327_Gobierno_Autónomo_Municipal_de_Capinota_recursos_por_rubro.pdf,2026_1327_Gobierno_Autónomo_Municipal_de_Capinota_recursos_por_rubro.pdf,1327,Gobierno Autónomo Municipal de Capinota,33,True,ok,
data\raw\sigep_2026\recursos_por_rubro\2026_1328_Gobierno_Autónomo_Municipal_de_Santivañez_recursos_por_rubro.pdf,2026_1328_Gobierno_Autónomo_Municipal_de_Santivañez_recursos_por_rubro.pdf,1328,Gobierno Autónomo Municipal de Santivañez,30,True,ok,
data\raw\sigep_2026\recursos_por_rubro\2026_1329_Gobierno_Autónomo_Municipal_de_Sicaya_recursos_por_rubro.pdf,2026_1329_Gobierno_Autónomo_Municipal_de_Sicaya_recursos_por_rubro.pdf,1329,Gobierno Autónomo Municipal de Sicaya,31,True,ok,
data\raw\sigep_2026\recursos_por_rubro\2026_1330_Gobierno_Autónomo_Municipal_de_Tapacari_recursos_por_rubro.pdf,2026_1330_Gobierno_Autónomo_Municipal_de_Tapacari_recursos_por_rubro.pdf,1330,Gobierno Autónomo Municipal de Tapacari,24,True,ok,
data\raw\sigep_2026\recursos_por_rubro\2026_1331_Gobierno_Autónomo_Municipal_de_Totora_recursos_por_rubro.pdf,2026_1331_Gobierno_Autónomo_Municipal_de_Totora_recursos_por_rubro.pdf,1331,Gobierno Autónomo Municipal de Totora,36,True,ok,
data\raw\sigep_2026\recursos_por_rubro\2026_1332_Gobierno_Autónomo_Municipal_de_Pojo_recursos_por_rubro.pdf,2026_1332_Gobierno_Autónomo_Municipal_de_Pojo_recursos_por_rubro.pdf,1332,Gobierno Autónomo Municipal de Pojo,36,True,ok,
data\raw\sigep_2026\recursos_por_rubro\2026_1333_Gobierno_Autónomo_Municipal_de_Pocona_recursos_por_rubro.pdf,2026_1333_Gobierno_Autónomo_Municipal_de_Pocona_recursos_por_rubro.pdf,1333,Gobierno Autónomo Municipal de Pocona,33,True,ok,
data\raw\sigep_2026\recursos_por_rubro\2026_1334_Gobierno_Autónomo_Municipal_de_Chimoré_recursos_por_rubro.pdf,2026_1334_Gobierno_Autónomo_Municipal_de_Chimoré_recursos_por_rubro.pdf,1334,Gobierno Autónomo Municipal de Chimoré,37,True,ok,
data\raw\sigep_2026\recursos_por_rubro\2026_1335_Gobierno_Autónomo_Municipal_de_Puerto_Villarroel_recursos_por_rubro.pdf,2026_1335_Gobierno_Autónomo_Municipal_de_Puerto_Villarroel_recursos_por_rubro.pdf,1335,Gobierno Autónomo Municipal de Puerto Villarroel,43,True,ok,
data\raw\sigep_2026\recursos_por_rubro\2026_1336_Gobierno_Autónomo_Municipal_de_Arani_recursos_por_rubro.pdf,2026_1336_Gobierno_Autónomo_Municipal_de_Arani_recursos_por_rubro.pdf,1336,Gobierno Autónomo Municipal de Arani,40,True,ok,
data\raw\sigep_2026\recursos_por_rubro\2026_1337_Gobierno_Autónomo_Municipal_de_Vacas_recursos_por_rubro.pdf,2026_1337_Gobierno_Autónomo_Municipal_de_Vacas_recursos_por_rubro.pdf,1337,Gobierno Autónomo Municipal de Vacas,35,True,ok,
data\raw\sigep_2026\recursos_por_rubro\2026_1338_Gobierno_Autónomo_Municipal_de_Arque_recursos_por_rubro.pdf,2026_1338_Gobierno_Autónomo_Municipal_de_Arque_recursos_por_rubro.pdf,1338,Gobierno Autónomo Municipal de Arque,34,True,ok,
data\raw\sigep_2026\recursos_por_rubro\2026_1339_Gobierno_Autónomo_Municipal_de_Tacopaya_recursos_por_rubro.pdf,2026_1339_Gobierno_Autónomo_Municipal_de_Tacopaya_recursos_por_rubro.pdf,1339,Gobierno Autónomo Municipal de Tacopaya,34,True,ok,
data\raw\sigep_2026\recursos_por_rubro\2026_1340_Gobierno_Autónomo_Municipal_de_Bolivar_recursos_por_rubro.pdf,2026_1340_Gobierno_Autónomo_Municipal_de_Bolivar_recursos_por_rubro.pdf,1340,Gobierno Autónomo Municipal de Bolivar,31,True,ok,
data\raw\sigep_2026\recursos_por_rubro\2026_1341_Gobierno_Autónomo_Municipal_de_Tiraque_recursos_por_rubro.pdf,2026_1341_Gobierno_Autónomo_Municipal_de_Tiraque_recursos_por_rubro.pdf,1341,Gobierno Autónomo Municipal de Tiraque,33,True,ok,
data\raw\sigep_2026\recursos_por_rubro\2026_1342_Gobierno_Autónomo_Municipal_de_Mizque_recursos_por_rubro.pdf,2026_1342_Gobierno_Autónomo_Municipal_de_Mizque_recursos_por_rubro.pdf,1342,Gobierno Autónomo Municipal de Mizque,33,True,ok,
data\raw\sigep_2026\recursos_por_rubro\2026_1343_Gobierno_Autónomo_Municipal_de_Vila_Vila_recursos_por_rubro.pdf,2026_1343_Gobierno_Autónomo_Municipal_de_Vila_Vila_recursos_por_rubro.pdf,1343,Gobierno Autónomo Municipal de Vila Vila,21,True,ok,
data\raw\sigep_2026\recursos_por_rubro\2026_1344_Gobierno_Autónomo_Municipal_de_Alalay_recursos_por_rubro.pdf,2026_1344_Gobierno_Autónomo_Municipal_de_Alalay_recursos_por_rubro.pdf,1344,Gobierno Autónomo Municipal de Alalay,13,True,ok,
data\raw\sigep_2026\recursos_por_rubro\2026_1345_Gobierno_Autónomo_Municipal_de_Entre_Rios_recursos_por_rubro.pdf,2026_1345_Gobierno_Autónomo_Municipal_de_Entre_Rios_recursos_por_rubro.pdf,1345,Gobierno Autónomo Municipal de Entre Rios,40,True,ok,
data\raw\sigep_2026\recursos_por_rubro\2026_1346_Gobierno_Autónomo_Municipal_de_Cocapata_recursos_por_rubro.pdf,2026_1346_Gobierno_Autónomo_Municipal_de_Cocapata_recursos_por_rubro.pdf,1346,Gobierno Autónomo Municipal de Cocapata,29,True,ok,
data\raw\sigep_2026\recursos_por_rubro\2026_1347_Gobierno_Autónomo_Municipal_de_Shinahota_recursos_por_rubro.pdf,2026_1347_Gobierno_Autónomo_Municipal_de_Shinahota_recursos_por_rubro.pdf,1347,Gobierno Autónomo Municipal de Shinahota,30,True,ok,
data\raw\sigep_2026\recursos_por_rubro\2026_1401_Gobierno_Autónomo_Municipal_de_Oruro_recursos_por_rubro.pdf,2026_1401_Gobierno_Autónomo_Municipal_de_Oruro_recursos_por_rubro.pdf,1401,Gobierno Autónomo Municipal de Oruro,40,True,ok,
data\raw\sigep_2026\recursos_por_rubro\2026_1402_Gobierno_Autónomo_Municipal_de_Caracollo_recursos_por_rubro.pdf,2026_1402_Gobierno_Autónomo_Municipal_de_Caracollo_recursos_por_rubro.pdf,1402,Gobierno Autónomo Municipal de Caracollo,22,True,ok,
data\raw\sigep_2026\recursos_por_rubro\2026_1403_Gobierno_Autónomo_Municipal_de_El_Choro_recursos_por_rubro.pdf,2026_1403_Gobierno_Autónomo_Municipal_de_El_Choro_recursos_por_rubro.pdf,1403,Gobierno Autónomo Municipal de El Choro,17,True,ok,
data\raw\sigep_2026\recursos_por_rubro\2026_1404_Gobierno_Autónomo_Municipal_de_Challapata_recursos_por_rubro.pdf,2026_1404_Gobierno_Autónomo_Municipal_de_Challapata_recursos_por_rubro.pdf,1404,Gobierno Autónomo Municipal de Challapata,35,True,ok,
data\raw\sigep_2026\recursos_por_rubro\2026_1405_Gobierno_Autónomo_Municipal_de_Santuario_de_Quillacas_recursos_por_rubro.pdf,2026_1405_Gobierno_Autónomo_Municipal_de_Santuario_de_Quillacas_recursos_por_rubro.pdf,1405,Gobierno Autónomo Municipal de Santuario de Quillacas,9,True,ok,
data\raw\sigep_2026\recursos_por_rubro\2026_1406_Gobierno_Autónomo_Municipal_de_Huanuni_recursos_por_rubro.pdf,2026_1406_Gobierno_Autónomo_Municipal_de_Huanuni_recursos_por_rubro.pdf,1406,Gobierno Autónomo Municipal de Huanuni,24,True,ok,
data\raw\sigep_2026\recursos_por_rubro\2026_1407_Gobierno_Autónomo_Municipal_de_Machacamarca_recursos_por_rubro.pdf,2026_1407_Gobierno_Autónomo_Municipal_de_Machacamarca_recursos_por_rubro.pdf,1407,Gobierno Autónomo Municipal de Machacamarca,24,True,ok,
data\raw\sigep_2026\recursos_por_rubro\2026_1408_Gobierno_Autónomo_Municipal_de_Poopó_Villa_Poopó_recursos_por_rubro.pdf,2026_1408_Gobierno_Autónomo_Municipal_de_Poopó_Villa_Poopó_recursos_por_rubro.pdf,1408,Gobierno Autónomo Municipal de Poopó (Villa Poopó),22,True,ok,
data\raw\sigep_2026\recursos_por_rubro\2026_1409_Gobierno_Autónomo_Municipal_de_Pazña_recursos_por_rubro.pdf,2026_1409_Gobierno_Autónomo_Municipal_de_Pazña_recursos_por_rubro.pdf,1409,Gobierno Autónomo Municipal de Pazña,19,True,ok,
data\raw\sigep_2026\recursos_por_rubro\2026_1410_Gobierno_Autónomo_Municipal_de_Antequera_recursos_por_rubro.pdf,2026_1410_Gobierno_Autónomo_Municipal_de_Antequera_recursos_por_rubro.pdf,1410,Gobierno Autónomo Municipal de Antequera,21,True,ok,
data\raw\sigep_2026\recursos_por_rubro\2026_1411_Gobierno_Autónomo_Municipal_de_Eucaliptus_recursos_por_rubro.pdf,2026_1411_Gobierno_Autónomo_Municipal_de_Eucaliptus_recursos_por_rubro.pdf,1411,Gobierno Autónomo Municipal de Eucaliptus,21,True,ok,
data\raw\sigep_2026\recursos_por_rubro\2026_1412_Gobierno_Autónomo_Municipal_de_Santiago_de_Huari_recursos_por_rubro.pdf,2026_1412_Gobierno_Autónomo_Municipal_de_Santiago_de_Huari_recursos_por_rubro.pdf,1412,Gobierno Autónomo Municipal de Santiago de Huari,23,True,ok,
data\raw\sigep_2026\recursos_por_rubro\2026_1413_Gobierno_Autónomo_Municipal_de_Totora_recursos_por_rubro.pdf,2026_1413_Gobierno_Autónomo_Municipal_de_Totora_recursos_por_rubro.pdf,1413,Gobierno Autónomo Municipal de Totora,17,True,ok,
data\raw\sigep_2026\recursos_por_rubro\2026_1414_Gobierno_Autónomo_Municipal_de_Corque_recursos_por_rubro.pdf,2026_1414_Gobierno_Autónomo_Municipal_de_Corque_recursos_por_rubro.pdf,1414,Gobierno Autónomo Municipal de Corque,23,True,ok,
data\raw\sigep_2026\recursos_por_rubro\2026_1415_Gobierno_Autónomo_Municipal_de_Choquecota_recursos_por_rubro.pdf,2026_1415_Gobierno_Autónomo_Municipal_de_Choquecota_recursos_por_rubro.pdf,1415,Gobierno Autónomo Municipal de Choquecota,11,True,ok,
data\raw\sigep_2026\recursos_por_rubro\2026_1416_Gobierno_Autónomo_Municipal_de_Curahuara_de_Carangas_recursos_por_rubro.pdf,2026_1416_Gobierno_Autónomo_Municipal_de_Curahuara_de_Carangas_recursos_por_rubro.pdf,1416,Gobierno Autónomo Municipal de Curahuara de Carangas,20,True,ok,
data\raw\sigep_2026\recursos_por_rubro\2026_1417_Gobierno_Autónomo_Municipal_de_Turco_recursos_por_rubro.pdf,2026_1417_Gobierno_Autónomo_Municipal_de_Turco_recursos_por_rubro.pdf,1417,Gobierno Autónomo Municipal de Turco,20,True,ok,
data\raw\sigep_2026\recursos_por_rubro\2026_1418_Gobierno_Autónomo_Municipal_de_Huachacalla_recursos_por_rubro.pdf,2026_1418_Gobierno_Autónomo_Municipal_de_Huachacalla_recursos_por_rubro.pdf,1418,Gobierno Autónomo Municipal de Huachacalla,12,True,ok,
data\raw\sigep_2026\recursos_por_rubro\2026_1419_Gobierno_Autónomo_Municipal_de_Escara_recursos_por_rubro.pdf,2026_1419_Gobierno_Autónomo_Municipal_de_Escara_recursos_por_rubro.pdf,1419,Gobierno Autónomo Municipal de Escara,12,True,ok,
data\raw\sigep_2026\recursos_por_rubro\2026_1420_Gobierno_Autónomo_Municipal_de_Cruz_de_Machacamarca_recursos_por_rubro.pdf,2026_1420_Gobierno_Autónomo_Municipal_de_Cruz_de_Machacamarca_recursos_por_rubro.pdf,1420,Gobierno Autónomo Municipal de Cruz de Machacamarca,8,True,ok,
data\raw\sigep_2026\recursos_por_rubro\2026_1421_Gobierno_Autónomo_Municipal_de_Yunguyo_de_Litoral_recursos_por_rubro.pdf,2026_1421_Gobierno_Autónomo_Municipal_de_Yunguyo_de_Litoral_recursos_por_rubro.pdf,1421,Gobierno Autónomo Municipal de Yunguyo de Litoral,8,True,ok,
data\raw\sigep_2026\recursos_por_rubro\2026_1422_Gobierno_Autónomo_Municipal_de_Esmeralda_recursos_por_rubro.pdf,2026_1422_Gobierno_Autónomo_Municipal_de_Esmeralda_recursos_por_rubro.pdf,1422,Gobierno Autónomo Municipal de Esmeralda,9,True,ok,
data\raw\sigep_2026\recursos_por_rubro\2026_1423_Gobierno_Autónomo_Municipal_de_Toledo_recursos_por_rubro.pdf,2026_1423_Gobierno_Autónomo_Municipal_de_Toledo_recursos_por_rubro.pdf,1423,Gobierno Autónomo Municipal de Toledo,19,True,ok,
data\raw\sigep_2026\recursos_por_rubro\2026_1424_Gobierno_Autónomo_Municipal_de_Andamarca_Santiago_de_Andamarca_recursos_por_rubro.pdf,2026_1424_Gobierno_Autónomo_Municipal_de_Andamarca_Santiago_de_Andamarca_recursos_por_rubro.pdf,1424,Gobierno Autónomo Municipal de Andamarca (Santiago de Andamarca),15,True,ok,
data\raw\sigep_2026\recursos_por_rubro\2026_1425_Gobierno_Autónomo_Municipal_de_Belén_de_Andamarca_recursos_por_rubro.pdf,2026_1425_Gobierno_Autónomo_Municipal_de_Belén_de_Andamarca_recursos_por_rubro.pdf,1425,Gobierno Autónomo Municipal de Belén de Andamarca,15,True,ok,
data\raw\sigep_2026\recursos_por_rubro\2026_1427_Gobierno_Autónomo_Municipal_de_Pampa_Aullagas_recursos_por_rubro.pdf,2026_1427_Gobierno_Autónomo_Municipal_de_Pampa_Aullagas_recursos_por_rubro.pdf,1427,Gobierno Autónomo Municipal de Pampa Aullagas,17,True,ok,
data\raw\sigep_2026\recursos_por_rubro\2026_1428_Gobierno_Autónomo_Municipal_de_La_Rivera_recursos_por_rubro.pdf,2026_1428_Gobierno_Autónomo_Municipal_de_La_Rivera_recursos_por_rubro.pdf,1428,Gobierno Autónomo Municipal de La Rivera,15,True,ok,
data\raw\sigep_2026\recursos_por_rubro\2026_1429_Gobierno_Autónomo_Municipal_de_Todos_Santos_recursos_por_rubro.pdf,2026_1429_Gobierno_Autónomo_Municipal_de_Todos_Santos_recursos_por_rubro.pdf,1429,Gobierno Autónomo Municipal de Todos Santos,9,True,ok,
data\raw\sigep_2026\recursos_por_rubro\2026_1430_Gobierno_Autónomo_Municipal_de_Carangas_recursos_por_rubro.pdf,2026_1430_Gobierno_Autónomo_Municipal_de_Carangas_recursos_por_rubro.pdf,1430,Gobierno Autónomo Municipal de Carangas,16,True,ok,
data\raw\sigep_2026\recursos_por_rubro\2026_1431_Gobierno_Autónomo_Municipal_de_Sabaya_recursos_por_rubro.pdf,2026_1431_Gobierno_Autónomo_Municipal_de_Sabaya_recursos_por_rubro.pdf,1431,Gobierno Autónomo Municipal de Sabaya,20,True,ok,
data\raw\sigep_2026\recursos_por_rubro\2026_1432_Gobierno_Autónomo_Municipal_de_Coipasa_recursos_por_rubro.pdf,2026_1432_Gobierno_Autónomo_Municipal_de_Coipasa_recursos_por_rubro.pdf,1432,Gobierno Autónomo Municipal de Coipasa,11,True,ok,
data\raw\sigep_2026\recursos_por_rubro\2026_1434_Gobierno_Autónomo_Municipal_de_Huayllamarca_Santiago_de_Huayllamarca_recursos_por_rubro.pdf,2026_1434_Gobierno_Autónomo_Municipal_de_Huayllamarca_Santiago_de_Huayllamarca_recursos_por_rubro.pdf,1434,Gobierno Autónomo Municipal de Huayllamarca (Santiago de Huayllamarca),18,True,ok,
data\raw\sigep_2026\recursos_por_rubro\2026_1435_Gobierno_Autónomo_Municipal_de_Soracachi_recursos_por_rubro.pdf,2026_1435_Gobierno_Autónomo_Municipal_de_Soracachi_recursos_por_rubro.pdf,1435,Gobierno Autónomo Municipal de Soracachi,33,True,ok,
data\raw\sigep_2026\recursos_por_rubro\2026_1501_Gobierno_Autónomo_Municipal_de_Potosí_recursos_por_rubro.pdf,2026_1501_Gobierno_Autónomo_Municipal_de_Potosí_recursos_por_rubro.pdf,1501,Gobierno Autónomo Municipal de Potosí,42,True,ok,
data\raw\sigep_2026\recursos_por_rubro\2026_1502_Gobierno_Autónomo_Municipal_de_Tinguipaya_recursos_por_rubro.pdf,2026_1502_Gobierno_Autónomo_Municipal_de_Tinguipaya_recursos_por_rubro.pdf,1502,Gobierno Autónomo Municipal de Tinguipaya,35,True,ok,
data\raw\sigep_2026\recursos_por_rubro\2026_1503_Gobierno_Autónomo_Municipal_de_Yocalla_recursos_por_rubro.pdf,2026_1503_Gobierno_Autónomo_Municipal_de_Yocalla_recursos_por_rubro.pdf,1503,Gobierno Autónomo Municipal de Yocalla,23,True,ok,
data\raw\sigep_2026\recursos_por_rubro\2026_1504_Gobierno_Autónomo_Municipal_de_Urmiri_recursos_por_rubro.pdf,2026_1504_Gobierno_Autónomo_Municipal_de_Urmiri_recursos_por_rubro.pdf,1504,Gobierno Autónomo Municipal de Urmiri,21,True,ok,
data\raw\sigep_2026\recursos_por_rubro\2026_1505_Gobierno_Autónomo_Municipal_de_Uncía_recursos_por_rubro.pdf,2026_1505_Gobierno_Autónomo_Municipal_de_Uncía_recursos_por_rubro.pdf,1505,Gobierno Autónomo Municipal de Uncía,43,True,ok,
data\raw\sigep_2026\recursos_por_rubro\2026_1506_Gobierno_Autónomo_Municipal_de_Chayanta_recursos_por_rubro.pdf,2026_1506_Gobierno_Autónomo_Municipal_de_Chayanta_recursos_por_rubro.pdf,1506,Gobierno Autónomo Municipal de Chayanta,30,True,ok,
data\raw\sigep_2026\recursos_por_rubro\2026_1507_Gobierno_Autónomo_Municipal_de_Llallagua_recursos_por_rubro.pdf,2026_1507_Gobierno_Autónomo_Municipal_de_Llallagua_recursos_por_rubro.pdf,1507,Gobierno Autónomo Municipal de Llallagua,26,True,ok,
data\raw\sigep_2026\recursos_por_rubro\2026_1508_Gobierno_Autónomo_Municipal_de_Betanzos_recursos_por_rubro.pdf,2026_1508_Gobierno_Autónomo_Municipal_de_Betanzos_recursos_por_rubro.pdf,1508,Gobierno Autónomo Municipal de Betanzos,33,True,ok,
data\raw\sigep_2026\recursos_por_rubro\2026_1509_Gobierno_Autónomo_Municipal_de_Chaqui_recursos_por_rubro.pdf,2026_1509_Gobierno_Autónomo_Municipal_de_Chaqui_recursos_por_rubro.pdf,1509,Gobierno Autónomo Municipal de Chaqui,26,True,ok,
data\raw\sigep_2026\recursos_por_rubro\2026_1510_Gobierno_Autónomo_Municipal_de_Tacobamba_recursos_por_rubro.pdf,2026_1510_Gobierno_Autónomo_Municipal_de_Tacobamba_recursos_por_rubro.pdf,1510,Gobierno Autónomo Municipal de Tacobamba,20,True,ok,
data\raw\sigep_2026\recursos_por_rubro\2026_1511_Gobierno_Autónomo_Municipal_de_Colquechaca_recursos_por_rubro.pdf,2026_1511_Gobierno_Autónomo_Municipal_de_Colquechaca_recursos_por_rubro.pdf,1511,Gobierno Autónomo Municipal de Colquechaca,28,True,ok,
data\raw\sigep_2026\recursos_por_rubro\2026_1512_Gobierno_Autónomo_Municipal_de_Ravelo_recursos_por_rubro.pdf,2026_1512_Gobierno_Autónomo_Municipal_de_Ravelo_recursos_por_rubro.pdf,1512,Gobierno Autónomo Municipal de Ravelo,37,True,ok,
data\raw\sigep_2026\recursos_por_rubro\2026_1513_Gobierno_Autónomo_Municipal_de_Pocoata_recursos_por_rubro.pdf,2026_1513_Gobierno_Autónomo_Municipal_de_Pocoata_recursos_por_rubro.pdf,1513,Gobierno Autónomo Municipal de Pocoata,28,True,ok,
data\raw\sigep_2026\recursos_por_rubro\2026_1514_Gobierno_Autónomo_Municipal_de_Ocurí_recursos_por_rubro.pdf,2026_1514_Gobierno_Autónomo_Municipal_de_Ocurí_recursos_por_rubro.pdf,1514,Gobierno Autónomo Municipal de Ocurí,26,True,ok,
data\raw\sigep_2026\recursos_por_rubro\2026_1515_Gobierno_Autónomo_Municipal_de_San_Pedro_de_Buena_Vista_recursos_por_rubro.pdf,2026_1515_Gobierno_Autónomo_Municipal_de_San_Pedro_de_Buena_Vista_recursos_por_rubro.pdf,1515,Gobierno Autónomo Municipal de San Pedro de Buena Vista,37,True,ok,
data\raw\sigep_2026\recursos_por_rubro\2026_1516_Gobierno_Autónomo_Municipal_de_Toro_Toro_recursos_por_rubro.pdf,2026_1516_Gobierno_Autónomo_Municipal_de_Toro_Toro_recursos_por_rubro.pdf,1516,Gobierno Autónomo Municipal de Toro Toro,34,True,ok,
data\raw\sigep_2026\recursos_por_rubro\2026_1517_Gobierno_Autónomo_Municipal_de_Cotagaita_recursos_por_rubro.pdf,2026_1517_Gobierno_Autónomo_Municipal_de_Cotagaita_recursos_por_rubro.pdf,1517,Gobierno Autónomo Municipal de Cotagaita,35,True,ok,
data\raw\sigep_2026\recursos_por_rubro\2026_1518_Gobierno_Autónomo_Municipal_de_Vitichi_recursos_por_rubro.pdf,2026_1518_Gobierno_Autónomo_Municipal_de_Vitichi_recursos_por_rubro.pdf,1518,Gobierno Autónomo Municipal de Vitichi,25,True,ok,
data\raw\sigep_2026\recursos_por_rubro\2026_1519_Gobierno_Autónomo_Municipal_de_Tupiza_recursos_por_rubro.pdf,2026_1519_Gobierno_Autónomo_Municipal_de_Tupiza_recursos_por_rubro.pdf,1519,Gobierno Autónomo Municipal de Tupiza,33,True,ok,
data\raw\sigep_2026\recursos_por_rubro\2026_1520_Gobierno_Autónomo_Municipal_de_Atocha_recursos_por_rubro.pdf,2026_1520_Gobierno_Autónomo_Municipal_de_Atocha_recursos_por_rubro.pdf,1520,Gobierno Autónomo Municipal de Atocha,35,True,ok,
data\raw\sigep_2026\recursos_por_rubro\2026_1521_Gobierno_Autónomo_Municipal_de_ColchaK_Villa_Martín_recursos_por_rubro.pdf,2026_1521_Gobierno_Autónomo_Municipal_de_ColchaK_Villa_Martín_recursos_por_rubro.pdf,1521,"Gobierno Autónomo Municipal de Colcha""K"" (Villa Martín)",34,True,ok,
data\raw\sigep_2026\recursos_por_rubro\2026_1522_Gobierno_Autónomo_Municipal_de_San_Pedro_de_Quemes_recursos_por_rubro.pdf,2026_1522_Gobierno_Autónomo_Municipal_de_San_Pedro_de_Quemes_recursos_por_rubro.pdf,1522,Gobierno Autónomo Municipal de San Pedro de Quemes,29,True,ok,
data\raw\sigep_2026\recursos_por_rubro\2026_1523_Gobierno_Autónomo_Municipal_de_San_Pablo_de_Lípez_recursos_por_rubro.pdf,2026_1523_Gobierno_Autónomo_Municipal_de_San_Pablo_de_Lípez_recursos_por_rubro.pdf,1523,Gobierno Autónomo Municipal de San Pablo de Lípez,29,True,ok,
data\raw\sigep_2026\recursos_por_rubro\2026_1524_Gobierno_Autónomo_Municipal_de_Mojinete_recursos_por_rubro.pdf,2026_1524_Gobierno_Autónomo_Municipal_de_Mojinete_recursos_por_rubro.pdf,1524,Gobierno Autónomo Municipal de Mojinete,17,True,ok,
data\raw\sigep_2026\recursos_por_rubro\2026_1525_Gobierno_Autónomo_Municipal_de_San_Antonio_de_Esmoruco_recursos_por_rubro.pdf,2026_1525_Gobierno_Autónomo_Municipal_de_San_Antonio_de_Esmoruco_recursos_por_rubro.pdf,1525,Gobierno Autónomo Municipal de San Antonio de Esmoruco,15,True,ok,
data\raw\sigep_2026\recursos_por_rubro\2026_1526_Gobierno_Autónomo_Municipal_de_Sacaca_Villa_de_Sacaca_recursos_por_rubro.pdf,2026_1526_Gobierno_Autónomo_Municipal_de_Sacaca_Villa_de_Sacaca_recursos_por_rubro.pdf,1526,Gobierno Autónomo Municipal de Sacaca (Villa de Sacaca),23,True,ok,
data\raw\sigep_2026\recursos_por_rubro\2026_1527_Gobierno_Autónomo_Municipal_de_Caripuyo_recursos_por_rubro.pdf,2026_1527_Gobierno_Autónomo_Municipal_de_Caripuyo_recursos_por_rubro.pdf,1527,Gobierno Autónomo Municipal de Caripuyo,18,True,ok,
data\raw\sigep_2026\recursos_por_rubro\2026_1528_Gobierno_Autónomo_Municipal_de_Puna_Villa_Talavera_recursos_por_rubro.pdf,2026_1528_Gobierno_Autónomo_Municipal_de_Puna_Villa_Talavera_recursos_por_rubro.pdf,1528,Gobierno Autónomo Municipal de Puna (Villa Talavera),26,True,ok,
data\raw\sigep_2026\recursos_por_rubro\2026_1529_Gobierno_Autónomo_Municipal_de_Caiza_D_recursos_por_rubro.pdf,2026_1529_Gobierno_Autónomo_Municipal_de_Caiza_D_recursos_por_rubro.pdf,1529,"Gobierno Autónomo Municipal de Caiza ""D""",27,True,ok,
data\raw\sigep_2026\recursos_por_rubro\2026_1530_Gobierno_Autónomo_Municipal_de_Uyuni_recursos_por_rubro.pdf,2026_1530_Gobierno_Autónomo_Municipal_de_Uyuni_recursos_por_rubro.pdf,1530,Gobierno Autónomo Municipal de Uyuni,38,True,ok,
data\raw\sigep_2026\recursos_por_rubro\2026_1531_Gobierno_Autónomo_Municipal_de_Tomave_recursos_por_rubro.pdf,2026_1531_Gobierno_Autónomo_Municipal_de_Tomave_recursos_por_rubro.pdf,1531,Gobierno Autónomo Municipal de Tomave,23,True,ok,
data\raw\sigep_2026\recursos_por_rubro\2026_1532_Gobierno_Autónomo_Municipal_de_Porco_recursos_por_rubro.pdf,2026_1532_Gobierno_Autónomo_Municipal_de_Porco_recursos_por_rubro.pdf,1532,Gobierno Autónomo Municipal de Porco,36,True,ok,
data\raw\sigep_2026\recursos_por_rubro\2026_1533_Gobierno_Autónomo_Municipal_de_Arampampa_recursos_por_rubro.pdf,2026_1533_Gobierno_Autónomo_Municipal_de_Arampampa_recursos_por_rubro.pdf,1533,Gobierno Autónomo Municipal de Arampampa,17,True,ok,
data\raw\sigep_2026\recursos_por_rubro\2026_1534_Gobierno_Autónomo_Municipal_de_Acasio_recursos_por_rubro.pdf,2026_1534_Gobierno_Autónomo_Municipal_de_Acasio_recursos_por_rubro.pdf,1534,Gobierno Autónomo Municipal de Acasio,16,True,ok,
data\raw\sigep_2026\recursos_por_rubro\2026_1535_Gobierno_Autónomo_Municipal_de_Llica_recursos_por_rubro.pdf,2026_1535_Gobierno_Autónomo_Municipal_de_Llica_recursos_por_rubro.pdf,1535,Gobierno Autónomo Municipal de Llica,24,True,ok,
data\raw\sigep_2026\recursos_por_rubro\2026_1536_Gobierno_Autónomo_Municipal_de_Tahua_recursos_por_rubro.pdf,2026_1536_Gobierno_Autónomo_Municipal_de_Tahua_recursos_por_rubro.pdf,1536,Gobierno Autónomo Municipal de Tahua,11,True,ok,
data\raw\sigep_2026\recursos_por_rubro\2026_1537_Gobierno_Autónomo_Municipal_de_Villazón_recursos_por_rubro.pdf,2026_1537_Gobierno_Autónomo_Municipal_de_Villazón_recursos_por_rubro.pdf,1537,Gobierno Autónomo Municipal de Villazón,33,True,ok,
data\raw\sigep_2026\recursos_por_rubro\2026_1538_Gobierno_Autónomo_Municipal_de_San_Agustín_recursos_por_rubro.pdf,2026_1538_Gobierno_Autónomo_Municipal_de_San_Agustín_recursos_por_rubro.pdf,1538,Gobierno Autónomo Municipal de San Agustín,13,True,ok,
data\raw\sigep_2026\recursos_por_rubro\2026_1539_Gobierno_Autónomo_Municipal_de_Ckochas_recursos_por_rubro.pdf,2026_1539_Gobierno_Autónomo_Municipal_de_Ckochas_recursos_por_rubro.pdf,1539,Gobierno Autónomo Municipal de Ckochas,16,True,ok,
data\raw\sigep_2026\recursos_por_rubro\2026_1540_Gobierno_Autónomo_Municipal_de_Chuquihuta_Ayllu_Jucumani_recursos_por_rubro.pdf,2026_1540_Gobierno_Autónomo_Municipal_de_Chuquihuta_Ayllu_Jucumani_recursos_por_rubro.pdf,1540,Gobierno Autónomo Municipal de Chuquihuta Ayllu Jucumani,23,True,ok,
data\raw\sigep_2026\recursos_por_rubro\2026_1541_Gobierno_Autónomo_Municipal_de_San_Pedro_de_Macha_recursos_por_rubro.pdf,2026_1541_Gobierno_Autónomo_Municipal_de_San_Pedro_de_Macha_recursos_por_rubro.pdf,1541,Gobierno Autónomo Municipal de San Pedro de Macha,24,True,ok,
data\raw\sigep_2026\recursos_por_rubro\2026_1601_Gobierno_Autónomo_Municipal_de_Tarija_recursos_por_rubro.pdf,2026_1601_Gobierno_Autónomo_Municipal_de_Tarija_recursos_por_rubro.pdf,1601,Gobierno Autónomo Municipal de Tarija,42,True,ok,
data\raw\sigep_2026\recursos_por_rubro\2026_1602_Gobierno_Autónomo_Municipal_de_Padcaya_recursos_por_rubro.pdf,2026_1602_Gobierno_Autónomo_Municipal_de_Padcaya_recursos_por_rubro.pdf,1602,Gobierno Autónomo Municipal de Padcaya,30,True,ok,
data\raw\sigep_2026\recursos_por_rubro\2026_1603_Gobierno_Autónomo_Municipal_de_Bermejo_recursos_por_rubro.pdf,2026_1603_Gobierno_Autónomo_Municipal_de_Bermejo_recursos_por_rubro.pdf,1603,Gobierno Autónomo Municipal de Bermejo,41,True,ok,
data\raw\sigep_2026\recursos_por_rubro\2026_1604_Gobierno_Autónomo_Municipal_de_Yacuiba_recursos_por_rubro.pdf,2026_1604_Gobierno_Autónomo_Municipal_de_Yacuiba_recursos_por_rubro.pdf,1604,Gobierno Autónomo Municipal de Yacuiba,42,True,ok,
data\raw\sigep_2026\recursos_por_rubro\2026_1605_Gobierno_Autónomo_Municipal_de_Caraparí_recursos_por_rubro.pdf,2026_1605_Gobierno_Autónomo_Municipal_de_Caraparí_recursos_por_rubro.pdf,1605,Gobierno Autónomo Municipal de Caraparí,48,True,ok,
data\raw\sigep_2026\recursos_por_rubro\2026_1606_Gobierno_Autónomo_Municipal_de_Villamontes_recursos_por_rubro.pdf,2026_1606_Gobierno_Autónomo_Municipal_de_Villamontes_recursos_por_rubro.pdf,1606,Gobierno Autónomo Municipal de Villamontes,39,True,ok,
data\raw\sigep_2026\recursos_por_rubro\2026_1607_Gobierno_Autónomo_Municipal_de_Uriondo_Concepción_recursos_por_rubro.pdf,2026_1607_Gobierno_Autónomo_Municipal_de_Uriondo_Concepción_recursos_por_rubro.pdf,1607,Gobierno Autónomo Municipal de Uriondo (Concepción),37,True,ok,
data\raw\sigep_2026\recursos_por_rubro\2026_1608_Gobierno_Autónomo_Municipal_de_Yunchara_recursos_por_rubro.pdf,2026_1608_Gobierno_Autónomo_Municipal_de_Yunchara_recursos_por_rubro.pdf,1608,Gobierno Autónomo Municipal de Yunchara,36,True,ok,
data\raw\sigep_2026\recursos_por_rubro\2026_1609_Gobierno_Autónomo_Municipal_de_San_Lorenzo_recursos_por_rubro.pdf,2026_1609_Gobierno_Autónomo_Municipal_de_San_Lorenzo_recursos_por_rubro.pdf,1609,Gobierno Autónomo Municipal de San Lorenzo,40,True,ok,
data\raw\sigep_2026\recursos_por_rubro\2026_1610_Gobierno_Autónomo_Municipal_de_El_Puente_recursos_por_rubro.pdf,2026_1610_Gobierno_Autónomo_Municipal_de_El_Puente_recursos_por_rubro.pdf,1610,Gobierno Autónomo Municipal de El Puente,39,True,ok,
data\raw\sigep_2026\recursos_por_rubro\2026_1611_Gobierno_Autónomo_Municipal_de_Entre_Ríos_recursos_por_rubro.pdf,2026_1611_Gobierno_Autónomo_Municipal_de_Entre_Ríos_recursos_por_rubro.pdf,1611,Gobierno Autónomo Municipal de Entre Ríos,46,True,ok,
data\raw\sigep_2026\recursos_por_rubro\2026_1701_Gobierno_Autónomo_Municipal_de_Santa_Cruz_de_La_Sierra_recursos_por_rubro.pdf,2026_1701_Gobierno_Autónomo_Municipal_de_Santa_Cruz_de_La_Sierra_recursos_por_rubro.pdf,1701,Gobierno Autónomo Municipal de Santa Cruz de La Sierra,52,True,ok,
data\raw\sigep_2026\recursos_por_rubro\2026_1702_Gobierno_Autónomo_Municipal_de_Cotoca_recursos_por_rubro.pdf,2026_1702_Gobierno_Autónomo_Municipal_de_Cotoca_recursos_por_rubro.pdf,1702,Gobierno Autónomo Municipal de Cotoca,25,True,ok,
data\raw\sigep_2026\recursos_por_rubro\2026_1703_Gobierno_Autónomo_Municipal_de_Porongo_Ayacucho_recursos_por_rubro.pdf,2026_1703_Gobierno_Autónomo_Municipal_de_Porongo_Ayacucho_recursos_por_rubro.pdf,1703,Gobierno Autónomo Municipal de Porongo (Ayacucho),32,True,ok,
data\raw\sigep_2026\recursos_por_rubro\2026_1704_Gobierno_Autónomo_Municipal_de_La_Guardia_recursos_por_rubro.pdf,2026_1704_Gobierno_Autónomo_Municipal_de_La_Guardia_recursos_por_rubro.pdf,1704,Gobierno Autónomo Municipal de La Guardia,40,True,ok,
data\raw\sigep_2026\recursos_por_rubro\2026_1705_Gobierno_Autónomo_Municipal_de_El_Torno_recursos_por_rubro.pdf,2026_1705_Gobierno_Autónomo_Municipal_de_El_Torno_recursos_por_rubro.pdf,1705,Gobierno Autónomo Municipal de El Torno,30,True,ok,
data\raw\sigep_2026\recursos_por_rubro\2026_1706_Gobierno_Autónomo_Municipal_de_Warnes_recursos_por_rubro.pdf,2026_1706_Gobierno_Autónomo_Municipal_de_Warnes_recursos_por_rubro.pdf,1706,Gobierno Autónomo Municipal de Warnes,38,True,ok,
data\raw\sigep_2026\recursos_por_rubro\2026_1707_Gobierno_Autónomo_Municipal_de_San_Ignacio_San_Ignacio_de_Velasco_recursos_por_rubro.pdf,2026_1707_Gobierno_Autónomo_Municipal_de_San_Ignacio_San_Ignacio_de_Velasco_recursos_por_rubro.pdf,1707,Gobierno Autónomo Municipal de San Ignacio (San Ignacio de Velasco),36,True,ok,
data\raw\sigep_2026\recursos_por_rubro\2026_1708_Gobierno_Autónomo_Municipal_de_San_Miguel_San_Miguel_de_Velasco_recursos_por_rubro.pdf,2026_1708_Gobierno_Autónomo_Municipal_de_San_Miguel_San_Miguel_de_Velasco_recursos_por_rubro.pdf,1708,Gobierno Autónomo Municipal de San Miguel (San Miguel de Velasco),30,True,ok,
data\raw\sigep_2026\recursos_por_rubro\2026_1709_Gobierno_Autónomo_Municipal_de_San_Rafael_recursos_por_rubro.pdf,2026_1709_Gobierno_Autónomo_Municipal_de_San_Rafael_recursos_por_rubro.pdf,1709,Gobierno Autónomo Municipal de San Rafael,28,True,ok,
data\raw\sigep_2026\recursos_por_rubro\2026_1710_Gobierno_Autónomo_Municipal_de_Buena_Vista_recursos_por_rubro.pdf,2026_1710_Gobierno_Autónomo_Municipal_de_Buena_Vista_recursos_por_rubro.pdf,1710,Gobierno Autónomo Municipal de Buena Vista,31,True,ok,
data\raw\sigep_2026\recursos_por_rubro\2026_1711_Gobierno_Autónomo_Municipal_de_San_Carlos_recursos_por_rubro.pdf,2026_1711_Gobierno_Autónomo_Municipal_de_San_Carlos_recursos_por_rubro.pdf,1711,Gobierno Autónomo Municipal de San Carlos,24,True,ok,
data\raw\sigep_2026\recursos_por_rubro\2026_1712_Gobierno_Autónomo_Municipal_de_Yapacaní_recursos_por_rubro.pdf,2026_1712_Gobierno_Autónomo_Municipal_de_Yapacaní_recursos_por_rubro.pdf,1712,Gobierno Autónomo Municipal de Yapacaní,39,True,ok,
data\raw\sigep_2026\recursos_por_rubro\2026_1713_Gobierno_Autónomo_Municipal_de_San_José_recursos_por_rubro.pdf,2026_1713_Gobierno_Autónomo_Municipal_de_San_José_recursos_por_rubro.pdf,1713,Gobierno Autónomo Municipal de San José,31,True,ok,
data\raw\sigep_2026\recursos_por_rubro\2026_1714_Gobierno_Autónomo_Municipal_de_Pailón_recursos_por_rubro.pdf,2026_1714_Gobierno_Autónomo_Municipal_de_Pailón_recursos_por_rubro.pdf,1714,Gobierno Autónomo Municipal de Pailón,34,True,ok,
data\raw\sigep_2026\recursos_por_rubro\2026_1715_Gobierno_Autónomo_Municipal_de_Roboré_recursos_por_rubro.pdf,2026_1715_Gobierno_Autónomo_Municipal_de_Roboré_recursos_por_rubro.pdf,1715,Gobierno Autónomo Municipal de Roboré,27,True,ok,
data\raw\sigep_2026\recursos_por_rubro\2026_1716_Gobierno_Autónomo_Municipal_de_Portachuelo_recursos_por_rubro.pdf,2026_1716_Gobierno_Autónomo_Municipal_de_Portachuelo_recursos_por_rubro.pdf,1716,Gobierno Autónomo Municipal de Portachuelo,22,True,ok,
data\raw\sigep_2026\recursos_por_rubro\2026_1717_Gobierno_Autónomo_Municipal_de_Santa_Rosa_del_Sara_recursos_por_rubro.pdf,2026_1717_Gobierno_Autónomo_Municipal_de_Santa_Rosa_del_Sara_recursos_por_rubro.pdf,1717,Gobierno Autónomo Municipal de Santa Rosa del Sara,26,True,ok,
data\raw\sigep_2026\recursos_por_rubro\2026_1718_Gobierno_Autónomo_Municipal_de_Lagunillas_recursos_por_rubro.pdf,2026_1718_Gobierno_Autónomo_Municipal_de_Lagunillas_recursos_por_rubro.pdf,1718,Gobierno Autónomo Municipal de Lagunillas,16,True,ok,
data\raw\sigep_2026\recursos_por_rubro\2026_1720_Gobierno_Autónomo_Municipal_de_Cabezas_recursos_por_rubro.pdf,2026_1720_Gobierno_Autónomo_Municipal_de_Cabezas_recursos_por_rubro.pdf,1720,Gobierno Autónomo Municipal de Cabezas,27,True,ok,
data\raw\sigep_2026\recursos_por_rubro\2026_1721_Gobierno_Autónomo_Municipal_de_Cuevo_recursos_por_rubro.pdf,2026_1721_Gobierno_Autónomo_Municipal_de_Cuevo_recursos_por_rubro.pdf,1721,Gobierno Autónomo Municipal de Cuevo,29,True,ok,
data\raw\sigep_2026\recursos_por_rubro\2026_1723_Gobierno_Autónomo_Municipal_de_Camiri_recursos_por_rubro.pdf,2026_1723_Gobierno_Autónomo_Municipal_de_Camiri_recursos_por_rubro.pdf,1723,Gobierno Autónomo Municipal de Camiri,34,True,ok,
data\raw\sigep_2026\recursos_por_rubro\2026_1724_Gobierno_Autónomo_Municipal_de_Boyuibe_recursos_por_rubro.pdf,2026_1724_Gobierno_Autónomo_Municipal_de_Boyuibe_recursos_por_rubro.pdf,1724,Gobierno Autónomo Municipal de Boyuibe,28,True,ok,
data\raw\sigep_2026\recursos_por_rubro\2026_1725_Gobierno_Autónomo_Municipal_de_Vallegrande_recursos_por_rubro.pdf,2026_1725_Gobierno_Autónomo_Municipal_de_Vallegrande_recursos_por_rubro.pdf,1725,Gobierno Autónomo Municipal de Vallegrande,29,True,ok,
data\raw\sigep_2026\recursos_por_rubro\2026_1726_Gobierno_Autónomo_Municipal_de_Trigal_recursos_por_rubro.pdf,2026_1726_Gobierno_Autónomo_Municipal_de_Trigal_recursos_por_rubro.pdf,1726,Gobierno Autónomo Municipal de Trigal,21,True,ok,
data\raw\sigep_2026\recursos_por_rubro\2026_1727_Gobierno_Autónomo_Municipal_de_Moro_Moro_recursos_por_rubro.pdf,2026_1727_Gobierno_Autónomo_Municipal_de_Moro_Moro_recursos_por_rubro.pdf,1727,Gobierno Autónomo Municipal de Moro Moro,23,True,ok,
data\raw\sigep_2026\recursos_por_rubro\2026_1728_Gobierno_Autónomo_Municipal_de_Postrer_Valle_recursos_por_rubro.pdf,2026_1728_Gobierno_Autónomo_Municipal_de_Postrer_Valle_recursos_por_rubro.pdf,1728,Gobierno Autónomo Municipal de Postrer Valle,18,True,ok,
data\raw\sigep_2026\recursos_por_rubro\2026_1729_Gobierno_Autónomo_Municipal_de_Pucara_recursos_por_rubro.pdf,2026_1729_Gobierno_Autónomo_Municipal_de_Pucara_recursos_por_rubro.pdf,1729,Gobierno Autónomo Municipal de Pucara,13,True,ok,
data\raw\sigep_2026\recursos_por_rubro\2026_1730_Gobierno_Autónomo_Municipal_de_Samaipata_recursos_por_rubro.pdf,2026_1730_Gobierno_Autónomo_Municipal_de_Samaipata_recursos_por_rubro.pdf,1730,Gobierno Autónomo Municipal de Samaipata,35,True,ok,
data\raw\sigep_2026\recursos_por_rubro\2026_1731_Gobierno_Autónomo_Municipal_de_Pampa_Grande_recursos_por_rubro.pdf,2026_1731_Gobierno_Autónomo_Municipal_de_Pampa_Grande_recursos_por_rubro.pdf,1731,Gobierno Autónomo Municipal de Pampa Grande,28,True,ok,
data\raw\sigep_2026\recursos_por_rubro\2026_1732_Gobierno_Autónomo_Municipal_de_Mairana_recursos_por_rubro.pdf,2026_1732_Gobierno_Autónomo_Municipal_de_Mairana_recursos_por_rubro.pdf,1732,Gobierno Autónomo Municipal de Mairana,27,True,ok,
data\raw\sigep_2026\recursos_por_rubro\2026_1733_Gobierno_Autónomo_Municipal_de_Quirusillas_recursos_por_rubro.pdf,2026_1733_Gobierno_Autónomo_Municipal_de_Quirusillas_recursos_por_rubro.pdf,1733,Gobierno Autónomo Municipal de Quirusillas,20,True,ok,
data\raw\sigep_2026\recursos_por_rubro\2026_1734_Gobierno_Autónomo_Municipal_de_Montero_recursos_por_rubro.pdf,2026_1734_Gobierno_Autónomo_Municipal_de_Montero_recursos_por_rubro.pdf,1734,Gobierno Autónomo Municipal de Montero,37,True,ok,
data\raw\sigep_2026\recursos_por_rubro\2026_1735_Gobierno_Autónomo_Municipal_de_General_Agustín_Saavedra_recursos_por_rubro.pdf,2026_1735_Gobierno_Autónomo_Municipal_de_General_Agustín_Saavedra_recursos_por_rubro.pdf,1735,Gobierno Autónomo Municipal de General Agustín Saavedra,33,True,ok,
data\raw\sigep_2026\recursos_por_rubro\2026_1736_Gobierno_Autónomo_Municipal_de_Mineros_recursos_por_rubro.pdf,2026_1736_Gobierno_Autónomo_Municipal_de_Mineros_recursos_por_rubro.pdf,1736,Gobierno Autónomo Municipal de Mineros,26,True,ok,
data\raw\sigep_2026\recursos_por_rubro\2026_1737_Gobierno_Autónomo_Municipal_de_Concepción_recursos_por_rubro.pdf,2026_1737_Gobierno_Autónomo_Municipal_de_Concepción_recursos_por_rubro.pdf,1737,Gobierno Autónomo Municipal de Concepción,30,True,ok,
data\raw\sigep_2026\recursos_por_rubro\2026_1738_Gobierno_Autónomo_Municipal_de_San_Javier_recursos_por_rubro.pdf,2026_1738_Gobierno_Autónomo_Municipal_de_San_Javier_recursos_por_rubro.pdf,1738,Gobierno Autónomo Municipal de San Javier,32,True,ok,
data\raw\sigep_2026\recursos_por_rubro\2026_1739_Gobierno_Autónomo_Municipal_de_San_Julián_recursos_por_rubro.pdf,2026_1739_Gobierno_Autónomo_Municipal_de_San_Julián_recursos_por_rubro.pdf,1739,Gobierno Autónomo Municipal de San Julián,41,True,ok,
data\raw\sigep_2026\recursos_por_rubro\2026_1740_Gobierno_Autónomo_Municipal_de_San_Matías_recursos_por_rubro.pdf,2026_1740_Gobierno_Autónomo_Municipal_de_San_Matías_recursos_por_rubro.pdf,1740,Gobierno Autónomo Municipal de San Matías,23,True,ok,
data\raw\sigep_2026\recursos_por_rubro\2026_1741_Gobierno_Autónomo_Municipal_de_Comarapa_recursos_por_rubro.pdf,2026_1741_Gobierno_Autónomo_Municipal_de_Comarapa_recursos_por_rubro.pdf,1741,Gobierno Autónomo Municipal de Comarapa,31,True,ok,
data\raw\sigep_2026\recursos_por_rubro\2026_1742_Gobierno_Autónomo_Municipal_de_Saipina_recursos_por_rubro.pdf,2026_1742_Gobierno_Autónomo_Municipal_de_Saipina_recursos_por_rubro.pdf,1742,Gobierno Autónomo Municipal de Saipina,36,True,ok,
data\raw\sigep_2026\recursos_por_rubro\2026_1743_Gobierno_Autónomo_Municipal_de_Puerto_Suárez_recursos_por_rubro.pdf,2026_1743_Gobierno_Autónomo_Municipal_de_Puerto_Suárez_recursos_por_rubro.pdf,1743,Gobierno Autónomo Municipal de Puerto Suárez,25,True,ok,
data\raw\sigep_2026\recursos_por_rubro\2026_1744_Gobierno_Autónomo_Municipal_de_Puerto_Quijarro_recursos_por_rubro.pdf,2026_1744_Gobierno_Autónomo_Municipal_de_Puerto_Quijarro_recursos_por_rubro.pdf,1744,Gobierno Autónomo Municipal de Puerto Quijarro,31,True,ok,
data\raw\sigep_2026\recursos_por_rubro\2026_1745_Gobierno_Autónomo_Municipal_de_Ascención_de_Guarayos_recursos_por_rubro.pdf,2026_1745_Gobierno_Autónomo_Municipal_de_Ascención_de_Guarayos_recursos_por_rubro.pdf,1745,Gobierno Autónomo Municipal de Ascención de Guarayos,34,True,ok,
data\raw\sigep_2026\recursos_por_rubro\2026_1746_Gobierno_Autónomo_Municipal_de_Urubicha_recursos_por_rubro.pdf,2026_1746_Gobierno_Autónomo_Municipal_de_Urubicha_recursos_por_rubro.pdf,1746,Gobierno Autónomo Municipal de Urubicha,16,True,ok,
data\raw\sigep_2026\recursos_por_rubro\2026_1747_Gobierno_Autónomo_Municipal_de_El_Puente_recursos_por_rubro.pdf,2026_1747_Gobierno_Autónomo_Municipal_de_El_Puente_recursos_por_rubro.pdf,1747,Gobierno Autónomo Municipal de El Puente,24,True,ok,
data\raw\sigep_2026\recursos_por_rubro\2026_1748_Gobierno_Autónomo_Municipal_de_Okinawa_Uno_recursos_por_rubro.pdf,2026_1748_Gobierno_Autónomo_Municipal_de_Okinawa_Uno_recursos_por_rubro.pdf,1748,Gobierno Autónomo Municipal de Okinawa Uno,26,True,ok,
data\raw\sigep_2026\recursos_por_rubro\2026_1749_Gobierno_Autónomo_Municipal_de_San_Antonio_de_Lomerio_recursos_por_rubro.pdf,2026_1749_Gobierno_Autónomo_Municipal_de_San_Antonio_de_Lomerio_recursos_por_rubro.pdf,1749,Gobierno Autónomo Municipal de San Antonio de Lomerio,20,True,ok,
data\raw\sigep_2026\recursos_por_rubro\2026_1750_Gobierno_Autónomo_Municipal_de_San_Ramón_recursos_por_rubro.pdf,2026_1750_Gobierno_Autónomo_Municipal_de_San_Ramón_recursos_por_rubro.pdf,1750,Gobierno Autónomo Municipal de San Ramón,35,True,ok,
data\raw\sigep_2026\recursos_por_rubro\2026_1751_Gobierno_Autónomo_Municipal_de_El_Carmen_Rivero_Tórrez_recursos_por_rubro.pdf,2026_1751_Gobierno_Autónomo_Municipal_de_El_Carmen_Rivero_Tórrez_recursos_por_rubro.pdf,1751,Gobierno Autónomo Municipal de El Carmen Rivero Tórrez,39,True,ok,
data\raw\sigep_2026\recursos_por_rubro\2026_1752_Gobierno_Autónomo_Municipal_de_San_Juan_recursos_por_rubro.pdf,2026_1752_Gobierno_Autónomo_Municipal_de_San_Juan_recursos_por_rubro.pdf,1752,Gobierno Autónomo Municipal de San Juan,34,True,ok,
data\raw\sigep_2026\recursos_por_rubro\2026_1753_Gobierno_Autónomo_Municipal_de_Fernández_Alonso_recursos_por_rubro.pdf,2026_1753_Gobierno_Autónomo_Municipal_de_Fernández_Alonso_recursos_por_rubro.pdf,1753,Gobierno Autónomo Municipal de Fernández Alonso,27,True,ok,
data\raw\sigep_2026\recursos_por_rubro\2026_1754_Gobierno_Autónomo_Municipal_de_San_Pedro_recursos_por_rubro.pdf,2026_1754_Gobierno_Autónomo_Municipal_de_San_Pedro_recursos_por_rubro.pdf,1754,Gobierno Autónomo Municipal de San Pedro,24,True,ok,
data\raw\sigep_2026\recursos_por_rubro\2026_1755_Gobierno_Autónomo_Municipal_de_Cuatro_Cañadas_recursos_por_rubro.pdf,2026_1755_Gobierno_Autónomo_Municipal_de_Cuatro_Cañadas_recursos_por_rubro.pdf,1755,Gobierno Autónomo Municipal de Cuatro Cañadas,33,True,ok,
data\raw\sigep_2026\recursos_por_rubro\2026_1756_Gobierno_Autónomo_Municipal_de_Colpa_Bélgica_recursos_por_rubro.pdf,2026_1756_Gobierno_Autónomo_Municipal_de_Colpa_Bélgica_recursos_por_rubro.pdf,1756,Gobierno Autónomo Municipal de Colpa Bélgica,23,True,ok,
data\raw\sigep_2026\recursos_por_rubro\2026_1801_Gobierno_Autónomo_Municipal_de_Trinidad_recursos_por_rubro.pdf,2026_1801_Gobierno_Autónomo_Municipal_de_Trinidad_recursos_por_rubro.pdf,1801,Gobierno Autónomo Municipal de Trinidad,29,True,ok,
data\raw\sigep_2026\recursos_por_rubro\2026_1802_Gobierno_Autónomo_Municipal_de_San_Javier_recursos_por_rubro.pdf,2026_1802_Gobierno_Autónomo_Municipal_de_San_Javier_recursos_por_rubro.pdf,1802,Gobierno Autónomo Municipal de San Javier,28,True,ok,
data\raw\sigep_2026\recursos_por_rubro\2026_1803_Gobierno_Autónomo_Municipal_de_Riberalta_recursos_por_rubro.pdf,2026_1803_Gobierno_Autónomo_Municipal_de_Riberalta_recursos_por_rubro.pdf,1803,Gobierno Autónomo Municipal de Riberalta,27,True,ok,
data\raw\sigep_2026\recursos_por_rubro\2026_1805_Gobierno_Autónomo_Municipal_de_Puerto_Guayaramerín_recursos_por_rubro.pdf,2026_1805_Gobierno_Autónomo_Municipal_de_Puerto_Guayaramerín_recursos_por_rubro.pdf,1805,Gobierno Autónomo Municipal de Puerto Guayaramerín,30,True,ok,
data\raw\sigep_2026\recursos_por_rubro\2026_1806_Gobierno_Autónomo_Municipal_de_Reyes_recursos_por_rubro.pdf,2026_1806_Gobierno_Autónomo_Municipal_de_Reyes_recursos_por_rubro.pdf,1806,Gobierno Autónomo Municipal de Reyes,19,True,ok,
data\raw\sigep_2026\recursos_por_rubro\2026_1807_Gobierno_Autónomo_Municipal_de_Puerto_Rurrenabaque_recursos_por_rubro.pdf,2026_1807_Gobierno_Autónomo_Municipal_de_Puerto_Rurrenabaque_recursos_por_rubro.pdf,1807,Gobierno Autónomo Municipal de Puerto Rurrenabaque,32,True,ok,
data\raw\sigep_2026\recursos_por_rubro\2026_1808_Gobierno_Autónomo_Municipal_de_San_Borja_recursos_por_rubro.pdf,2026_1808_Gobierno_Autónomo_Municipal_de_San_Borja_recursos_por_rubro.pdf,1808,Gobierno Autónomo Municipal de San Borja,15,True,ok,
data\raw\sigep_2026\recursos_por_rubro\2026_1809_Gobierno_Autónomo_Municipal_de_Santa_Rosa_recursos_por_rubro.pdf,2026_1809_Gobierno_Autónomo_Municipal_de_Santa_Rosa_recursos_por_rubro.pdf,1809,Gobierno Autónomo Municipal de Santa Rosa,27,True,ok,
data\raw\sigep_2026\recursos_por_rubro\2026_1810_Gobierno_Autónomo_Municipal_de_Santa_Ana_recursos_por_rubro.pdf,2026_1810_Gobierno_Autónomo_Municipal_de_Santa_Ana_recursos_por_rubro.pdf,1810,Gobierno Autónomo Municipal de Santa Ana,29,True,ok,
data\raw\sigep_2026\recursos_por_rubro\2026_1811_Gobierno_Autónomo_Municipal_de_San_Ignacio_recursos_por_rubro.pdf,2026_1811_Gobierno_Autónomo_Municipal_de_San_Ignacio_recursos_por_rubro.pdf,1811,Gobierno Autónomo Municipal de San Ignacio,29,True,ok,
data\raw\sigep_2026\recursos_por_rubro\2026_1812_Gobierno_Autónomo_Municipal_de_Loreto_recursos_por_rubro.pdf,2026_1812_Gobierno_Autónomo_Municipal_de_Loreto_recursos_por_rubro.pdf,1812,Gobierno Autónomo Municipal de Loreto,10,True,ok,
data\raw\sigep_2026\recursos_por_rubro\2026_1813_Gobierno_Autónomo_Municipal_de_San_Andrés_recursos_por_rubro.pdf,2026_1813_Gobierno_Autónomo_Municipal_de_San_Andrés_recursos_por_rubro.pdf,1813,Gobierno Autónomo Municipal de San Andrés,21,True,ok,
data\raw\sigep_2026\recursos_por_rubro\2026_1814_Gobierno_Autónomo_Municipal_de_San_Joaquín_recursos_por_rubro.pdf,2026_1814_Gobierno_Autónomo_Municipal_de_San_Joaquín_recursos_por_rubro.pdf,1814,Gobierno Autónomo Municipal de San Joaquín,25,True,ok,
data\raw\sigep_2026\recursos_por_rubro\2026_1815_Gobierno_Autónomo_Municipal_de_San_Ramón_recursos_por_rubro.pdf,2026_1815_Gobierno_Autónomo_Municipal_de_San_Ramón_recursos_por_rubro.pdf,1815,Gobierno Autónomo Municipal de San Ramón,22,True,ok,
data\raw\sigep_2026\recursos_por_rubro\2026_1816_Gobierno_Autónomo_Municipal_de_Puerto_Síles_recursos_por_rubro.pdf,2026_1816_Gobierno_Autónomo_Municipal_de_Puerto_Síles_recursos_por_rubro.pdf,1816,Gobierno Autónomo Municipal de Puerto Síles,14,True,ok,
data\raw\sigep_2026\recursos_por_rubro\2026_1817_Gobierno_Autónomo_Municipal_de_Magdalena_recursos_por_rubro.pdf,2026_1817_Gobierno_Autónomo_Municipal_de_Magdalena_recursos_por_rubro.pdf,1817,Gobierno Autónomo Municipal de Magdalena,28,True,ok,
data\raw\sigep_2026\recursos_por_rubro\2026_1818_Gobierno_Autónomo_Municipal_de_Baures_recursos_por_rubro.pdf,2026_1818_Gobierno_Autónomo_Municipal_de_Baures_recursos_por_rubro.pdf,1818,Gobierno Autónomo Municipal de Baures,22,True,ok,
data\raw\sigep_2026\recursos_por_rubro\2026_1819_Gobierno_Autónomo_Municipal_de_Huacaraje_recursos_por_rubro.pdf,2026_1819_Gobierno_Autónomo_Municipal_de_Huacaraje_recursos_por_rubro.pdf,1819,Gobierno Autónomo Municipal de Huacaraje,19,True,ok,
data\raw\sigep_2026\recursos_por_rubro\2026_1820_Gobierno_Autónomo_Municipal_de_Exaltación_recursos_por_rubro.pdf,2026_1820_Gobierno_Autónomo_Municipal_de_Exaltación_recursos_por_rubro.pdf,1820,Gobierno Autónomo Municipal de Exaltación,26,True,ok,
data\raw\sigep_2026\recursos_por_rubro\2026_1901_Gobierno_Autónomo_Municipal_de_Cobija_recursos_por_rubro.pdf,2026_1901_Gobierno_Autónomo_Municipal_de_Cobija_recursos_por_rubro.pdf,1901,Gobierno Autónomo Municipal de Cobija,28,True,ok,
data\raw\sigep_2026\recursos_por_rubro\2026_1902_Gobierno_Autónomo_Municipal_de_Porvenir_recursos_por_rubro.pdf,2026_1902_Gobierno_Autónomo_Municipal_de_Porvenir_recursos_por_rubro.pdf,1902,Gobierno Autónomo Municipal de Porvenir,24,True,ok,
data\raw\sigep_2026\recursos_por_rubro\2026_1903_Gobierno_Autónomo_Municipal_de_Bolpebra_recursos_por_rubro.pdf,2026_1903_Gobierno_Autónomo_Municipal_de_Bolpebra_recursos_por_rubro.pdf,1903,Gobierno Autónomo Municipal de Bolpebra,14,True,ok,
data\raw\sigep_2026\recursos_por_rubro\2026_1904_Gobierno_Autónomo_Municipal_de_Bella_Flor_recursos_por_rubro.pdf,2026_1904_Gobierno_Autónomo_Municipal_de_Bella_Flor_recursos_por_rubro.pdf,1904,Gobierno Autónomo Municipal de Bella Flor,15,True,ok,
data\raw\sigep_2026\recursos_por_rubro\2026_1905_Gobierno_Autónomo_Municipal_de_Puerto_Rico_recursos_por_rubro.pdf,2026_1905_Gobierno_Autónomo_Municipal_de_Puerto_Rico_recursos_por_rubro.pdf,1905,Gobierno Autónomo Municipal de Puerto Rico,15,True,ok,
data\raw\sigep_2026\recursos_por_rubro\2026_1906_Gobierno_Autónomo_Municipal_de_San_Pedro_recursos_por_rubro.pdf,2026_1906_Gobierno_Autónomo_Municipal_de_San_Pedro_recursos_por_rubro.pdf,1906,Gobierno Autónomo Municipal de San Pedro,11,True,ok,
data\raw\sigep_2026\recursos_por_rubro\2026_1907_Gobierno_Autónomo_Municipal_de_Filadelfia_recursos_por_rubro.pdf,2026_1907_Gobierno_Autónomo_Municipal_de_Filadelfia_recursos_por_rubro.pdf,1907,Gobierno Autónomo Municipal de Filadelfia,14,True,ok,
data\raw\sigep_2026\recursos_por_rubro\2026_1908_Gobierno_Autónomo_Municipal_de_Puerto_Gonzalo_Moreno_recursos_por_rubro.pdf,2026_1908_Gobierno_Autónomo_Municipal_de_Puerto_Gonzalo_Moreno_recursos_por_rubro.pdf,1908,Gobierno Autónomo Municipal de Puerto Gonzalo Moreno,19,True,ok,
data\raw\sigep_2026\recursos_por_rubro\2026_1909_Gobierno_Autónomo_Municipal_de_San_Lorenzo_recursos_por_rubro.pdf,2026_1909_Gobierno_Autónomo_Municipal_de_San_Lorenzo_recursos_por_rubro.pdf,1909,Gobierno Autónomo Municipal de San Lorenzo,11,True,ok,
data\raw\sigep_2026\recursos_por_rubro\2026_1910_Gobierno_Autónomo_Municipal_de_Sena_recursos_por_rubro.pdf,2026_1910_Gobierno_Autónomo_Municipal_de_Sena_recursos_por_rubro.pdf,1910,Gobierno Autónomo Municipal de Sena,23,True,ok,
data\raw\sigep_2026\recursos_por_rubro\2026_1911_Gobierno_Autónomo_Municipal_de_Santa_Rosa_del_Abuná_recursos_por_rubro.pdf,2026_1911_Gobierno_Autónomo_Municipal_de_Santa_Rosa_del_Abuná_recursos_por_rubro.pdf,1911,Gobierno Autónomo Municipal de Santa Rosa del Abuná,10,True,ok,
data\raw\sigep_2026\recursos_por_rubro\2026_1912_Gobierno_Autónomo_Municipal_de_Ingavi_Humaita_recursos_por_rubro.pdf,2026_1912_Gobierno_Autónomo_Municipal_de_Ingavi_Humaita_recursos_por_rubro.pdf,1912,Gobierno Autónomo Municipal de Ingavi (Humaita),9,True,ok,
data\raw\sigep_2026\recursos_por_rubro\2026_1913_Gobierno_Autónomo_Municipal_de_Nueva_Esperanza_recursos_por_rubro.pdf,2026_1913_Gobierno_Autónomo_Municipal_de_Nueva_Esperanza_recursos_por_rubro.pdf,1913,Gobierno Autónomo Municipal de Nueva Esperanza,13,True,ok,
data\raw\sigep_2026\recursos_por_rubro\2026_1914_Gobierno_Autónomo_Municipal_de_Villa_Nueva_Loma_Alta_recursos_por_rubro.pdf,2026_1914_Gobierno_Autónomo_Municipal_de_Villa_Nueva_Loma_Alta_recursos_por_rubro.pdf,1914,Gobierno Autónomo Municipal de Villa Nueva (Loma Alta),11,True,ok,
data\raw\sigep_2026\recursos_por_rubro\2026_1915_Gobierno_Autónomo_Municipal_de_Santos_Mercado_recursos_por_rubro.pdf,2026_1915_Gobierno_Autónomo_Municipal_de_Santos_Mercado_recursos_por_rubro.pdf,1915,Gobierno Autónomo Municipal de Santos Mercado,9,True,ok,
data\raw\sigep_2026\recursos_por_rubro\2026_3101_Autonomía_del_Territorio_Indígena_Originario_Campesino_Guaraní_Chaqueño_de_recursos_por_rubro.pdf,2026_3101_Autonomía_del_Territorio_Indígena_Originario_Campesino_Guaraní_Chaqueño_de_recursos_por_rubro.pdf,3101,Autonomía del Territorio Indígena Originario Campesino Guaraní Chaqueño de Huacaya,9,True,ok,
data\raw\sigep_2026\recursos_por_rubro\2026_3301_Gobierno_Autónomo_Indígena_Originario_Campesino_del_Territorio_de_Raqaypampa_recursos_por_rubro.pdf,2026_3301_Gobierno_Autónomo_Indígena_Originario_Campesino_del_Territorio_de_Raqaypampa_recursos_por_rubro.pdf,3301,Gobierno Autónomo Indígena Originario Campesino del Territorio de Raqaypampa,19,True,ok,
data\raw\sigep_2026\recursos_por_rubro\2026_3401_Gobierno_Autónomo_Indígena_Originario_Campesino_de_la_Nación_Originaria_Uru_recursos_por_rubro.pdf,2026_3401_Gobierno_Autónomo_Indígena_Originario_Campesino_de_la_Nación_Originaria_Uru_recursos_por_rubro.pdf,3401,GAIOC de la Nación Originaria Uru Chipaya,10,True,ok,
data\raw\sigep_2026\recursos_por_rubro\2026_3402_Gobierno_Autónomo_Indígena_Originario_Campesino_de_Salinas_recursos_por_rubro.pdf,2026_3402_Gobierno_Autónomo_Indígena_Originario_Campesino_de_Salinas_recursos_por_rubro.pdf,3402,Gobierno Autónomo Indígena Originario Campesino de Salinas,15,True,ok,
data\raw\sigep_2026\recursos_por_rubro\2026_3501_Gobierno_Autónomo_Indígena_Originario_Campesino_de_la_Autonomía_Originaria_del_recursos_por_rubro.pdf,2026_3501_Gobierno_Autónomo_Indígena_Originario_Campesino_de_la_Autonomía_Originaria_del_recursos_por_rubro.pdf,3501,Gobierno Autónomo Indígena Originario Campesino de la Autonomía Originaria del Jatún Ayllu Yura,26,True,ok,
data\raw\sigep_2026\recursos_por_rubro\2026_3701_Gobierno_Autónomo_Indígena_Originario_Campesino_de_Charagua_Iyambae_recursos_por_rubro.pdf,2026_3701_Gobierno_Autónomo_Indígena_Originario_Campesino_de_Charagua_Iyambae_recursos_por_rubro.pdf,3701,GAIOC de Charagua Iyambae,26,True,ok,
data\raw\sigep_2026\recursos_por_rubro\2026_3702_Gobierno_Autónomo_Indígena_Guaraní_Kereimba_Iyaambae_recursos_por_rubro.pdf,2026_3702_Gobierno_Autónomo_Indígena_Guaraní_Kereimba_Iyaambae_recursos_por_rubro.pdf,3702,Gobierno Autónomo Indígena Guaraní Kereimba Iyaambae,21,True,ok,
data\raw\sigep_2026\recursos_por_rubro\2026_3801_Gobierno_Indígena_Autónomo_del_Territorio_Indígena_Multiétnico_recursos_por_rubro.pdf,2026_3801_Gobierno_Indígena_Autónomo_del_Territorio_Indígena_Multiétnico_recursos_por_rubro.pdf,3801,Gobierno Indígena Autónomo del Territorio Indígena Multiétnico,22,True,ok,
data\raw\sigep_2026\recursos_por_rubro\2026_4601_Gobierno_Autónomo_Regional_del_Gran_Chaco_recursos_por_rubro.pdf,2026_4601_Gobierno_Autónomo_Regional_del_Gran_Chaco_recursos_por_rubro.pdf,4601,Gobierno Autónomo Regional del Gran Chaco,18,True,ok,
data\raw\sigep_2026\recursos_por_rubro\2026_901_Gobierno_Autónomo_Departamental_de_Chuquisaca_recursos_por_rubro.pdf,2026_901_Gobierno_Autónomo_Departamental_de_Chuquisaca_recursos_por_rubro.pdf,901,Gobierno Autónomo Departamental de Chuquisaca,43,True,ok,
data\raw\sigep_2026\recursos_por_rubro\2026_902_Gobierno_Autónomo_Departamental_de_La_Paz_recursos_por_rubro.pdf,2026_902_Gobierno_Autónomo_Departamental_de_La_Paz_recursos_por_rubro.pdf,902,Gobierno Autónomo Departamental de La Paz,33,True,ok,
data\raw\sigep_2026\recursos_por_rubro\2026_903_Gobierno_Autónomo_Departamental_de_Cochabamba_recursos_por_rubro.pdf,2026_903_Gobierno_Autónomo_Departamental_de_Cochabamba_recursos_por_rubro.pdf,903,Gobierno Autónomo Departamental de Cochabamba,49,True,ok,
data\raw\sigep_2026\recursos_por_rubro\2026_904_Gobierno_Autónomo_Departamental_de_Oruro_recursos_por_rubro.pdf,2026_904_Gobierno_Autónomo_Departamental_de_Oruro_recursos_por_rubro.pdf,904,Gobierno Autónomo Departamental de Oruro,44,True,ok,
data\raw\sigep_2026\recursos_por_rubro\2026_905_Gobierno_Autónomo_Departamental_de_Potosí_recursos_por_rubro.pdf,2026_905_Gobierno_Autónomo_Departamental_de_Potosí_recursos_por_rubro.pdf,905,Gobierno Autónomo Departamental de Potosí,32,True,ok,
data\raw\sigep_2026\recursos_por_rubro\2026_906_Gobierno_Autónomo_Departamental_de_Tarija_recursos_por_rubro.pdf,2026_906_Gobierno_Autónomo_Departamental_de_Tarija_recursos_por_rubro.pdf,906,Gobierno Autónomo Departamental de Tarija,40,True,ok,
data\raw\sigep_2026\recursos_por_rubro\2026_907_Gobierno_Autónomo_Departamental_de_Santa_Cruz_recursos_por_rubro.pdf,2026_907_Gobierno_Autónomo_Departamental_de_Santa_Cruz_recursos_por_rubro.pdf,907,Gobierno Autónomo Departamental de Santa Cruz,41,True,ok,
data\raw\sigep_2026\recursos_por_rubro\2026_908_Gobierno_Autónomo_Departamental_del_Beni_recursos_por_rubro.pdf,2026_908_Gobierno_Autónomo_Departamental_del_Beni_recursos_por_rubro.pdf,908,Gobierno Autónomo Departamental del Beni,33,True,ok,
data\raw\sigep_2026\recursos_por_rubro\2026_909_Gobierno_Autónomo_Departamental_de_Pando_recursos_por_rubro.pdf,2026_909_Gobierno_Autónomo_Departamental_de_Pando_recursos_por_rubro.pdf,909,Gobierno Autónomo Departamental de Pando,31,True,ok,
