gestion,codigo_entidad,nombre_entidad,monto_01_tgn,monto_02_tgn_p,monto_03_tgn_ct,monto_04_recon,monto_05_tgn_fcom,monto_06_tgn_pg_n,monto_07_tgn_iehd,monto_08_tgn_idh,monto_09_tgn_ipj,monto_10_tgn_ppet,monto_11_ot_gob,monto_12_total_tgn,monto_13_otros_ingresos,monto_14_recursos_especificos,monto_15_donaciones_internas,monto_16_credito_externo,monto_17_donaciones_externas,total,file
2026,1101,Gobierno Autónomo Municipal de Sucre,14573477,0,246192248,0,0,0,70288976,0,0,0,331054701,0,205732539,0,0,0,0,536787240,data\raw\sigep_2026\objeto_gasto_fuente_total_gastos\2026_1101_Gobierno_Autónomo_Municipal_de_Sucre_objeto_gasto_fuente_total_gastos.pdf
2026,1102,Gobierno Autónomo Municipal de Yotala,32588,0,7760140,0,0,0,2193468,0,0,0,9986196,0,2105568,0,52852,0,0,12144616,data\raw\sigep_2026\objeto_gasto_fuente_total_gastos\2026_1102_Gobierno_Autónomo_Municipal_de_Yotala_objeto_gasto_fuente_total_gastos.pdf
2026,1103,Gobierno Autónomo Municipal de Poroma,145767,0,11340016,0,0,0,3237625,0,0,0,14723408,0,157125,0,412886,0,0,15293419,data\raw\sigep_2026\objeto_gasto_fuente_total_gastos\2026_1103_Gobierno_Autónomo_Municipal_de_Poroma_objeto_gasto_fuente_total_gastos.pdf
2026,1104,Gobierno Autónomo Municipal de Villa Azurduy,7183412,0,6535474,0,0,0,1865906,0,0,0,15584792,0,600000,0,0,0,0,16184792,data\raw\sigep_2026\objeto_gasto_fuente_total_gastos\2026_1104_Gobierno_Autónomo_Municipal_de_Villa_Azurduy_objeto_gasto_fuente_total_gastos.pdf
2026,1105,Gobierno Autónomo Municipal de Tarvita (Villa Orías),22696,0,13692820,0,0,0,3909361,0,0,0,17624877,0,1740497,0,0,0,0,19365374,data\raw\sigep_2026\objeto_gasto_fuente_total_gastos\2026_1105_Gobierno_Autónomo_Municipal_de_Tarvita_Villa_Orías_objeto_gasto_fuente_total_gastos.pdf
2026,1106,Gobierno Autónomo Municipal de Villa Zudañez (Tacopaya),38025,0,11047712,0,0,0,3011418,0,0,0,14097155,0,1797325,0,0,0,0,15894480,data\raw\sigep_2026\objeto_gasto_fuente_total_gastos\2026_1106_Gobierno_Autónomo_Municipal_de_Villa_Zudañez_Tacopaya_objeto_gasto_fuente_total_gastos.pdf
2026,1107,Gobierno Autónomo Municipal de Presto,815850,0,9995676,0,0,0,2853809,0,0,0,13665335,0,239810,0,476218,0,0,14381363,data\raw\sigep_2026\objeto_gasto_fuente_total_gastos\2026_1107_Gobierno_Autónomo_Municipal_de_Presto_objeto_gasto_fuente_total_gastos.pdf
2026,1108,Gobierno Autónomo Municipal de Villa Mojocoya,27938,0,7458306,0,0,0,2129380,0,0,0,9615624,0,900000,0,0,0,0,10515624,data\raw\sigep_2026\objeto_gasto_fuente_total_gastos\2026_1108_Gobierno_Autónomo_Municipal_de_Villa_Mojocoya_objeto_gasto_fuente_total_gastos.pdf
2026,1109,Gobierno Autónomo Municipal de Icla,173458,0,7361034,0,0,0,2101607,0,0,0,9636099,0,310924,0,0,0,0,9947023,data\raw\sigep_2026\objeto_gasto_fuente_total_gastos\2026_1109_Gobierno_Autónomo_Municipal_de_Icla_objeto_gasto_fuente_total_gastos.pdf
2026,1110,Gobierno Autónomo Municipal de Padilla,52050,0,6270264,0,0,0,1790188,0,0,0,8112502,0,6088066,0,0,0,0,14200568,data\raw\sigep_2026\objeto_gasto_fuente_total_gastos\2026_1110_Gobierno_Autónomo_Municipal_de_Padilla_objeto_gasto_fuente_total_gastos.pdf
2026,1111,Gobierno Autónomo Municipal de Tomina,35663,0,6934536,0,0,0,1979840,0,0,0,8950039,0,618890,0,191793,0,0,9760722,data\raw\sigep_2026\objeto_gasto_fuente_total_gastos\2026_1111_Gobierno_Autónomo_Municipal_de_Tomina_objeto_gasto_fuente_total_gastos.pdf
2026,1112,Gobierno Autónomo Municipal de Sopachuy,1184430,0,6024879,0,0,0,1684478,0,0,0,8893787,0,670586,0,0,0,0,9564373,data\raw\sigep_2026\objeto_gasto_fuente_total_gastos\2026_1112_Gobierno_Autónomo_Municipal_de_Sopachuy_objeto_gasto_fuente_total_gastos.pdf
2026,1113,Gobierno Autónomo Municipal de Villa Alcalá,2871787,0,3119336,0,0,0,890584,0,0,0,6881707,0,1220000,0,0,0,0,8101707,data\raw\sigep_2026\objeto_gasto_fuente_total_gastos\2026_1113_Gobierno_Autónomo_Municipal_de_Villa_Alcalá_objeto_gasto_fuente_total_gastos.pdf
2026,1114,Gobierno Autónomo Municipal de El Villar,1477853,0,4685655,0,0,0,1337776,0,0,0,7501284,0,555000,0,0,0,0,8056284,data\raw\sigep_2026\objeto_gasto_fuente_total_gastos\2026_1114_Gobierno_Autónomo_Municipal_de_El_Villar_objeto_gasto_fuente_total_gastos.pdf
2026,1115,Gobierno Autónomo Municipal de Monteagudo,2655702,0,20915586,0,0,0,5812296,0,706930,0,30090514,0,6884315,0,0,0,0,36974829,data\raw\sigep_2026\objeto_gasto_fuente_total_gastos\2026_1115_Gobierno_Autónomo_Municipal_de_Monteagudo_objeto_gasto_fuente_total_gastos.pdf
2026,1116,Gobierno Autónomo Municipal de San Pablo de Huacareta,3546691,0,5986764,0,0,0,1709248,0,0,0,11242703,0,458983,0,0,0,0,11701686,data\raw\sigep_2026\objeto_gasto_fuente_total_gastos\2026_1116_Gobierno_Autónomo_Municipal_de_San_Pablo_de_Huacareta_objeto_gasto_fuente_total_gastos.pdf
2026,1117,Gobierno Autónomo Municipal de Tarabuco,717128,0,11016610,0,0,0,3145290,0,0,0,14879028,0,500741,0,0,0,0,15379769,data\raw\sigep_2026\objeto_gasto_fuente_total_gastos\2026_1117_Gobierno_Autónomo_Municipal_de_Tarabuco_objeto_gasto_fuente_total_gastos.pdf
2026,1118,Gobierno Autónomo Municipal de Yamparáez,2258159,0,7597487,0,0,0,2026364,0,0,0,11882010,0,430000,0,0,0,0,12312010,data\raw\sigep_2026\objeto_gasto_fuente_total_gastos\2026_1118_Gobierno_Autónomo_Municipal_de_Yamparáez_objeto_gasto_fuente_total_gastos.pdf
2026,1119,Gobierno Autónomo Municipal de Camargo,45713,0,12231255,0,0,0,3492078,0,0,0,15769046,0,2356179,0,0,0,0,18125225,data\raw\sigep_2026\objeto_gasto_fuente_total_gastos\2026_1119_Gobierno_Autónomo_Municipal_de_Camargo_objeto_gasto_fuente_total_gastos.pdf
2026,1120,Gobierno Autónomo Municipal de San Lucas,15028901,0,22019917,0,0,0,6286783,0,0,0,43335601,0,4406577,0,921827,0,0,48664005,data\raw\sigep_2026\objeto_gasto_fuente_total_gastos\2026_1120_Gobierno_Autónomo_Municipal_de_San_Lucas_objeto_gasto_fuente_total_gastos.pdf
2026,1121,Gobierno Autónomo Municipal de Incahuasi,2485222,0,13560631,0,0,0,3871620,0,0,0,19917473,0,215920,0,0,0,0,20133393,data\raw\sigep_2026\objeto_gasto_fuente_total_gastos\2026_1121_Gobierno_Autónomo_Municipal_de_Incahuasi_objeto_gasto_fuente_total_gastos.pdf
2026,1122,Gobierno Autónomo Municipal de Villa Serrano,2347076,0,7449992,0,0,0,2127006,0,0,0,11924074,0,1000109,0,0,0,0,12924183,data\raw\sigep_2026\objeto_gasto_fuente_total_gastos\2026_1122_Gobierno_Autónomo_Municipal_de_Villa_Serrano_objeto_gasto_fuente_total_gastos.pdf
2026,1123,Gobierno Autónomo Municipal de Camataqui (Villa Abecia),12563,0,4465339,0,0,0,1274874,0,0,0,5752776,0,330000,0,0,0,0,6082776,data\raw\sigep_2026\objeto_gasto_fuente_total_gastos\2026_1123_Gobierno_Autónomo_Municipal_de_Camataqui_Villa_Abecia_objeto_gasto_fuente_total_gastos.pdf
2026,1124,Gobierno Autónomo Municipal de Culpina,4132799,0,12360950,0,0,0,3529106,0,0,0,20022855,0,1885106,0,0,0,0,21907961,data\raw\sigep_2026\objeto_gasto_fuente_total_gastos\2026_1124_Gobierno_Autónomo_Municipal_de_Culpina_objeto_gasto_fuente_total_gastos.pdf
2026,1125,Gobierno Autónomo Municipal de Las Carreras,8119042,0,4162717,0,0,0,1188474,0,0,0,13470233,0,545116,0,0,0,0,14015349,data\raw\sigep_2026\objeto_gasto_fuente_total_gastos\2026_1125_Gobierno_Autónomo_Municipal_de_Las_Carreras_objeto_gasto_fuente_total_gastos.pdf
2026,1126,Gobierno Autónomo Municipal de Villa Vaca Guzmán,1343250,0,10970884,0,0,0,3132236,0,0,0,15446370,0,921865,0,0,0,0,16368235,data\raw\sigep_2026\objeto_gasto_fuente_total_gastos\2026_1126_Gobierno_Autónomo_Municipal_de_Villa_Vaca_Guzmán_objeto_gasto_fuente_total_gastos.pdf
2026,1128,Gobierno Autónomo Municipal de Machareti,748193,0,6023344,0,0,0,1719692,0,0,0,8491229,0,778177,0,0,0,0,9269406,data\raw\sigep_2026\objeto_gasto_fuente_total_gastos\2026_1128_Gobierno_Autónomo_Municipal_de_Machareti_objeto_gasto_fuente_total_gastos.pdf
2026,1129,Gobierno Autónomo Municipal de Villa Charcas,37800,0,12176128,0,0,0,3305035,0,0,0,15518963,0,1600000,0,0,0,0,17118963,data\raw\sigep_2026\objeto_gasto_fuente_total_gastos\2026_1129_Gobierno_Autónomo_Municipal_de_Villa_Charcas_objeto_gasto_fuente_total_gastos.pdf
2026,1201,Gobierno Autónomo Municipal de La Paz,1544620,0,643919065,0,0,0,68584714,0,0,0,714048399,0,983935706,9505508,16309525,379852,0,1724178990,data\raw\sigep_2026\objeto_gasto_fuente_total_gastos\2026_1201_Gobierno_Autónomo_Municipal_de_La_Paz_objeto_gasto_fuente_total_gastos.pdf
2026,1202,Gobierno Autónomo Municipal de Palca,3146385,0,17991884,0,0,0,1875037,0,0,0,23013306,0,13812043,0,1776593,0,0,38601942,data\raw\sigep_2026\objeto_gasto_fuente_total_gastos\2026_1202_Gobierno_Autónomo_Municipal_de_Palca_objeto_gasto_fuente_total_gastos.pdf
2026,1203,Gobierno Autónomo Municipal de Mecapaca,11430,0,17005868,0,0,0,1772278,0,0,0,18789576,0,8442191,0,0,0,0,27231767,data\raw\sigep_2026\objeto_gasto_fuente_total_gastos\2026_1203_Gobierno_Autónomo_Municipal_de_Mecapaca_objeto_gasto_fuente_total_gastos.pdf
2026,1204,Gobierno Autónomo Municipal Ecológico Productivo de Achocalla,6182122,0,38299991,0,0,0,3991459,0,0,0,48473572,0,62000000,0,0,0,0,110473572,data\raw\sigep_2026\objeto_gasto_fuente_total_gastos\2026_1204_Gobierno_Autónomo_Municipal_Ecológico_Productivo_de_Achocalla_objeto_gasto_fuente_total_gastos.pdf
2026,1205,Gobierno Autónomo Municipal de El Alto de La Paz,57090357,0,875554634,0,0,0,86201057,0,0,0,1018846048,0,471726993,0,0,0,0,1490573041,data\raw\sigep_2026\objeto_gasto_fuente_total_gastos\2026_1205_Gobierno_Autónomo_Municipal_de_El_Alto_de_La_Paz_objeto_gasto_fuente_total_gastos.pdf
2026,1206,Gobierno Autónomo Municipal de Viacha,5769461,0,104717499,0,0,0,9829884,0,0,0,120316844,0,65345028,0,0,0,0,185661872,data\raw\sigep_2026\objeto_gasto_fuente_total_gastos\2026_1206_Gobierno_Autónomo_Municipal_de_Viacha_objeto_gasto_fuente_total_gastos.pdf
2026,1207,Gobierno Autónomo Municipal de Guaqui,19350,0,7149032,0,0,0,745042,0,0,0,7913424,0,880000,0,0,0,0,8793424,data\raw\sigep_2026\objeto_gasto_fuente_total_gastos\2026_1207_Gobierno_Autónomo_Municipal_de_Guaqui_objeto_gasto_fuente_total_gastos.pdf
2026,1208,Gobierno Autónomo Municipal de Tiahuanacu,448007,0,11280157,0,0,0,1175570,0,0,0,12903734,0,575971,0,0,0,0,13479705,data\raw\sigep_2026\objeto_gasto_fuente_total_gastos\2026_1208_Gobierno_Autónomo_Municipal_de_Tiahuanacu_objeto_gasto_fuente_total_gastos.pdf
2026,1209,Gobierno Autónomo Municipal de Desaguadero,11663,0,6540463,0,0,0,681618,0,0,0,7233744,0,6203153,0,0,0,0,13436897,data\raw\sigep_2026\objeto_gasto_fuente_total_gastos\2026_1209_Gobierno_Autónomo_Municipal_de_Desaguadero_objeto_gasto_fuente_total_gastos.pdf
2026,1210,Gobierno Autónomo Municipal de Caranavi,24755913,0,49079657,0,0,0,5114870,0,0,0,78950440,0,8946846,0,0,0,0,87897286,data\raw\sigep_2026\objeto_gasto_fuente_total_gastos\2026_1210_Gobierno_Autónomo_Municipal_de_Caranavi_objeto_gasto_fuente_total_gastos.pdf
2026,1211,Gobierno Autónomo Municipal de Sica Sica (Villa Aroma),5127962,0,27889457,0,0,0,2906519,0,0,0,35923938,0,2611631,0,0,0,0,38535569,data\raw\sigep_2026\objeto_gasto_fuente_total_gastos\2026_1211_Gobierno_Autónomo_Municipal_de_Sica_Sica_Villa_Aroma_objeto_gasto_fuente_total_gastos.pdf
2026,1212,Gobierno Autónomo Municipal de Umala,5961610,0,7499874,0,0,0,781605,0,0,0,14243089,0,400000,0,0,0,0,14643089,data\raw\sigep_2026\objeto_gasto_fuente_total_gastos\2026_1212_Gobierno_Autónomo_Municipal_de_Umala_objeto_gasto_fuente_total_gastos.pdf
2026,1213,Gobierno Autónomo Municipal de Ayo Ayo,23802,0,9353851,0,0,0,974818,0,0,0,10352471,0,1004989,0,0,0,0,11357460,data\raw\sigep_2026\objeto_gasto_fuente_total_gastos\2026_1213_Gobierno_Autónomo_Municipal_de_Ayo_Ayo_objeto_gasto_fuente_total_gastos.pdf
2026,1214,Gobierno Autónomo Municipal de Calamarca,13510799,0,12702647,0,0,0,1323816,0,0,0,27537262,0,10000000,0,0,0,0,37537262,data\raw\sigep_2026\objeto_gasto_fuente_total_gastos\2026_1214_Gobierno_Autónomo_Municipal_de_Calamarca_objeto_gasto_fuente_total_gastos.pdf
2026,1215,Gobierno Autónomo Municipal de Patacamaya,748309,0,20825225,0,0,0,2170315,0,0,0,23743849,0,5000000,0,0,0,0,28743849,data\raw\sigep_2026\objeto_gasto_fuente_total_gastos\2026_1215_Gobierno_Autónomo_Municipal_de_Patacamaya_objeto_gasto_fuente_total_gastos.pdf
2026,1216,Gobierno Autónomo Municipal de Colquencha,1238448,0,10262549,0,0,0,1069519,0,0,0,12570516,0,376830,0,0,0,0,12947346,data\raw\sigep_2026\objeto_gasto_fuente_total_gastos\2026_1216_Gobierno_Autónomo_Municipal_de_Colquencha_objeto_gasto_fuente_total_gastos.pdf
2026,1217,Gobierno Autónomo Municipal de Collana,3417482,0,4593372,0,0,0,478702,0,0,0,8489556,0,343976,0,0,0,0,8833532,data\raw\sigep_2026\objeto_gasto_fuente_total_gastos\2026_1217_Gobierno_Autónomo_Municipal_de_Collana_objeto_gasto_fuente_total_gastos.pdf
2026,1218,Gobierno Autónomo Municipal de Inquisivi,2856682,0,15600005,0,0,0,1625765,0,0,0,20082452,0,2934238,0,269476,0,0,23286166,data\raw\sigep_2026\objeto_gasto_fuente_total_gastos\2026_1218_Gobierno_Autónomo_Municipal_de_Inquisivi_objeto_gasto_fuente_total_gastos.pdf
2026,1219,Gobierno Autónomo Municipal de Quime,14813,0,9298148,0,0,0,969013,0,0,0,10281974,0,1957954,0,0,0,0,12239928,data\raw\sigep_2026\objeto_gasto_fuente_total_gastos\2026_1219_Gobierno_Autónomo_Municipal_de_Quime_objeto_gasto_fuente_total_gastos.pdf
2026,1220,Gobierno Autónomo Municipal de Cajuata,1748948,0,12873912,0,0,0,1341664,0,0,0,15964524,0,826375,0,0,0,0,16790899,data\raw\sigep_2026\objeto_gasto_fuente_total_gastos\2026_1220_Gobierno_Autónomo_Municipal_de_Cajuata_objeto_gasto_fuente_total_gastos.pdf
2026,1221,Gobierno Autónomo Municipal de Colquiri,5225,0,19500838,0,0,0,2032293,0,0,0,21538356,0,8292402,0,120338,0,0,29951096,data\raw\sigep_2026\objeto_gasto_fuente_total_gastos\2026_1221_Gobierno_Autónomo_Municipal_de_Colquiri_objeto_gasto_fuente_total_gastos.pdf
2026,1222,Gobierno Autónomo Municipal de Ichoca,198839,0,7928035,0,0,0,826226,0,0,0,8953100,0,521180,0,11870,0,0,9486150,data\raw\sigep_2026\objeto_gasto_fuente_total_gastos\2026_1222_Gobierno_Autónomo_Municipal_de_Ichoca_objeto_gasto_fuente_total_gastos.pdf
2026,1223,Gobierno Autónomo Municipal de Villa Libertad Licoma,11175,0,6689378,0,0,0,675034,0,0,0,7375587,0,100000,0,0,0,0,7475587,data\raw\sigep_2026\objeto_gasto_fuente_total_gastos\2026_1223_Gobierno_Autónomo_Municipal_de_Villa_Libertad_Licoma_objeto_gasto_fuente_total_gastos.pdf
2026,1224,Gobierno Autónomo Municipal de Achacachi,36902,0,39128045,0,0,0,4077756,0,0,0,43242703,0,1689700,0,135564,0,0,45067967,data\raw\sigep_2026\objeto_gasto_fuente_total_gastos\2026_1224_Gobierno_Autónomo_Municipal_de_Achacachi_objeto_gasto_fuente_total_gastos.pdf
2026,1225,Gobierno Autónomo Municipal de Ancoraimes,5267775,0,14050314,0,0,0,1464263,0,0,0,20782352,0,1682533,0,0,0,0,22464885,data\raw\sigep_2026\objeto_gasto_fuente_total_gastos\2026_1225_Gobierno_Autónomo_Municipal_de_Ancoraimes_objeto_gasto_fuente_total_gastos.pdf
2026,1226,Gobierno Autónomo Municipal de Sorata,3131183,0,25958013,0,0,0,3101016,0,0,0,32190212,0,6275517,0,0,0,0,38465729,data\raw\sigep_2026\objeto_gasto_fuente_total_gastos\2026_1226_Gobierno_Autónomo_Municipal_de_Sorata_objeto_gasto_fuente_total_gastos.pdf
2026,1227,Gobierno Autónomo Municipal de Guanay,104297,0,13612177,0,0,0,1418602,0,0,0,15135076,0,5475015,0,0,0,0,20610091,data\raw\sigep_2026\objeto_gasto_fuente_total_gastos\2026_1227_Gobierno_Autónomo_Municipal_de_Guanay_objeto_gasto_fuente_total_gastos.pdf
2026,1228,Gobierno Autónomo Municipal de Tacacoma,19313,0,8068538,0,0,0,840869,0,0,0,8928720,0,1694394,0,9202,0,0,10632316,data\raw\sigep_2026\objeto_gasto_fuente_total_gastos\2026_1228_Gobierno_Autónomo_Municipal_de_Tacacoma_objeto_gasto_fuente_total_gastos.pdf
2026,1229,Gobierno Autónomo Municipal de Tipuani,1616078,0,6351739,0,0,0,661951,0,0,0,8629768,0,4744710,0,0,0,0,13374478,data\raw\sigep_2026\objeto_gasto_fuente_total_gastos\2026_1229_Gobierno_Autónomo_Municipal_de_Tipuani_objeto_gasto_fuente_total_gastos.pdf
2026,1230,Gobierno Autónomo Municipal de Quiabaya,51000,0,3509253,0,0,0,365719,0,0,0,3925972,0,355455,0,0,0,0,4281427,data\raw\sigep_2026\objeto_gasto_fuente_total_gastos\2026_1230_Gobierno_Autónomo_Municipal_de_Quiabaya_objeto_gasto_fuente_total_gastos.pdf
2026,1231,Gobierno Autónomo Municipal de Combaya,32750,0,2911491,0,0,0,303423,0,0,0,3247664,0,231325,0,0,0,0,3478989,data\raw\sigep_2026\objeto_gasto_fuente_total_gastos\2026_1231_Gobierno_Autónomo_Municipal_de_Combaya_objeto_gasto_fuente_total_gastos.pdf
2026,1232,Gobierno Autónomo Municipal de Copacabana,444724,0,15496744,0,0,0,1510270,0,0,0,17451738,0,1800104,0,0,0,0,19251842,data\raw\sigep_2026\objeto_gasto_fuente_total_gastos\2026_1232_Gobierno_Autónomo_Municipal_de_Copacabana_objeto_gasto_fuente_total_gastos.pdf
2026,1233,Gobierno Autónomo Municipal de San Pedro de Tiquina,9075,0,7563059,0,0,0,788189,0,0,0,8360323,0,200000,0,0,0,0,8560323,data\raw\sigep_2026\objeto_gasto_fuente_total_gastos\2026_1233_Gobierno_Autónomo_Municipal_de_San_Pedro_de_Tiquina_objeto_gasto_fuente_total_gastos.pdf
2026,1234,Gobierno Autónomo Municipal de Tito Yupanqui,4500,0,6245323,0,0,0,650861,0,0,0,6900684,0,50000,0,0,0,0,6950684,data\raw\sigep_2026\objeto_gasto_fuente_total_gastos\2026_1234_Gobierno_Autónomo_Municipal_de_Tito_Yupanqui_objeto_gasto_fuente_total_gastos.pdf
2026,1235,Gobierno Autónomo Municipal de Chuma,10450,0,14691307,0,0,0,1531065,0,0,0,16232822,0,204697,0,0,0,0,16437519,data\raw\sigep_2026\objeto_gasto_fuente_total_gastos\2026_1235_Gobierno_Autónomo_Municipal_de_Chuma_objeto_gasto_fuente_total_gastos.pdf
2026,1236,Gobierno Autónomo Municipal de Ayata,1115671,0,7446666,0,0,0,776060,0,0,0,9338397,0,171596,0,0,0,0,9509993,data\raw\sigep_2026\objeto_gasto_fuente_total_gastos\2026_1236_Gobierno_Autónomo_Municipal_de_Ayata_objeto_gasto_fuente_total_gastos.pdf
2026,1237,Gobierno Autónomo Municipal de Aucapata,14063,0,5586870,0,0,0,582239,0,0,0,6183172,0,260488,0,0,0,0,6443660,data\raw\sigep_2026\objeto_gasto_fuente_total_gastos\2026_1237_Gobierno_Autónomo_Municipal_de_Aucapata_objeto_gasto_fuente_total_gastos.pdf
2026,1238,Gobierno Autónomo Municipal de Corocoro,2218904,0,11136328,0,0,0,1160581,0,0,0,14515813,0,968909,0,0,0,0,15484722,data\raw\sigep_2026\objeto_gasto_fuente_total_gastos\2026_1238_Gobierno_Autónomo_Municipal_de_Corocoro_objeto_gasto_fuente_total_gastos.pdf
2026,1239,Gobierno Autónomo Municipal de Caquiaviri,4572,0,12856453,0,0,0,1339844,0,0,0,14200869,0,32870,0,0,0,0,14233739,data\raw\sigep_2026\objeto_gasto_fuente_total_gastos\2026_1239_Gobierno_Autónomo_Municipal_de_Caquiaviri_objeto_gasto_fuente_total_gastos.pdf
2026,1240,Gobierno Autónomo Municipal de Calacoto,3150,0,10023943,0,0,0,1044652,0,0,0,11071745,0,185468,0,0,0,0,11257213,data\raw\sigep_2026\objeto_gasto_fuente_total_gastos\2026_1240_Gobierno_Autónomo_Municipal_de_Calacoto_objeto_gasto_fuente_total_gastos.pdf
2026,1241,Gobierno Autónomo Municipal de Comanche,493946,0,4324005,0,0,0,450629,0,0,0,5268580,0,81195,0,0,0,0,5349775,data\raw\sigep_2026\objeto_gasto_fuente_total_gastos\2026_1241_Gobierno_Autónomo_Municipal_de_Comanche_objeto_gasto_fuente_total_gastos.pdf
2026,1242,Gobierno Autónomo Municipal de Charaña,1014661,0,3428609,0,0,0,357315,0,0,0,4800585,0,300000,0,0,0,0,5100585,data\raw\sigep_2026\objeto_gasto_fuente_total_gastos\2026_1242_Gobierno_Autónomo_Municipal_de_Charaña_objeto_gasto_fuente_total_gastos.pdf
2026,1243,Gobierno Autónomo Municipal de Waldo Ballivián,2700,0,5451355,0,0,0,568117,0,0,0,6022172,0,341769,0,0,0,0,6363941,data\raw\sigep_2026\objeto_gasto_fuente_total_gastos\2026_1243_Gobierno_Autónomo_Municipal_de_Waldo_Ballivián_objeto_gasto_fuente_total_gastos.pdf
2026,1244,Gobierno Autónomo Municipal de Nazacara de Pacajes,9000,0,3317204,0,0,0,345705,0,0,0,3671909,0,40000,0,0,0,0,3711909,data\raw\sigep_2026\objeto_gasto_fuente_total_gastos\2026_1244_Gobierno_Autónomo_Municipal_de_Nazacara_de_Pacajes_objeto_gasto_fuente_total_gastos.pdf
2026,1245,Gobierno Autónomo Municipal de Santiago de Callapa,337022,0,6651938,0,0,0,710110,0,0,0,7699070,0,250884,0,0,0,0,7949954,data\raw\sigep_2026\objeto_gasto_fuente_total_gastos\2026_1245_Gobierno_Autónomo_Municipal_de_Santiago_de_Callapa_objeto_gasto_fuente_total_gastos.pdf
2026,1246,Gobierno Autónomo Municipal de Puerto Acosta,3697053,0,11589430,0,0,0,1207801,0,0,0,16494284,0,1400480,0,0,0,0,17894764,data\raw\sigep_2026\objeto_gasto_fuente_total_gastos\2026_1246_Gobierno_Autónomo_Municipal_de_Puerto_Acosta_objeto_gasto_fuente_total_gastos.pdf
2026,1247,Gobierno Autónomo Municipal de Mocomoco,2350854,0,14676342,0,0,0,1529505,0,0,0,18556701,0,300000,0,0,0,0,18856701,data\raw\sigep_2026\objeto_gasto_fuente_total_gastos\2026_1247_Gobierno_Autónomo_Municipal_de_Mocomoco_objeto_gasto_fuente_total_gastos.pdf
2026,1248,Gobierno Autónomo Municipal de Carabuco,394689,0,14339634,0,0,0,1494414,0,0,0,16228737,0,2182572,0,0,0,0,18411309,data\raw\sigep_2026\objeto_gasto_fuente_total_gastos\2026_1248_Gobierno_Autónomo_Municipal_de_Carabuco_objeto_gasto_fuente_total_gastos.pdf
2026,1249,Gobierno Autónomo Municipal de Apolo,16655,0,15835285,0,0,0,1650286,0,0,0,17502226,0,1331090,0,0,0,0,18833316,data\raw\sigep_2026\objeto_gasto_fuente_total_gastos\2026_1249_Gobierno_Autónomo_Municipal_de_Apolo_objeto_gasto_fuente_total_gastos.pdf
2026,1250,Gobierno Autónomo Municipal de Pelechuco,1700157,0,7476596,0,0,0,779178,0,0,0,9955931,0,1703548,0,0,0,0,11659479,data\raw\sigep_2026\objeto_gasto_fuente_total_gastos\2026_1250_Gobierno_Autónomo_Municipal_de_Pelechuco_objeto_gasto_fuente_total_gastos.pdf
2026,1251,Gobierno Autónomo Municipal de Luribay,16988,0,8796827,0,0,0,916767,0,0,0,9730582,0,891685,0,54894,0,0,10677161,data\raw\sigep_2026\objeto_gasto_fuente_total_gastos\2026_1251_Gobierno_Autónomo_Municipal_de_Luribay_objeto_gasto_fuente_total_gastos.pdf
2026,1252,Gobierno Autónomo Municipal de Sapahaqui,4168282,0,13651251,0,0,0,1422674,0,0,0,19242207,0,800000,0,0,0,0,20042207,data\raw\sigep_2026\objeto_gasto_fuente_total_gastos\2026_1252_Gobierno_Autónomo_Municipal_de_Sapahaqui_objeto_gasto_fuente_total_gastos.pdf
2026,1253,Gobierno Autónomo Municipal de Yaco,3821045,0,10228462,0,0,0,1065966,0,0,0,15115473,0,297075,0,0,0,0,15412548,data\raw\sigep_2026\objeto_gasto_fuente_total_gastos\2026_1253_Gobierno_Autónomo_Municipal_de_Yaco_objeto_gasto_fuente_total_gastos.pdf
2026,1254,Gobierno Autónomo Municipal de Malla,1071706,0,4045493,0,0,0,421604,0,0,0,5538803,0,383463,0,1817356,0,0,7739622,data\raw\sigep_2026\objeto_gasto_fuente_total_gastos\2026_1254_Gobierno_Autónomo_Municipal_de_Malla_objeto_gasto_fuente_total_gastos.pdf
2026,1255,Gobierno Autónomo Municipal de Cairoma,2092509,0,11354150,0,0,0,1183280,0,0,0,14629939,0,1100259,0,0,0,0,15730198,data\raw\sigep_2026\objeto_gasto_fuente_total_gastos\2026_1255_Gobierno_Autónomo_Municipal_de_Cairoma_objeto_gasto_fuente_total_gastos.pdf
2026,1256,Gobierno Autónomo Municipal de Chulumani (Villa de la Libertad),11084610,0,15195955,0,0,0,1583657,0,0,0,27864222,0,1200000,0,0,0,0,29064222,data\raw\sigep_2026\objeto_gasto_fuente_total_gastos\2026_1256_Gobierno_Autónomo_Municipal_de_Chulumani_Villa_de_la_Libertad_objeto_gasto_fuente_total_gastos.pdf
2026,1257,Gobierno Autónomo Municipal de Irupana (Villa de Lanza),3082047,0,19184913,0,0,0,1999369,0,0,0,24266329,0,2212030,0,0,0,0,26478359,data\raw\sigep_2026\objeto_gasto_fuente_total_gastos\2026_1257_Gobierno_Autónomo_Municipal_de_Irupana_Villa_de_Lanza_objeto_gasto_fuente_total_gastos.pdf
2026,1258,Gobierno Autónomo Municipal de Yanacachi,18863,0,6304351,0,0,0,657012,0,0,0,6980226,0,1152318,0,0,0,0,8132544,data\raw\sigep_2026\objeto_gasto_fuente_total_gastos\2026_1258_Gobierno_Autónomo_Municipal_de_Yanacachi_objeto_gasto_fuente_total_gastos.pdf
2026,1259,Gobierno Autónomo Municipal de Palos Blancos,17785886,0,22823090,0,0,0,2338922,0,0,0,42947898,0,4506637,0,0,0,0,47454535,data\raw\sigep_2026\objeto_gasto_fuente_total_gastos\2026_1259_Gobierno_Autónomo_Municipal_de_Palos_Blancos_objeto_gasto_fuente_total_gastos.pdf
2026,1260,Gobierno Autónomo Municipal de La Asunta,15236884,0,38399266,0,0,0,3949698,0,0,0,57585848,0,1053509,0,0,0,0,58639357,data\raw\sigep_2026\objeto_gasto_fuente_total_gastos\2026_1260_Gobierno_Autónomo_Municipal_de_La_Asunta_objeto_gasto_fuente_total_gastos.pdf
2026,1261,Gobierno Autónomo Municipal de Pucarani,15966112,0,41720393,0,0,0,4406233,0,0,0,62092738,0,3140331,0,509559,0,0,65742628,data\raw\sigep_2026\objeto_gasto_fuente_total_gastos\2026_1261_Gobierno_Autónomo_Municipal_de_Pucarani_objeto_gasto_fuente_total_gastos.pdf
2026,1262,Gobierno Autónomo Municipal de Laja,4199870,0,32101225,0,0,0,3345452,0,0,0,39646547,0,9456766,0,2999003,0,0,52102316,data\raw\sigep_2026\objeto_gasto_fuente_total_gastos\2026_1262_Gobierno_Autónomo_Municipal_de_Laja_objeto_gasto_fuente_total_gastos.pdf
2026,1263,Gobierno Autónomo Municipal de Batallas,10138493,0,17895774,0,0,0,1876437,0,0,0,29910704,0,650000,0,0,0,0,30560704,data\raw\sigep_2026\objeto_gasto_fuente_total_gastos\2026_1263_Gobierno_Autónomo_Municipal_de_Batallas_objeto_gasto_fuente_total_gastos.pdf
2026,1264,Gobierno Autónomo Municipal de Puerto Pérez,599849,0,6546282,0,0,0,682225,0,0,0,7828356,0,120000,0,0,0,0,7948356,data\raw\sigep_2026\objeto_gasto_fuente_total_gastos\2026_1264_Gobierno_Autónomo_Municipal_de_Puerto_Pérez_objeto_gasto_fuente_total_gastos.pdf
2026,1265,Gobierno Autónomo Municipal de Coroico,15838,0,22888709,0,0,0,2385362,0,0,0,25289909,0,2389363,0,245979,0,0,27925251,data\raw\sigep_2026\objeto_gasto_fuente_total_gastos\2026_1265_Gobierno_Autónomo_Municipal_de_Coroico_objeto_gasto_fuente_total_gastos.pdf
2026,1266,Gobierno Autónomo Municipal de Coripata,2563872,0,20678284,0,0,0,2071629,0,0,0,25313785,0,843521,0,1134466,0,0,27291772,data\raw\sigep_2026\objeto_gasto_fuente_total_gastos\2026_1266_Gobierno_Autónomo_Municipal_de_Coripata_objeto_gasto_fuente_total_gastos.pdf
2026,1267,Gobierno Autónomo Municipal de Ixiamas,9691014,0,10381436,0,0,0,1081909,0,0,0,21154359,0,1775973,0,297376,0,0,23227708,data\raw\sigep_2026\objeto_gasto_fuente_total_gastos\2026_1267_Gobierno_Autónomo_Municipal_de_Ixiamas_objeto_gasto_fuente_total_gastos.pdf
2026,1268,Gobierno Autónomo Municipal de San Buenaventura,26475,0,8409404,0,0,0,876392,0,0,0,9312271,0,940266,0,24000,0,0,10276537,data\raw\sigep_2026\objeto_gasto_fuente_total_gastos\2026_1268_Gobierno_Autónomo_Municipal_de_San_Buenaventura_objeto_gasto_fuente_total_gastos.pdf
2026,1269,Gobierno Autónomo Municipal de General Juan José Pérez (Charazani),1088878,0,13180691,0,0,0,1373634,0,0,0,15643203,0,122978,0,0,0,0,15766181,data\raw\sigep_2026\objeto_gasto_fuente_total_gastos\2026_1269_Gobierno_Autónomo_Municipal_de_General_Juan_José_Pérez_Charazani_objeto_gasto_fuente_total_gastos.pdf
2026,1270,Gobierno Autónomo Municipal de Curva,2068771,0,5339951,0,0,0,556507,0,0,0,7965229,0,1196554,0,0,0,0,9161783,data\raw\sigep_2026\objeto_gasto_fuente_total_gastos\2026_1270_Gobierno_Autónomo_Municipal_de_Curva_objeto_gasto_fuente_total_gastos.pdf
2026,1271,Gobierno Autónomo Municipal de San Pedro de Curahuara,2083360,0,7518996,0,0,0,783598,0,0,0,10385954,0,0,0,0,0,0,10385954,data\raw\sigep_2026\objeto_gasto_fuente_total_gastos\2026_1271_Gobierno_Autónomo_Municipal_de_San_Pedro_de_Curahuara_objeto_gasto_fuente_total_gastos.pdf
2026,1272,Gobierno Autónomo Municipal de Papel Pampa,57665,0,5172843,0,0,0,539091,0,0,0,5769599,0,1500000,0,0,0,0,7269599,data\raw\sigep_2026\objeto_gasto_fuente_total_gastos\2026_1272_Gobierno_Autónomo_Municipal_de_Papel_Pampa_objeto_gasto_fuente_total_gastos.pdf
2026,1273,Gobierno Autónomo Municipal de Chacarilla,6000,0,1688532,0,0,0,175972,0,0,0,1870504,0,303751,0,0,0,0,2174255,data\raw\sigep_2026\objeto_gasto_fuente_total_gastos\2026_1273_Gobierno_Autónomo_Municipal_de_Chacarilla_objeto_gasto_fuente_total_gastos.pdf
2026,1274,Gobierno Autónomo Municipal de Santiago de Machaca,5319139,0,5625114,0,0,0,586225,0,0,0,11530478,0,175000,0,0,0,0,11705478,data\raw\sigep_2026\objeto_gasto_fuente_total_gastos\2026_1274_Gobierno_Autónomo_Municipal_de_Santiago_de_Machaca_objeto_gasto_fuente_total_gastos.pdf
2026,1275,Gobierno Autónomo Municipal de Catacora,0,0,4427927,0,0,0,461459,0,0,0,4889386,0,1000,0,0,0,0,4890386,data\raw\sigep_2026\objeto_gasto_fuente_total_gastos\2026_1275_Gobierno_Autónomo_Municipal_de_Catacora_objeto_gasto_fuente_total_gastos.pdf
2026,1276,Gobierno Autónomo Municipal de Mapiri,6368,0,18128230,0,0,0,1889246,0,0,0,20023844,0,5016199,0,0,0,0,25040043,data\raw\sigep_2026\objeto_gasto_fuente_total_gastos\2026_1276_Gobierno_Autónomo_Municipal_de_Mapiri_objeto_gasto_fuente_total_gastos.pdf
2026,1277,Gobierno Autónomo Municipal de Teoponte,20760385,0,11197851,0,0,0,1166992,0,0,0,33125228,0,7772258,0,0,0,0,40897486,data\raw\sigep_2026\objeto_gasto_fuente_total_gastos\2026_1277_Gobierno_Autónomo_Municipal_de_Teoponte_objeto_gasto_fuente_total_gastos.pdf
2026,1278,Gobierno Autónomo Municipal de San Andrés de Machaca,273776,0,6511364,0,0,0,678586,0,0,0,7463726,0,390000,0,0,0,0,7853726,data\raw\sigep_2026\objeto_gasto_fuente_total_gastos\2026_1278_Gobierno_Autónomo_Municipal_de_San_Andrés_de_Machaca_objeto_gasto_fuente_total_gastos.pdf
2026,1279,Gobierno Autónomo Municipal de Jesús de Machaca,9477261,0,14097702,0,0,0,1469202,0,0,0,25044165,0,350048,0,0,0,0,25394213,data\raw\sigep_2026\objeto_gasto_fuente_total_gastos\2026_1279_Gobierno_Autónomo_Municipal_de_Jesús_de_Machaca_objeto_gasto_fuente_total_gastos.pdf
2026,1280,Gobierno Autónomo Municipal de Taraco,2443365,0,6244491,0,0,0,650774,0,0,0,9338630,0,1498200,0,0,0,0,10836830,data\raw\sigep_2026\objeto_gasto_fuente_total_gastos\2026_1280_Gobierno_Autónomo_Municipal_de_Taraco_objeto_gasto_fuente_total_gastos.pdf
2026,1281,Gobierno Autónomo Municipal de Huarina,1841077,0,7197252,0,0,0,750067,0,0,0,9788396,0,1126000,0,0,0,0,10914396,data\raw\sigep_2026\objeto_gasto_fuente_total_gastos\2026_1281_Gobierno_Autónomo_Municipal_de_Huarina_objeto_gasto_fuente_total_gastos.pdf
2026,1282,Gobierno Autónomo Municipal de Santiago de Huata,14175,0,7696911,0,0,0,802139,0,0,0,8513225,0,1619000,0,832,0,0,10133057,data\raw\sigep_2026\objeto_gasto_fuente_total_gastos\2026_1282_Gobierno_Autónomo_Municipal_de_Santiago_de_Huata_objeto_gasto_fuente_total_gastos.pdf
2026,1283,Gobierno Autónomo Municipal de Escoma,7163,0,7324453,0,0,0,763323,0,0,0,8094939,0,245500,0,0,0,0,8340439,data\raw\sigep_2026\objeto_gasto_fuente_total_gastos\2026_1283_Gobierno_Autónomo_Municipal_de_Escoma_objeto_gasto_fuente_total_gastos.pdf
2026,1284,Gobierno Autónomo Municipal de Humanata,2250,0,4668196,0,0,0,486499,0,0,0,5156945,0,345000,0,0,0,0,5501945,data\raw\sigep_2026\objeto_gasto_fuente_total_gastos\2026_1284_Gobierno_Autónomo_Municipal_de_Humanata_objeto_gasto_fuente_total_gastos.pdf
2026,1285,Gobierno Autónomo Municipal de Alto Beni,15075,0,8728653,0,0,0,909663,0,0,0,9653391,0,574263,0,0,0,0,10227654,data\raw\sigep_2026\objeto_gasto_fuente_total_gastos\2026_1285_Gobierno_Autónomo_Municipal_de_Alto_Beni_objeto_gasto_fuente_total_gastos.pdf
2026,1286,Gobierno Autónomo Municipal de Huatajata,1073336,0,4236710,0,0,0,441532,0,0,0,5751578,0,1200000,0,0,0,0,6951578,data\raw\sigep_2026\objeto_gasto_fuente_total_gastos\2026_1286_Gobierno_Autónomo_Municipal_de_Huatajata_objeto_gasto_fuente_total_gastos.pdf
2026,1287,Gobierno Autónomo Municipal de Chua Cocani,4350,0,5971799,0,0,0,622355,0,0,0,6598504,0,850000,0,0,0,0,7448504,data\raw\sigep_2026\objeto_gasto_fuente_total_gastos\2026_1287_Gobierno_Autónomo_Municipal_de_Chua_Cocani_objeto_gasto_fuente_total_gastos.pdf
2026,1301,Gobierno Autónomo Municipal de Cochabamba,24437033,0,579416754,0,0,0,64005295,186267,0,0,668045349,0,911894751,0,52411938,16392,0,1632368430,data\raw\sigep_2026\objeto_gasto_fuente_total_gastos\2026_1301_Gobierno_Autónomo_Municipal_de_Cochabamba_objeto_gasto_fuente_total_gastos.pdf
2026,1302,Gobierno Autónomo Municipal de Quillacollo,3957782,0,154367663,0,0,0,19083377,0,0,0,177408822,0,138014351,0,0,0,0,315423173,data\raw\sigep_2026\objeto_gasto_fuente_total_gastos\2026_1302_Gobierno_Autónomo_Municipal_de_Quillacollo_objeto_gasto_fuente_total_gastos.pdf
2026,1303,Gobierno Autónomo Municipal de Sipe Sipe,42780,0,51845532,0,0,0,5224937,0,0,0,57113249,0,13725878,0,0,0,0,70839127,data\raw\sigep_2026\objeto_gasto_fuente_total_gastos\2026_1303_Gobierno_Autónomo_Municipal_de_Sipe_Sipe_objeto_gasto_fuente_total_gastos.pdf
2026,1304,Gobierno Autónomo Municipal de Tiquipaya,11214414,0,55212977,0,0,0,5788675,0,0,0,72216066,0,55478756,0,631831,0,0,128326653,data\raw\sigep_2026\objeto_gasto_fuente_total_gastos\2026_1304_Gobierno_Autónomo_Municipal_de_Tiquipaya_objeto_gasto_fuente_total_gastos.pdf
2026,1305,Gobierno Autónomo Municipal de Vinto,131294,0,46368529,0,0,0,5241101,0,0,0,51740924,0,29638227,0,0,0,0,81379151,data\raw\sigep_2026\objeto_gasto_fuente_total_gastos\2026_1305_Gobierno_Autónomo_Municipal_de_Vinto_objeto_gasto_fuente_total_gastos.pdf
2026,1306,Gobierno Autónomo Municipal de Colcapirhua,4682982,0,62066421,0,0,0,6224236,0,0,0,72973639,0,63477065,0,337792,0,0,136788496,data\raw\sigep_2026\objeto_gasto_fuente_total_gastos\2026_1306_Gobierno_Autónomo_Municipal_de_Colcapirhua_objeto_gasto_fuente_total_gastos.pdf
2026,1307,Gobierno Autónomo Municipal de Aiquile,29717,0,19121729,0,0,0,2161355,0,0,0,21312801,0,4401316,0,34034,0,0,25748151,data\raw\sigep_2026\objeto_gasto_fuente_total_gastos\2026_1307_Gobierno_Autónomo_Municipal_de_Aiquile_objeto_gasto_fuente_total_gastos.pdf
2026,1308,Gobierno Autónomo Municipal de Pasorapa,14325,0,5477363,0,0,0,607811,0,0,0,6099499,0,495501,0,0,0,0,6595000,data\raw\sigep_2026\objeto_gasto_fuente_total_gastos\2026_1308_Gobierno_Autónomo_Municipal_de_Pasorapa_objeto_gasto_fuente_total_gastos.pdf
2026,1309,Gobierno Autónomo Municipal de Omereque,1682383,0,5551952,0,0,0,627546,0,0,0,7861881,0,579159,0,0,0,0,8441040,data\raw\sigep_2026\objeto_gasto_fuente_total_gastos\2026_1309_Gobierno_Autónomo_Municipal_de_Omereque_objeto_gasto_fuente_total_gastos.pdf
2026,1310,Gobierno Autónomo Municipal de Independencia,2149223,0,18055069,0,0,0,2040789,0,0,0,22245081,0,2821623,0,0,0,0,25066704,data\raw\sigep_2026\objeto_gasto_fuente_total_gastos\2026_1310_Gobierno_Autónomo_Municipal_de_Independencia_objeto_gasto_fuente_total_gastos.pdf
2026,1311,Gobierno Autónomo Municipal de Morochata,10221725,0,12136478,0,0,0,1371803,0,0,0,23730006,0,1000059,0,0,0,0,24730065,data\raw\sigep_2026\objeto_gasto_fuente_total_gastos\2026_1311_Gobierno_Autónomo_Municipal_de_Morochata_objeto_gasto_fuente_total_gastos.pdf
2026,1312,Gobierno Autónomo Municipal de Sacaba,3987196,0,191658084,0,0,0,20533069,0,0,0,216178349,0,114330000,0,0,0,0,330508349,data\raw\sigep_2026\objeto_gasto_fuente_total_gastos\2026_1312_Gobierno_Autónomo_Municipal_de_Sacaba_objeto_gasto_fuente_total_gastos.pdf
2026,1313,Gobierno Autónomo Municipal de Colomi,13552,0,16060589,0,0,0,1815351,0,0,0,17889492,0,2600000,0,0,0,0,20489492,data\raw\sigep_2026\objeto_gasto_fuente_total_gastos\2026_1313_Gobierno_Autónomo_Municipal_de_Colomi_objeto_gasto_fuente_total_gastos.pdf
2026,1314,Gobierno Autónomo Municipal de Villa Tunari,3701670,0,79469904,0,0,0,8982595,0,0,0,92154169,0,14107266,0,0,0,0,106261435,data\raw\sigep_2026\objeto_gasto_fuente_total_gastos\2026_1314_Gobierno_Autónomo_Municipal_de_Villa_Tunari_objeto_gasto_fuente_total_gastos.pdf
2026,1315,Gobierno Autónomo Municipal de Punata,6541310,0,29142815,0,0,0,3417129,0,0,0,39101254,0,23549777,0,0,0,0,62651031,data\raw\sigep_2026\objeto_gasto_fuente_total_gastos\2026_1315_Gobierno_Autónomo_Municipal_de_Punata_objeto_gasto_fuente_total_gastos.pdf
2026,1316,Gobierno Autónomo Municipal de Villa Rivero,20213,0,7109126,0,0,0,803555,0,0,0,7932894,0,750000,0,0,0,0,8682894,data\raw\sigep_2026\objeto_gasto_fuente_total_gastos\2026_1316_Gobierno_Autónomo_Municipal_de_Villa_Rivero_objeto_gasto_fuente_total_gastos.pdf
2026,1317,Gobierno Autónomo Municipal de San Benito (Villa José Quintín Mendoza),7569681,0,10744749,0,0,0,1214494,0,0,0,19528924,0,4507883,0,1260238,0,0,25297045,data\raw\sigep_2026\objeto_gasto_fuente_total_gastos\2026_1317_Gobierno_Autónomo_Municipal_de_San_Benito_Villa_José_Quintín_Mendoza_objeto_gasto_fuente_total_gastos.pdf
2026,1318,Gobierno Autónomo Municipal de Tacachi,2750,0,1060840,0,0,0,119908,0,0,0,1183498,0,180000,0,0,0,0,1363498,data\raw\sigep_2026\objeto_gasto_fuente_total_gastos\2026_1318_Gobierno_Autónomo_Municipal_de_Tacachi_objeto_gasto_fuente_total_gastos.pdf
2026,1319,Gobierno Autónomo Municipal Villa Gualberto Villarroel,1018506,0,3224207,0,0,0,358785,0,0,0,4601498,0,170000,0,0,0,0,4771498,data\raw\sigep_2026\objeto_gasto_fuente_total_gastos\2026_1319_Gobierno_Autónomo_Municipal_Villa_Gualberto_Villarroel_objeto_gasto_fuente_total_gastos.pdf
2026,1320,Gobierno Autónomo Municipal de Tarata,36375,0,9402549,0,0,0,1055775,0,0,0,10494699,0,1333116,0,0,0,0,11827815,data\raw\sigep_2026\objeto_gasto_fuente_total_gastos\2026_1320_Gobierno_Autónomo_Municipal_de_Tarata_objeto_gasto_fuente_total_gastos.pdf
2026,1321,Gobierno Autónomo Municipal de Anzaldo,21413,0,6087361,0,0,0,688063,0,0,0,6796837,0,650000,0,0,0,0,7446837,data\raw\sigep_2026\objeto_gasto_fuente_total_gastos\2026_1321_Gobierno_Autónomo_Municipal_de_Anzaldo_objeto_gasto_fuente_total_gastos.pdf
2026,1322,Gobierno Autónomo Municipal de Arbieto,11756,0,25318831,0,0,0,2861823,0,0,0,28192410,0,7330795,0,0,0,0,35523205,data\raw\sigep_2026\objeto_gasto_fuente_total_gastos\2026_1322_Gobierno_Autónomo_Municipal_de_Arbieto_objeto_gasto_fuente_total_gastos.pdf
2026,1323,Gobierno Autónomo Municipal de Sacabamba,44750,0,4117823,0,0,0,465444,0,0,0,4628017,0,20000,0,0,0,0,4648017,data\raw\sigep_2026\objeto_gasto_fuente_total_gastos\2026_1323_Gobierno_Autónomo_Municipal_de_Sacabamba_objeto_gasto_fuente_total_gastos.pdf
2026,1324,Gobierno Autónomo Municipal de Cliza,6743995,0,17756710,0,0,0,1961853,0,0,0,26462558,0,10120000,0,0,0,0,36582558,data\raw\sigep_2026\objeto_gasto_fuente_total_gastos\2026_1324_Gobierno_Autónomo_Municipal_de_Cliza_objeto_gasto_fuente_total_gastos.pdf
2026,1325,Gobierno Autónomo Municipal de Toco,2847021,0,5992583,0,0,0,677350,0,0,0,9516954,0,500000,0,0,0,0,10016954,data\raw\sigep_2026\objeto_gasto_fuente_total_gastos\2026_1325_Gobierno_Autónomo_Municipal_de_Toco_objeto_gasto_fuente_total_gastos.pdf
2026,1326,Gobierno Autónomo Municipal de Tolata,5918036,0,6528930,0,0,0,842762,0,0,0,13289728,0,2000000,0,0,0,0,15289728,data\raw\sigep_2026\objeto_gasto_fuente_total_gastos\2026_1326_Gobierno_Autónomo_Municipal_de_Tolata_objeto_gasto_fuente_total_gastos.pdf
2026,1327,Gobierno Autónomo Municipal de Capinota,178169,0,16038142,0,0,0,1812814,0,0,0,18029125,0,3498747,0,0,0,0,21527872,data\raw\sigep_2026\objeto_gasto_fuente_total_gastos\2026_1327_Gobierno_Autónomo_Municipal_de_Capinota_objeto_gasto_fuente_total_gastos.pdf
2026,1328,Gobierno Autónomo Municipal de Santivañez,18375,0,6541294,0,0,0,739371,0,0,0,7299040,0,4062594,0,0,0,0,11361634,data\raw\sigep_2026\objeto_gasto_fuente_total_gastos\2026_1328_Gobierno_Autónomo_Municipal_de_Santivañez_objeto_gasto_fuente_total_gastos.pdf
2026,1329,Gobierno Autónomo Municipal de Sicaya,32750,0,3323118,0,0,0,371095,0,0,0,3726963,0,646242,0,0,0,0,4373205,data\raw\sigep_2026\objeto_gasto_fuente_total_gastos\2026_1329_Gobierno_Autónomo_Municipal_de_Sicaya_objeto_gasto_fuente_total_gastos.pdf
2026,1330,Gobierno Autónomo Municipal de Tapacari,8981,0,20397065,0,0,0,2305509,0,0,0,22711555,0,739160,0,0,0,0,23450715,data\raw\sigep_2026\objeto_gasto_fuente_total_gastos\2026_1330_Gobierno_Autónomo_Municipal_de_Tapacari_objeto_gasto_fuente_total_gastos.pdf
2026,1331,Gobierno Autónomo Municipal de Totora,4718770,0,12276150,0,0,0,1387591,0,0,0,18382511,0,1303952,0,0,0,0,19686463,data\raw\sigep_2026\objeto_gasto_fuente_total_gastos\2026_1331_Gobierno_Autónomo_Municipal_de_Totora_objeto_gasto_fuente_total_gastos.pdf
2026,1332,Gobierno Autónomo Municipal de Pojo,1410403,0,10243533,0,0,0,1112628,0,0,0,12766564,0,2000000,0,0,0,0,14766564,data\raw\sigep_2026\objeto_gasto_fuente_total_gastos\2026_1332_Gobierno_Autónomo_Municipal_de_Pojo_objeto_gasto_fuente_total_gastos.pdf
2026,1333,Gobierno Autónomo Municipal de Pocona,99661,0,10156132,0,0,0,1147962,0,0,0,11403755,0,200000,0,0,0,0,11603755,data\raw\sigep_2026\objeto_gasto_fuente_total_gastos\2026_1333_Gobierno_Autónomo_Municipal_de_Pocona_objeto_gasto_fuente_total_gastos.pdf
2026,1334,Gobierno Autónomo Municipal de Chimoré,5751941,0,23258182,0,0,0,2572389,0,0,0,31582512,0,6350455,0,0,0,0,37932967,data\raw\sigep_2026\objeto_gasto_fuente_total_gastos\2026_1334_Gobierno_Autónomo_Municipal_de_Chimoré_objeto_gasto_fuente_total_gastos.pdf
2026,1335,Gobierno Autónomo Municipal de Puerto Villarroel,10864878,0,55077957,0,0,0,6046628,0,0,0,71989463,0,17815774,0,0,0,0,89805237,data\raw\sigep_2026\objeto_gasto_fuente_total_gastos\2026_1335_Gobierno_Autónomo_Municipal_de_Puerto_Villarroel_objeto_gasto_fuente_total_gastos.pdf
2026,1336,Gobierno Autónomo Municipal de Arani,1571576,0,9836871,0,0,0,1072314,0,0,0,12480761,0,1500000,0,0,71070,0,14051831,data\raw\sigep_2026\objeto_gasto_fuente_total_gastos\2026_1336_Gobierno_Autónomo_Municipal_de_Arani_objeto_gasto_fuente_total_gastos.pdf
2026,1337,Gobierno Autónomo Municipal de Vacas,19725,0,7604372,0,0,0,831714,0,0,0,8455811,0,712220,0,0,0,0,9168031,data\raw\sigep_2026\objeto_gasto_fuente_total_gastos\2026_1337_Gobierno_Autónomo_Municipal_de_Vacas_objeto_gasto_fuente_total_gastos.pdf
2026,1338,Gobierno Autónomo Municipal de Arque,3210197,0,8841721,0,0,0,999392,0,0,0,13051310,0,609491,0,0,0,0,13660801,data\raw\sigep_2026\objeto_gasto_fuente_total_gastos\2026_1338_Gobierno_Autónomo_Municipal_de_Arque_objeto_gasto_fuente_total_gastos.pdf
2026,1339,Gobierno Autónomo Municipal de Tacopaya,22013,0,9085742,0,0,0,991311,0,0,0,10099066,0,650000,0,0,0,0,10749066,data\raw\sigep_2026\objeto_gasto_fuente_total_gastos\2026_1339_Gobierno_Autónomo_Municipal_de_Tacopaya_objeto_gasto_fuente_total_gastos.pdf
2026,1340,Gobierno Autónomo Municipal de Bolivar,450,0,6839818,0,0,0,770288,0,0,0,7610556,0,242122,0,3234,0,0,7855912,data\raw\sigep_2026\objeto_gasto_fuente_total_gastos\2026_1340_Gobierno_Autónomo_Municipal_de_Bolivar_objeto_gasto_fuente_total_gastos.pdf
2026,1341,Gobierno Autónomo Municipal de Tiraque,16981,0,15122793,0,0,0,1709351,0,0,0,16849125,0,2018835,0,0,0,0,18867960,data\raw\sigep_2026\objeto_gasto_fuente_total_gastos\2026_1341_Gobierno_Autónomo_Municipal_de_Tiraque_objeto_gasto_fuente_total_gastos.pdf
2026,1342,Gobierno Autónomo Municipal de Mizque,4025858,0,16499558,0,0,0,1864969,0,0,0,22390385,0,4262357,0,0,0,0,26652742,data\raw\sigep_2026\objeto_gasto_fuente_total_gastos\2026_1342_Gobierno_Autónomo_Municipal_de_Mizque_objeto_gasto_fuente_total_gastos.pdf
2026,1343,Gobierno Autónomo Municipal de Vila Vila,12075,0,4409801,0,0,0,490533,0,0,0,4912409,0,265000,0,0,0,0,5177409,data\raw\sigep_2026\objeto_gasto_fuente_total_gastos\2026_1343_Gobierno_Autónomo_Municipal_de_Vila_Vila_objeto_gasto_fuente_total_gastos.pdf
2026,1344,Gobierno Autónomo Municipal de Alalay,15500,0,3127404,0,0,0,335237,0,0,0,3478141,0,50000,0,0,0,0,3528141,data\raw\sigep_2026\objeto_gasto_fuente_total_gastos\2026_1344_Gobierno_Autónomo_Municipal_de_Alalay_objeto_gasto_fuente_total_gastos.pdf
2026,1345,Gobierno Autónomo Municipal de Entre Rios,5827381,0,37919229,0,0,0,4519290,0,0,0,48265900,0,11143261,0,47736,0,0,59456897,data\raw\sigep_2026\objeto_gasto_fuente_total_gastos\2026_1345_Gobierno_Autónomo_Municipal_de_Entre_Rios_objeto_gasto_fuente_total_gastos.pdf
2026,1346,Gobierno Autónomo Municipal de Cocapata,7511,0,17082205,0,0,0,1829353,0,0,0,18919069,0,7587303,0,0,0,0,26506372,data\raw\sigep_2026\objeto_gasto_fuente_total_gastos\2026_1346_Gobierno_Autónomo_Municipal_de_Cocapata_objeto_gasto_fuente_total_gastos.pdf
2026,1347,Gobierno Autónomo Municipal de Shinahota,20084,0,22502949,0,0,0,2543540,0,0,0,25066573,0,5518461,0,0,0,0,30585034,data\raw\sigep_2026\objeto_gasto_fuente_total_gastos\2026_1347_Gobierno_Autónomo_Municipal_de_Shinahota_objeto_gasto_fuente_total_gastos.pdf
2026,1401,Gobierno Autónomo Municipal de Oruro,10835043,0,247332908,0,0,1095000,74322254,0,0,0,333585205,0,225428642,0,18760862,0,0,577774709,data\raw\sigep_2026\objeto_gasto_fuente_total_gastos\2026_1401_Gobierno_Autónomo_Municipal_de_Oruro_objeto_gasto_fuente_total_gastos.pdf
2026,1402,Gobierno Autónomo Municipal de Caracollo,4375419,0,19178262,0,0,0,5762968,0,0,0,29316649,0,3468425,0,0,0,0,32785074,data\raw\sigep_2026\objeto_gasto_fuente_total_gastos\2026_1402_Gobierno_Autónomo_Municipal_de_Caracollo_objeto_gasto_fuente_total_gastos.pdf
2026,1403,Gobierno Autónomo Municipal de El Choro,5850,0,8640527,0,0,0,2596434,0,0,0,11242811,0,617916,0,0,0,0,11860727,data\raw\sigep_2026\objeto_gasto_fuente_total_gastos\2026_1403_Gobierno_Autónomo_Municipal_de_El_Choro_objeto_gasto_fuente_total_gastos.pdf
2026,1404,Gobierno Autónomo Municipal de Challapata,5439286,0,29380120,0,0,0,8828574,0,0,0,43647980,0,3672032,0,0,0,0,47320012,data\raw\sigep_2026\objeto_gasto_fuente_total_gastos\2026_1404_Gobierno_Autónomo_Municipal_de_Challapata_objeto_gasto_fuente_total_gastos.pdf
2026,1405,Gobierno Autónomo Municipal de Santuario de Quillacas,5769713,0,4244192,0,0,0,1275358,0,0,0,11289263,0,0,0,0,0,0,11289263,data\raw\sigep_2026\objeto_gasto_fuente_total_gastos\2026_1405_Gobierno_Autónomo_Municipal_de_Santuario_de_Quillacas_objeto_gasto_fuente_total_gastos.pdf
2026,1406,Gobierno Autónomo Municipal de Huanuni,20900,0,16650869,0,0,0,5003500,0,0,0,21675269,0,9163689,0,0,0,0,30838958,data\raw\sigep_2026\objeto_gasto_fuente_total_gastos\2026_1406_Gobierno_Autónomo_Municipal_de_Huanuni_objeto_gasto_fuente_total_gastos.pdf
2026,1407,Gobierno Autónomo Municipal de Machacamarca,857804,0,5068089,0,0,0,1522935,0,0,0,7448828,0,783974,0,0,0,0,8232802,data\raw\sigep_2026\objeto_gasto_fuente_total_gastos\2026_1407_Gobierno_Autónomo_Municipal_de_Machacamarca_objeto_gasto_fuente_total_gastos.pdf
2026,1408,Gobierno Autónomo Municipal de Poopó (Villa Poopó),18450,0,7608785,0,0,0,2286400,0,0,0,9913635,0,5825345,0,0,0,0,15738980,data\raw\sigep_2026\objeto_gasto_fuente_total_gastos\2026_1408_Gobierno_Autónomo_Municipal_de_Poopó_Villa_Poopó_objeto_gasto_fuente_total_gastos.pdf
2026,1409,Gobierno Autónomo Municipal de Pazña,2154366,0,3508421,0,0,0,1054262,0,0,0,6717049,0,505966,0,0,0,0,7223015,data\raw\sigep_2026\objeto_gasto_fuente_total_gastos\2026_1409_Gobierno_Autónomo_Municipal_de_Pazña_objeto_gasto_fuente_total_gastos.pdf
2026,1410,Gobierno Autónomo Municipal de Antequera,15250,0,3004606,0,0,0,902868,0,0,0,3922724,0,6762047,0,0,0,0,10684771,data\raw\sigep_2026\objeto_gasto_fuente_total_gastos\2026_1410_Gobierno_Autónomo_Municipal_de_Antequera_objeto_gasto_fuente_total_gastos.pdf
2026,1411,Gobierno Autónomo Municipal de Eucaliptus,4312995,0,4525199,0,0,0,1359799,0,0,0,10197993,0,180000,0,0,0,0,10377993,data\raw\sigep_2026\objeto_gasto_fuente_total_gastos\2026_1411_Gobierno_Autónomo_Municipal_de_Eucaliptus_objeto_gasto_fuente_total_gastos.pdf
2026,1412,Gobierno Autónomo Municipal de Santiago de Huari,2256654,0,11172909,0,0,0,3357401,0,0,0,16786964,0,1013603,0,0,0,0,17800567,data\raw\sigep_2026\objeto_gasto_fuente_total_gastos\2026_1412_Gobierno_Autónomo_Municipal_de_Santiago_de_Huari_objeto_gasto_fuente_total_gastos.pdf
2026,1413,Gobierno Autónomo Municipal de Totora,2264232,0,5462163,0,0,0,1641352,0,0,0,9367747,0,300000,0,0,0,0,9667747,data\raw\sigep_2026\objeto_gasto_fuente_total_gastos\2026_1413_Gobierno_Autónomo_Municipal_de_Totora_objeto_gasto_fuente_total_gastos.pdf
2026,1414,Gobierno Autónomo Municipal de Corque,3592,0,13318700,0,0,0,4002200,0,0,0,17324492,0,300000,0,299974,0,0,17924466,data\raw\sigep_2026\objeto_gasto_fuente_total_gastos\2026_1414_Gobierno_Autónomo_Municipal_de_Corque_objeto_gasto_fuente_total_gastos.pdf
2026,1415,Gobierno Autónomo Municipal de Choquecota,12000,0,2477511,0,0,0,744479,0,0,0,3233990,0,180000,0,0,0,0,3413990,data\raw\sigep_2026\objeto_gasto_fuente_total_gastos\2026_1415_Gobierno_Autónomo_Municipal_de_Choquecota_objeto_gasto_fuente_total_gastos.pdf
2026,1416,Gobierno Autónomo Municipal de Curahuara de Carangas,10313,0,5546133,0,0,0,1666584,0,0,0,7223030,0,300000,0,0,0,0,7523030,data\raw\sigep_2026\objeto_gasto_fuente_total_gastos\2026_1416_Gobierno_Autónomo_Municipal_de_Curahuara_de_Carangas_objeto_gasto_fuente_total_gastos.pdf
2026,1417,Gobierno Autónomo Municipal de Turco,2852175,0,4387190,0,0,0,1318328,0,0,0,8557693,0,994570,0,0,0,0,9552263,data\raw\sigep_2026\objeto_gasto_fuente_total_gastos\2026_1417_Gobierno_Autónomo_Municipal_de_Turco_objeto_gasto_fuente_total_gastos.pdf
2026,1418,Gobierno Autónomo Municipal de Huachacalla,20750,0,3303902,0,0,0,992805,0,0,0,4317457,0,250000,0,0,0,0,4567457,data\raw\sigep_2026\objeto_gasto_fuente_total_gastos\2026_1418_Gobierno_Autónomo_Municipal_de_Huachacalla_objeto_gasto_fuente_total_gastos.pdf
2026,1419,Gobierno Autónomo Municipal de Escara,399949,0,3486806,0,0,0,1047767,0,0,0,4934522,0,2000000,0,0,0,0,6934522,data\raw\sigep_2026\objeto_gasto_fuente_total_gastos\2026_1419_Gobierno_Autónomo_Municipal_de_Escara_objeto_gasto_fuente_total_gastos.pdf
2026,1420,Gobierno Autónomo Municipal de Cruz de Machacamarca,0,0,1256214,0,0,0,377486,0,0,0,1633700,0,1380000,0,0,0,0,3013700,data\raw\sigep_2026\objeto_gasto_fuente_total_gastos\2026_1420_Gobierno_Autónomo_Municipal_de_Cruz_de_Machacamarca_objeto_gasto_fuente_total_gastos.pdf
2026,1421,Gobierno Autónomo Municipal de Yunguyo de Litoral,0,0,733277,0,0,0,220346,0,0,0,953623,0,350000,0,0,0,0,1303623,data\raw\sigep_2026\objeto_gasto_fuente_total_gastos\2026_1421_Gobierno_Autónomo_Municipal_de_Yunguyo_de_Litoral_objeto_gasto_fuente_total_gastos.pdf
2026,1422,Gobierno Autónomo Municipal de Esmeralda,12000,0,3228247,0,0,0,970071,0,0,0,4210318,0,700000,0,0,0,0,4910318,data\raw\sigep_2026\objeto_gasto_fuente_total_gastos\2026_1422_Gobierno_Autónomo_Municipal_de_Esmeralda_objeto_gasto_fuente_total_gastos.pdf
2026,1423,Gobierno Autónomo Municipal de Toledo,16013,0,10072163,0,0,0,3026633,0,0,0,13114809,0,300000,0,0,0,0,13414809,data\raw\sigep_2026\objeto_gasto_fuente_total_gastos\2026_1423_Gobierno_Autónomo_Municipal_de_Toledo_objeto_gasto_fuente_total_gastos.pdf
2026,1424,Gobierno Autónomo Municipal de Andamarca (Santiago de Andamarca),6750,0,5237691,0,0,0,1573899,0,0,0,6818340,0,300000,0,0,0,0,7118340,data\raw\sigep_2026\objeto_gasto_fuente_total_gastos\2026_1424_Gobierno_Autónomo_Municipal_de_Andamarca_Santiago_de_Andamarca_objeto_gasto_fuente_total_gastos.pdf
2026,1425,Gobierno Autónomo Municipal de Belén de Andamarca,9000,0,2490813,0,0,0,748476,0,0,0,3248289,0,115000,0,0,0,0,3363289,data\raw\sigep_2026\objeto_gasto_fuente_total_gastos\2026_1425_Gobierno_Autónomo_Municipal_de_Belén_de_Andamarca_objeto_gasto_fuente_total_gastos.pdf
2026,1427,Gobierno Autónomo Municipal de Pampa Aullagas,1652942,0,2643787,0,0,0,794444,0,0,0,5091173,0,60000,0,0,0,0,5151173,data\raw\sigep_2026\objeto_gasto_fuente_total_gastos\2026_1427_Gobierno_Autónomo_Municipal_de_Pampa_Aullagas_objeto_gasto_fuente_total_gastos.pdf
2026,1428,Gobierno Autónomo Municipal de La Rivera,250,0,1101726,0,0,0,316279,0,0,0,1418255,0,1500000,0,0,0,0,2918255,data\raw\sigep_2026\objeto_gasto_fuente_total_gastos\2026_1428_Gobierno_Autónomo_Municipal_de_La_Rivera_objeto_gasto_fuente_total_gastos.pdf
2026,1429,Gobierno Autónomo Municipal de Todos Santos,8750,0,941122,0,0,0,282802,0,0,0,1232674,0,400000,0,0,0,0,1632674,data\raw\sigep_2026\objeto_gasto_fuente_total_gastos\2026_1429_Gobierno_Autónomo_Municipal_de_Todos_Santos_objeto_gasto_fuente_total_gastos.pdf
2026,1430,Gobierno Autónomo Municipal de Carangas,2397102,0,939459,0,0,0,282303,0,0,0,3618864,0,1748000,0,0,0,0,5366864,data\raw\sigep_2026\objeto_gasto_fuente_total_gastos\2026_1430_Gobierno_Autónomo_Municipal_de_Carangas_objeto_gasto_fuente_total_gastos.pdf
2026,1431,Gobierno Autónomo Municipal de Sabaya,1306,0,12792436,0,0,0,3844061,0,0,0,16637803,0,1047378,0,0,0,0,17685181,data\raw\sigep_2026\objeto_gasto_fuente_total_gastos\2026_1431_Gobierno_Autónomo_Municipal_de_Sabaya_objeto_gasto_fuente_total_gastos.pdf
2026,1432,Gobierno Autónomo Municipal de Coipasa,12000,0,1168088,0,0,0,351004,0,0,0,1531092,0,2010377,0,0,0,0,3541469,data\raw\sigep_2026\objeto_gasto_fuente_total_gastos\2026_1432_Gobierno_Autónomo_Municipal_de_Coipasa_objeto_gasto_fuente_total_gastos.pdf
2026,1434,Gobierno Autónomo Municipal de Huayllamarca (Santiago de Huayllamarca),4852292,0,4971649,0,0,0,1493955,0,0,0,11317896,0,200000,0,0,0,0,11517896,data\raw\sigep_2026\objeto_gasto_fuente_total_gastos\2026_1434_Gobierno_Autónomo_Municipal_de_Huayllamarca_Santiago_de_Huayllamarca_objeto_gasto_fuente_total_gastos.pdf
2026,1435,Gobierno Autónomo Municipal de Soracachi,7164011,0,13031874,0,0,0,3916010,0,0,0,24111895,0,2948648,0,0,0,0,27060543,data\raw\sigep_2026\objeto_gasto_fuente_total_gastos\2026_1435_Gobierno_Autónomo_Municipal_de_Soracachi_objeto_gasto_fuente_total_gastos.pdf
2026,1501,Gobierno Autónomo Municipal de Potosí,3730920,0,189020075,0,0,0,36315997,0,0,0,229066992,0,163194235,0,0,934000,0,393195227,data\raw\sigep_2026\objeto_gasto_fuente_total_gastos\2026_1501_Gobierno_Autónomo_Municipal_de_Potosí_objeto_gasto_fuente_total_gastos.pdf
2026,1502,Gobierno Autónomo Municipal de Tinguipaya,736939,0,31617349,0,0,0,4795150,0,0,0,37149438,0,2018938,0,0,0,0,39168376,data\raw\sigep_2026\objeto_gasto_fuente_total_gastos\2026_1502_Gobierno_Autónomo_Municipal_de_Tinguipaya_objeto_gasto_fuente_total_gastos.pdf
2026,1503,Gobierno Autónomo Municipal de Yocalla,12488,0,9744109,0,0,0,1849432,0,0,0,11606029,0,448271,0,1125341,0,0,13179641,data\raw\sigep_2026\objeto_gasto_fuente_total_gastos\2026_1503_Gobierno_Autónomo_Municipal_de_Yocalla_objeto_gasto_fuente_total_gastos.pdf
2026,1504,Gobierno Autónomo Municipal de Urmiri,18000,0,3629374,0,0,0,655917,0,0,0,4303291,0,184806,0,0,0,0,4488097,data\raw\sigep_2026\objeto_gasto_fuente_total_gastos\2026_1504_Gobierno_Autónomo_Municipal_de_Urmiri_objeto_gasto_fuente_total_gastos.pdf
2026,1505,Gobierno Autónomo Municipal de Uncía,10035442,0,22357737,0,0,0,5413489,0,0,0,37806668,0,4213982,0,0,0,0,42020650,data\raw\sigep_2026\objeto_gasto_fuente_total_gastos\2026_1505_Gobierno_Autónomo_Municipal_de_Uncía_objeto_gasto_fuente_total_gastos.pdf
2026,1506,Gobierno Autónomo Municipal de Chayanta,2050933,0,13308723,0,0,0,2662623,0,0,0,18022279,0,360725,0,0,0,0,18383004,data\raw\sigep_2026\objeto_gasto_fuente_total_gastos\2026_1506_Gobierno_Autónomo_Municipal_de_Chayanta_objeto_gasto_fuente_total_gastos.pdf
2026,1507,Gobierno Autónomo Municipal de Llallagua,38535,0,34561277,0,0,0,6914537,0,0,0,41514349,0,18989213,0,0,0,0,60503562,data\raw\sigep_2026\objeto_gasto_fuente_total_gastos\2026_1507_Gobierno_Autónomo_Municipal_de_Llallagua_objeto_gasto_fuente_total_gastos.pdf
2026,1508,Gobierno Autónomo Municipal de Betanzos,27268,0,26924590,0,0,0,5284662,0,0,0,32236520,0,1372400,0,0,0,0,33608920,data\raw\sigep_2026\objeto_gasto_fuente_total_gastos\2026_1508_Gobierno_Autónomo_Municipal_de_Betanzos_objeto_gasto_fuente_total_gastos.pdf
2026,1509,Gobierno Autónomo Municipal de Chaqui,96302,0,7700237,0,0,0,1540556,0,0,0,9337095,0,178526,0,0,0,0,9515621,data\raw\sigep_2026\objeto_gasto_fuente_total_gastos\2026_1509_Gobierno_Autónomo_Municipal_de_Chaqui_objeto_gasto_fuente_total_gastos.pdf
2026,1510,Gobierno Autónomo Municipal de Tacobamba,1258698,0,12164640,0,0,0,2363228,0,0,0,15786566,0,626056,0,0,0,0,16412622,data\raw\sigep_2026\objeto_gasto_fuente_total_gastos\2026_1510_Gobierno_Autónomo_Municipal_de_Tacobamba_objeto_gasto_fuente_total_gastos.pdf
2026,1511,Gobierno Autónomo Municipal de Colquechaca,8875180,0,13937587,0,0,0,2988404,0,0,0,25801171,0,3648896,0,0,0,0,29450067,data\raw\sigep_2026\objeto_gasto_fuente_total_gastos\2026_1511_Gobierno_Autónomo_Municipal_de_Colquechaca_objeto_gasto_fuente_total_gastos.pdf
2026,1512,Gobierno Autónomo Municipal de Ravelo,928264,0,14217986,0,0,0,3090680,0,0,0,18236930,0,408183,0,0,0,0,18645113,data\raw\sigep_2026\objeto_gasto_fuente_total_gastos\2026_1512_Gobierno_Autónomo_Municipal_de_Ravelo_objeto_gasto_fuente_total_gastos.pdf
2026,1513,Gobierno Autónomo Municipal de Pocoata,4284868,0,27563898,0,0,0,5373649,0,0,0,37222415,0,100926,0,0,0,0,37323341,data\raw\sigep_2026\objeto_gasto_fuente_total_gastos\2026_1513_Gobierno_Autónomo_Municipal_de_Pocoata_objeto_gasto_fuente_total_gastos.pdf
2026,1514,Gobierno Autónomo Municipal de Ocurí,71676,0,12144429,0,0,0,2389674,0,0,0,14605779,0,261668,0,0,0,0,14867447,data\raw\sigep_2026\objeto_gasto_fuente_total_gastos\2026_1514_Gobierno_Autónomo_Municipal_de_Ocurí_objeto_gasto_fuente_total_gastos.pdf
2026,1515,Gobierno Autónomo Municipal de San Pedro de Buena Vista,18893421,0,23831602,0,0,0,4650775,0,0,0,47375798,0,831825,0,0,0,0,48207623,data\raw\sigep_2026\objeto_gasto_fuente_total_gastos\2026_1515_Gobierno_Autónomo_Municipal_de_San_Pedro_de_Buena_Vista_objeto_gasto_fuente_total_gastos.pdf
2026,1516,Gobierno Autónomo Municipal de Toro Toro,2949687,0,9311557,0,0,0,1782900,0,0,0,14044144,0,551427,0,0,0,0,14595571,data\raw\sigep_2026\objeto_gasto_fuente_total_gastos\2026_1516_Gobierno_Autónomo_Municipal_de_Toro_Toro_objeto_gasto_fuente_total_gastos.pdf
2026,1517,Gobierno Autónomo Municipal de Cotagaita,802220,0,31168202,0,0,0,5835236,0,0,0,37805658,0,3678488,0,0,0,0,41484146,data\raw\sigep_2026\objeto_gasto_fuente_total_gastos\2026_1517_Gobierno_Autónomo_Municipal_de_Cotagaita_objeto_gasto_fuente_total_gastos.pdf
2026,1518,Gobierno Autónomo Municipal de Vitichi,216313,0,8398596,0,0,0,1680274,0,0,0,10295183,0,297458,0,0,0,0,10592641,data\raw\sigep_2026\objeto_gasto_fuente_total_gastos\2026_1518_Gobierno_Autónomo_Municipal_de_Vitichi_objeto_gasto_fuente_total_gastos.pdf
2026,1519,Gobierno Autónomo Municipal de Tupiza,2803619,0,37853540,0,0,0,7573207,0,0,0,48230366,0,15796596,0,0,0,0,64026962,data\raw\sigep_2026\objeto_gasto_fuente_total_gastos\2026_1519_Gobierno_Autónomo_Municipal_de_Tupiza_objeto_gasto_fuente_total_gastos.pdf
2026,1520,Gobierno Autónomo Municipal de Atocha,724739,0,8002369,0,0,0,1557521,0,0,0,10284629,0,11161079,0,0,0,0,21445708,data\raw\sigep_2026\objeto_gasto_fuente_total_gastos\2026_1520_Gobierno_Autónomo_Municipal_de_Atocha_objeto_gasto_fuente_total_gastos.pdf
2026,1521,"Gobierno Autónomo Municipal de Colcha""K"" (Villa Martín)",18750,0,11506974,0,0,0,2102088,0,0,0,13627812,0,70806908,0,0,0,0,84434720,data\raw\sigep_2026\objeto_gasto_fuente_total_gastos\2026_1521_Gobierno_Autónomo_Municipal_de_ColchaK_Villa_Martín_objeto_gasto_fuente_total_gastos.pdf
2026,1522,Gobierno Autónomo Municipal de San Pedro de Quemes,4125123,0,1332701,0,0,0,266628,0,0,0,5724452,0,261426,0,0,0,0,5985878,data\raw\sigep_2026\objeto_gasto_fuente_total_gastos\2026_1522_Gobierno_Autónomo_Municipal_de_San_Pedro_de_Quemes_objeto_gasto_fuente_total_gastos.pdf
2026,1523,Gobierno Autónomo Municipal de San Pablo de Lípez,30250,0,2632206,0,0,0,565299,0,0,0,3227755,0,614698,0,0,0,0,3842453,data\raw\sigep_2026\objeto_gasto_fuente_total_gastos\2026_1523_Gobierno_Autónomo_Municipal_de_San_Pablo_de_Lípez_objeto_gasto_fuente_total_gastos.pdf
2026,1524,Gobierno Autónomo Municipal de Mojinete,18000,0,876870,0,0,0,169990,0,0,0,1064860,0,172847,0,0,0,0,1237707,data\raw\sigep_2026\objeto_gasto_fuente_total_gastos\2026_1524_Gobierno_Autónomo_Municipal_de_Mojinete_objeto_gasto_fuente_total_gastos.pdf
2026,1525,Gobierno Autónomo Municipal de San Antonio de Esmoruco,53250,0,1613708,0,0,0,322848,0,0,0,1989806,0,264850,0,0,0,0,2254656,data\raw\sigep_2026\objeto_gasto_fuente_total_gastos\2026_1525_Gobierno_Autónomo_Municipal_de_San_Antonio_de_Esmoruco_objeto_gasto_fuente_total_gastos.pdf
2026,1526,Gobierno Autónomo Municipal de Sacaca (Villa de Sacaca),6368,0,14889751,0,0,0,2858894,0,0,0,17755013,0,310619,0,0,0,0,18065632,data\raw\sigep_2026\objeto_gasto_fuente_total_gastos\2026_1526_Gobierno_Autónomo_Municipal_de_Sacaca_Villa_de_Sacaca_objeto_gasto_fuente_total_gastos.pdf
2026,1527,Gobierno Autónomo Municipal de Caripuyo,12113,0,7156035,0,0,0,1401670,0,0,0,8569818,0,228565,0,0,0,0,8798383,data\raw\sigep_2026\objeto_gasto_fuente_total_gastos\2026_1527_Gobierno_Autónomo_Municipal_de_Caripuyo_objeto_gasto_fuente_total_gastos.pdf
2026,1528,Gobierno Autónomo Municipal de Puna (Villa Talavera),23023,0,14093055,0,0,0,2719508,0,0,0,16835586,0,560915,0,0,0,0,17396501,data\raw\sigep_2026\objeto_gasto_fuente_total_gastos\2026_1528_Gobierno_Autónomo_Municipal_de_Puna_Villa_Talavera_objeto_gasto_fuente_total_gastos.pdf
2026,1529,"Gobierno Autónomo Municipal de Caiza ""D""",27750,0,10717313,0,0,0,2144170,0,0,0,12889233,0,1413837,0,0,0,0,14303070,data\raw\sigep_2026\objeto_gasto_fuente_total_gastos\2026_1529_Gobierno_Autónomo_Municipal_de_Caiza_D_objeto_gasto_fuente_total_gastos.pdf
2026,1530,Gobierno Autónomo Municipal de Uyuni,8315452,0,33496385,0,0,0,6792928,0,0,0,48604765,0,12503988,0,0,0,0,61108753,data\raw\sigep_2026\objeto_gasto_fuente_total_gastos\2026_1530_Gobierno_Autónomo_Municipal_de_Uyuni_objeto_gasto_fuente_total_gastos.pdf
2026,1531,Gobierno Autónomo Municipal de Tomave,12863,0,6993905,0,0,0,1299210,0,0,0,8305978,0,579113,0,0,0,0,8885091,data\raw\sigep_2026\objeto_gasto_fuente_total_gastos\2026_1531_Gobierno_Autónomo_Municipal_de_Tomave_objeto_gasto_fuente_total_gastos.pdf
2026,1532,Gobierno Autónomo Municipal de Porco,9450,0,12847079,0,0,0,2432754,0,0,0,15289283,0,14556069,0,0,0,0,29845352,data\raw\sigep_2026\objeto_gasto_fuente_total_gastos\2026_1532_Gobierno_Autónomo_Municipal_de_Porco_objeto_gasto_fuente_total_gastos.pdf
2026,1533,Gobierno Autónomo Municipal de Arampampa,84000,0,3012088,0,0,0,602616,0,0,0,3698704,0,74925,0,0,0,0,3773629,data\raw\sigep_2026\objeto_gasto_fuente_total_gastos\2026_1533_Gobierno_Autónomo_Municipal_de_Arampampa_objeto_gasto_fuente_total_gastos.pdf
2026,1534,Gobierno Autónomo Municipal de Acasio,92500,0,3736337,0,0,0,737511,0,0,0,4566348,0,70000,0,0,0,0,4636348,data\raw\sigep_2026\objeto_gasto_fuente_total_gastos\2026_1534_Gobierno_Autónomo_Municipal_de_Acasio_objeto_gasto_fuente_total_gastos.pdf
2026,1535,Gobierno Autónomo Municipal de Llica,72500,0,4169135,0,0,0,700272,0,0,0,4941907,0,374960,0,0,0,0,5316867,data\raw\sigep_2026\objeto_gasto_fuente_total_gastos\2026_1535_Gobierno_Autónomo_Municipal_de_Llica_objeto_gasto_fuente_total_gastos.pdf
2026,1536,Gobierno Autónomo Municipal de Tahua,12000,0,1297783,0,0,0,259642,0,0,0,1569425,0,51271,0,0,0,0,1620696,data\raw\sigep_2026\objeto_gasto_fuente_total_gastos\2026_1536_Gobierno_Autónomo_Municipal_de_Tahua_objeto_gasto_fuente_total_gastos.pdf
2026,1537,Gobierno Autónomo Municipal de Villazón,39351,0,41949494,0,0,0,8202104,0,0,0,50190949,0,19185018,0,3438004,0,0,72813971,data\raw\sigep_2026\objeto_gasto_fuente_total_gastos\2026_1537_Gobierno_Autónomo_Municipal_de_Villazón_objeto_gasto_fuente_total_gastos.pdf
2026,1538,Gobierno Autónomo Municipal de San Agustín,18250,0,1761693,0,0,0,352455,0,0,0,2132398,0,157959,0,0,0,0,2290357,data\raw\sigep_2026\objeto_gasto_fuente_total_gastos\2026_1538_Gobierno_Autónomo_Municipal_de_San_Agustín_objeto_gasto_fuente_total_gastos.pdf
2026,1539,Gobierno Autónomo Municipal de Ckochas,139497,0,12234030,0,0,0,2378697,0,0,0,14752224,0,46211,0,0,0,0,14798435,data\raw\sigep_2026\objeto_gasto_fuente_total_gastos\2026_1539_Gobierno_Autónomo_Municipal_de_Ckochas_objeto_gasto_fuente_total_gastos.pdf
2026,1540,Gobierno Autónomo Municipal de Chuquihuta Ayllu Jucumani,8513,0,6792371,0,0,0,1358923,0,0,0,8159807,0,358359,0,0,0,0,8518166,data\raw\sigep_2026\objeto_gasto_fuente_total_gastos\2026_1540_Gobierno_Autónomo_Municipal_de_Chuquihuta_Ayllu_Jucumani_objeto_gasto_fuente_total_gastos.pdf
2026,1541,Gobierno Autónomo Municipal de San Pedro de Macha,2539058,0,17403267,0,0,0,3481802,0,0,0,23424127,0,319297,0,0,0,0,23743424,data\raw\sigep_2026\objeto_gasto_fuente_total_gastos\2026_1541_Gobierno_Autónomo_Municipal_de_San_Pedro_de_Macha_objeto_gasto_fuente_total_gastos.pdf
2026,1601,Gobierno Autónomo Municipal de Tarija,18626690,0,225082273,0,0,0,73452621,0,0,0,317161584,0,249838730,0,295868,0,0,567296182,data\raw\sigep_2026\objeto_gasto_fuente_total_gastos\2026_1601_Gobierno_Autónomo_Municipal_de_Tarija_objeto_gasto_fuente_total_gastos.pdf
2026,1602,Gobierno Autónomo Municipal de Padcaya,14384646,0,14784422,0,0,0,4740670,0,0,0,33909738,0,4117337,0,18250,0,0,38045325,data\raw\sigep_2026\objeto_gasto_fuente_total_gastos\2026_1602_Gobierno_Autónomo_Municipal_de_Padcaya_objeto_gasto_fuente_total_gastos.pdf
2026,1603,Gobierno Autónomo Municipal de Bermejo,2631999,0,37860713,0,0,0,9854825,0,0,0,50347537,0,41671811,0,458100,0,0,92477448,data\raw\sigep_2026\objeto_gasto_fuente_total_gastos\2026_1603_Gobierno_Autónomo_Municipal_de_Bermejo_objeto_gasto_fuente_total_gastos.pdf
2026,1604,Gobierno Autónomo Municipal de Yacuiba,159526,0,84923518,0,0,0,27165563,25200,120000,0,112393807,0,81634411,0,0,0,0,194028218,data\raw\sigep_2026\objeto_gasto_fuente_total_gastos\2026_1604_Gobierno_Autónomo_Municipal_de_Yacuiba_objeto_gasto_fuente_total_gastos.pdf
2026,1605,Gobierno Autónomo Municipal de Caraparí,36902,0,14111089,0,0,0,4847932,0,66450,0,19062373,0,32136254,0,0,0,0,51198627,data\raw\sigep_2026\objeto_gasto_fuente_total_gastos\2026_1605_Gobierno_Autónomo_Municipal_de_Caraparí_objeto_gasto_fuente_total_gastos.pdf
2026,1606,Gobierno Autónomo Municipal de Villamontes,60904,0,38251771,0,0,0,12813558,0,0,0,51126233,0,41883645,0,0,0,0,93009878,data\raw\sigep_2026\objeto_gasto_fuente_total_gastos\2026_1606_Gobierno_Autónomo_Municipal_de_Villamontes_objeto_gasto_fuente_total_gastos.pdf
2026,1607,Gobierno Autónomo Municipal de Uriondo (Concepción),6638800,0,13470123,0,0,0,4253088,0,0,0,24362011,0,8263408,0,513977,0,0,33139396,data\raw\sigep_2026\objeto_gasto_fuente_total_gastos\2026_1607_Gobierno_Autónomo_Municipal_de_Uriondo_Concepción_objeto_gasto_fuente_total_gastos.pdf
2026,1608,Gobierno Autónomo Municipal de Yunchara,227979,0,4140180,0,0,0,1423350,2258,0,0,5793767,0,3643291,0,92913,0,0,9529971,data\raw\sigep_2026\objeto_gasto_fuente_total_gastos\2026_1608_Gobierno_Autónomo_Municipal_de_Yunchara_objeto_gasto_fuente_total_gastos.pdf
2026,1609,Gobierno Autónomo Municipal de San Lorenzo,71681,0,25898940,0,0,0,8202028,7031,0,0,34179680,0,10081600,0,188801,0,0,44450081,data\raw\sigep_2026\objeto_gasto_fuente_total_gastos\2026_1609_Gobierno_Autónomo_Municipal_de_San_Lorenzo_objeto_gasto_fuente_total_gastos.pdf
2026,1610,Gobierno Autónomo Municipal de El Puente,6003427,0,8191431,0,0,0,2623618,0,0,0,16818476,0,5438677,0,0,0,0,22257153,data\raw\sigep_2026\objeto_gasto_fuente_total_gastos\2026_1610_Gobierno_Autónomo_Municipal_de_El_Puente_objeto_gasto_fuente_total_gastos.pdf
2026,1611,Gobierno Autónomo Municipal de Entre Ríos,51107,0,19851199,0,0,0,6592054,0,0,0,26494360,0,7466353,0,0,0,0,33960713,data\raw\sigep_2026\objeto_gasto_fuente_total_gastos\2026_1611_Gobierno_Autónomo_Municipal_de_Entre_Ríos_objeto_gasto_fuente_total_gastos.pdf
2026,1701,Gobierno Autónomo Municipal de Santa Cruz de La Sierra,5213002,0,1739823891,0,0,0,127497087,0,0,0,1872533980,0,2613913396,0,305527328,0,0,4791974704,data\raw\sigep_2026\objeto_gasto_fuente_total_gastos\2026_1701_Gobierno_Autónomo_Municipal_de_Santa_Cruz_de_La_Sierra_objeto_gasto_fuente_total_gastos.pdf
2026,1702,Gobierno Autónomo Municipal de Cotoca,9753617,0,88368990,0,0,0,8037842,0,0,0,106160449,0,69665445,0,0,0,0,175825894,data\raw\sigep_2026\objeto_gasto_fuente_total_gastos\2026_1702_Gobierno_Autónomo_Municipal_de_Cotoca_objeto_gasto_fuente_total_gastos.pdf
2026,1703,Gobierno Autónomo Municipal de Porongo (Ayacucho),17471,0,26825747,0,0,0,2378922,0,0,0,29222140,0,129865952,0,0,0,0,159088092,data\raw\sigep_2026\objeto_gasto_fuente_total_gastos\2026_1703_Gobierno_Autónomo_Municipal_de_Porongo_Ayacucho_objeto_gasto_fuente_total_gastos.pdf
2026,1704,Gobierno Autónomo Municipal de La Guardia,31139027,0,129229905,0,0,0,12463233,0,0,0,172832165,0,84239953,0,167541,0,0,257239659,data\raw\sigep_2026\objeto_gasto_fuente_total_gastos\2026_1704_Gobierno_Autónomo_Municipal_de_La_Guardia_objeto_gasto_fuente_total_gastos.pdf
2026,1705,Gobierno Autónomo Municipal de El Torno,12740203,0,46189782,0,0,0,4201318,0,0,0,63131303,0,27840573,0,594880,0,0,91566756,data\raw\sigep_2026\objeto_gasto_fuente_total_gastos\2026_1705_Gobierno_Autónomo_Municipal_de_El_Torno_objeto_gasto_fuente_total_gastos.pdf
2026,1706,Gobierno Autónomo Municipal de Warnes,29989512,0,129374523,0,0,0,11403781,0,0,0,170767816,0,188647559,0,0,0,0,359415375,data\raw\sigep_2026\objeto_gasto_fuente_total_gastos\2026_1706_Gobierno_Autónomo_Municipal_de_Warnes_objeto_gasto_fuente_total_gastos.pdf
2026,1707,Gobierno Autónomo Municipal de San Ignacio (San Ignacio de Velasco),58292,0,56759568,0,0,0,5462695,0,0,0,62280555,0,15489334,0,154567,0,0,77924456,data\raw\sigep_2026\objeto_gasto_fuente_total_gastos\2026_1707_Gobierno_Autónomo_Municipal_de_San_Ignacio_San_Ignacio_de_Velasco_objeto_gasto_fuente_total_gastos.pdf
2026,1708,Gobierno Autónomo Municipal de San Miguel (San Miguel de Velasco),5412869,0,12617847,0,0,0,1147690,0,0,0,19178406,0,2593290,0,0,0,0,21771696,data\raw\sigep_2026\objeto_gasto_fuente_total_gastos\2026_1708_Gobierno_Autónomo_Municipal_de_San_Miguel_San_Miguel_de_Velasco_objeto_gasto_fuente_total_gastos.pdf
2026,1709,Gobierno Autónomo Municipal de San Rafael,16275,0,7304500,0,0,0,664401,0,0,0,7985176,0,6746354,0,0,0,0,14731530,data\raw\sigep_2026\objeto_gasto_fuente_total_gastos\2026_1709_Gobierno_Autónomo_Municipal_de_San_Rafael_objeto_gasto_fuente_total_gastos.pdf
2026,1710,Gobierno Autónomo Municipal de Buena Vista,10759703,0,11295122,0,0,0,1027379,0,0,0,23082204,0,3471786,0,0,0,0,26553990,data\raw\sigep_2026\objeto_gasto_fuente_total_gastos\2026_1710_Gobierno_Autónomo_Municipal_de_Buena_Vista_objeto_gasto_fuente_total_gastos.pdf
2026,1711,Gobierno Autónomo Municipal de San Carlos,30370,0,15794548,0,0,0,1436636,0,0,0,17261554,0,8318952,0,0,0,0,25580506,data\raw\sigep_2026\objeto_gasto_fuente_total_gastos\2026_1711_Gobierno_Autónomo_Municipal_de_San_Carlos_objeto_gasto_fuente_total_gastos.pdf
2026,1712,Gobierno Autónomo Municipal de Yapacaní,7518930,0,47956464,0,0,0,4362011,0,0,0,59837405,0,22537142,0,0,0,0,82374547,data\raw\sigep_2026\objeto_gasto_fuente_total_gastos\2026_1712_Gobierno_Autónomo_Municipal_de_Yapacaní_objeto_gasto_fuente_total_gastos.pdf
2026,1713,Gobierno Autónomo Municipal de San José,6862415,0,34054136,0,0,0,3097487,0,0,0,44014038,0,6582077,0,482080,0,0,51078195,data\raw\sigep_2026\objeto_gasto_fuente_total_gastos\2026_1713_Gobierno_Autónomo_Municipal_de_San_José_objeto_gasto_fuente_total_gastos.pdf
2026,1714,Gobierno Autónomo Municipal de Pailón,13964968,0,47351992,0,0,0,4110498,0,0,0,65427458,0,19755658,0,0,0,0,85183116,data\raw\sigep_2026\objeto_gasto_fuente_total_gastos\2026_1714_Gobierno_Autónomo_Municipal_de_Pailón_objeto_gasto_fuente_total_gastos.pdf
2026,1715,Gobierno Autónomo Municipal de Roboré,28248,0,15547628,0,0,0,1414177,0,0,0,16990053,0,3804947,0,145824,0,0,20940824,data\raw\sigep_2026\objeto_gasto_fuente_total_gastos\2026_1715_Gobierno_Autónomo_Municipal_de_Roboré_objeto_gasto_fuente_total_gastos.pdf
2026,1716,Gobierno Autónomo Municipal de Portachuelo,23676,0,17217038,0,0,0,1566022,0,0,0,18806736,0,10000366,0,0,0,0,28807102,data\raw\sigep_2026\objeto_gasto_fuente_total_gastos\2026_1716_Gobierno_Autónomo_Municipal_de_Portachuelo_objeto_gasto_fuente_total_gastos.pdf
2026,1717,Gobierno Autónomo Municipal de Santa Rosa del Sara,1902490,0,14951529,0,0,0,1359957,0,0,0,18213976,0,2396753,0,0,0,0,20610729,data\raw\sigep_2026\objeto_gasto_fuente_total_gastos\2026_1717_Gobierno_Autónomo_Municipal_de_Santa_Rosa_del_Sara_objeto_gasto_fuente_total_gastos.pdf
2026,1718,Gobierno Autónomo Municipal de Lagunillas,4030689,0,4913453,0,0,0,446917,0,0,0,9391059,0,52767,0,0,0,0,9443826,data\raw\sigep_2026\objeto_gasto_fuente_total_gastos\2026_1718_Gobierno_Autónomo_Municipal_de_Lagunillas_objeto_gasto_fuente_total_gastos.pdf
2026,1720,Gobierno Autónomo Municipal de Cabezas,24002,0,25905785,0,0,0,2356331,0,0,0,28286118,0,6929357,0,0,0,0,35215475,data\raw\sigep_2026\objeto_gasto_fuente_total_gastos\2026_1720_Gobierno_Autónomo_Municipal_de_Cabezas_objeto_gasto_fuente_total_gastos.pdf
2026,1721,Gobierno Autónomo Municipal de Cuevo,99500,0,4152823,0,0,0,374547,0,0,0,4626870,0,300000,0,0,0,0,4926870,data\raw\sigep_2026\objeto_gasto_fuente_total_gastos\2026_1721_Gobierno_Autónomo_Municipal_de_Cuevo_objeto_gasto_fuente_total_gastos.pdf
2026,1723,Gobierno Autónomo Municipal de Camiri,41310,0,27354072,0,0,0,2519460,0,0,0,29914842,0,11585158,0,0,0,0,41500000,data\raw\sigep_2026\objeto_gasto_fuente_total_gastos\2026_1723_Gobierno_Autónomo_Municipal_de_Camiri_objeto_gasto_fuente_total_gastos.pdf
2026,1724,Gobierno Autónomo Municipal de Boyuibe,20663,0,4848219,0,0,0,468701,0,0,0,5337583,0,400000,0,0,0,0,5737583,data\raw\sigep_2026\objeto_gasto_fuente_total_gastos\2026_1724_Gobierno_Autónomo_Municipal_de_Boyuibe_objeto_gasto_fuente_total_gastos.pdf
2026,1725,Gobierno Autónomo Municipal de Vallegrande,7996413,0,14276449,0,0,0,1298554,0,0,0,23571416,0,7832016,0,0,0,0,31403432,data\raw\sigep_2026\objeto_gasto_fuente_total_gastos\2026_1725_Gobierno_Autónomo_Municipal_de_Vallegrande_objeto_gasto_fuente_total_gastos.pdf
2026,1726,Gobierno Autónomo Municipal de Trigal,54500,0,1967875,0,0,0,178994,0,0,0,2201369,0,250000,0,0,0,0,2451369,data\raw\sigep_2026\objeto_gasto_fuente_total_gastos\2026_1726_Gobierno_Autónomo_Municipal_de_Trigal_objeto_gasto_fuente_total_gastos.pdf
2026,1727,Gobierno Autónomo Municipal de Moro Moro,1404424,0,2337008,0,0,0,212569,0,0,0,3954001,0,400000,0,0,0,0,4354001,data\raw\sigep_2026\objeto_gasto_fuente_total_gastos\2026_1727_Gobierno_Autónomo_Municipal_de_Moro_Moro_objeto_gasto_fuente_total_gastos.pdf
2026,1728,Gobierno Autónomo Municipal de Postrer Valle,67250,0,1493158,0,0,0,135814,0,0,0,1696222,0,60928,0,0,0,0,1757150,data\raw\sigep_2026\objeto_gasto_fuente_total_gastos\2026_1728_Gobierno_Autónomo_Municipal_de_Postrer_Valle_objeto_gasto_fuente_total_gastos.pdf
2026,1729,Gobierno Autónomo Municipal de Pucara,83750,0,1670241,0,0,0,151921,0,0,0,1905912,0,150000,0,0,0,0,2055912,data\raw\sigep_2026\objeto_gasto_fuente_total_gastos\2026_1729_Gobierno_Autónomo_Municipal_de_Pucara_objeto_gasto_fuente_total_gastos.pdf
2026,1730,Gobierno Autónomo Municipal de Samaipata,1456282,0,9821917,0,0,0,893379,0,0,0,12171578,0,7425505,0,0,0,0,19597083,data\raw\sigep_2026\objeto_gasto_fuente_total_gastos\2026_1730_Gobierno_Autónomo_Municipal_de_Samaipata_objeto_gasto_fuente_total_gastos.pdf
2026,1731,Gobierno Autónomo Municipal de Pampa Grande,863742,0,8022812,0,0,0,729737,0,0,0,9616291,0,1403793,0,0,0,0,11020084,data\raw\sigep_2026\objeto_gasto_fuente_total_gastos\2026_1731_Gobierno_Autónomo_Municipal_de_Pampa_Grande_objeto_gasto_fuente_total_gastos.pdf
2026,1732,Gobierno Autónomo Municipal de Mairana,1398026,0,10585124,0,0,0,962799,0,0,0,12945949,0,2500000,0,0,0,0,15445949,data\raw\sigep_2026\objeto_gasto_fuente_total_gastos\2026_1732_Gobierno_Autónomo_Municipal_de_Mairana_objeto_gasto_fuente_total_gastos.pdf
2026,1733,Gobierno Autónomo Municipal de Quirusillas,39250,0,2573120,0,0,0,234044,0,0,0,2846414,0,250000,0,0,0,0,3096414,data\raw\sigep_2026\objeto_gasto_fuente_total_gastos\2026_1733_Gobierno_Autónomo_Municipal_de_Quirusillas_objeto_gasto_fuente_total_gastos.pdf
2026,1734,Gobierno Autónomo Municipal de Montero,11330165,0,113819267,0,0,0,10644927,0,0,0,135794359,0,80822945,0,272553,0,0,216889857,data\raw\sigep_2026\objeto_gasto_fuente_total_gastos\2026_1734_Gobierno_Autónomo_Municipal_de_Montero_objeto_gasto_fuente_total_gastos.pdf
2026,1735,Gobierno Autónomo Municipal de General Agustín Saavedra,2302487,0,13487821,0,0,0,1213178,0,0,0,17003486,0,11920929,0,0,0,0,28924415,data\raw\sigep_2026\objeto_gasto_fuente_total_gastos\2026_1735_Gobierno_Autónomo_Municipal_de_General_Agustín_Saavedra_objeto_gasto_fuente_total_gastos.pdf
2026,1736,Gobierno Autónomo Municipal de Mineros,5406171,0,18898087,0,0,0,1718927,0,0,0,26023185,0,7951115,0,0,0,0,33974300,data\raw\sigep_2026\objeto_gasto_fuente_total_gastos\2026_1736_Gobierno_Autónomo_Municipal_de_Mineros_objeto_gasto_fuente_total_gastos.pdf
2026,1737,Gobierno Autónomo Municipal de Concepción,5423153,0,25032005,0,0,0,2276854,0,0,0,32732012,0,7546979,0,0,0,0,40278991,data\raw\sigep_2026\objeto_gasto_fuente_total_gastos\2026_1737_Gobierno_Autónomo_Municipal_de_Concepción_objeto_gasto_fuente_total_gastos.pdf
2026,1738,Gobierno Autónomo Municipal de San Javier,39975,0,12685060,0,0,0,1126517,0,0,0,13851552,0,4000661,0,1561418,0,0,19413631,data\raw\sigep_2026\objeto_gasto_fuente_total_gastos\2026_1738_Gobierno_Autónomo_Municipal_de_San_Javier_objeto_gasto_fuente_total_gastos.pdf
2026,1739,Gobierno Autónomo Municipal de San Julián,16815606,0,38008624,0,0,0,3375316,0,0,0,58199546,0,15166745,0,32526781,0,0,105893072,data\raw\sigep_2026\objeto_gasto_fuente_total_gastos\2026_1739_Gobierno_Autónomo_Municipal_de_San_Julián_objeto_gasto_fuente_total_gastos.pdf
2026,1740,Gobierno Autónomo Municipal de San Matías,13717,0,12750036,0,0,0,1159713,0,0,0,13923466,0,1476594,0,0,0,0,15400060,data\raw\sigep_2026\objeto_gasto_fuente_total_gastos\2026_1740_Gobierno_Autónomo_Municipal_de_San_Matías_objeto_gasto_fuente_total_gastos.pdf
2026,1741,Gobierno Autónomo Municipal de Comarapa,4725723,0,14243194,0,0,0,1295529,0,0,0,20264446,0,3886942,0,0,0,0,24151388,data\raw\sigep_2026\objeto_gasto_fuente_total_gastos\2026_1741_Gobierno_Autónomo_Municipal_de_Comarapa_objeto_gasto_fuente_total_gastos.pdf
2026,1742,Gobierno Autónomo Municipal de Saipina,17475,0,5090666,0,0,0,506033,0,0,0,5614174,0,1829575,0,0,0,0,7443749,data\raw\sigep_2026\objeto_gasto_fuente_total_gastos\2026_1742_Gobierno_Autónomo_Municipal_de_Saipina_objeto_gasto_fuente_total_gastos.pdf
2026,1743,Gobierno Autónomo Municipal de Puerto Suárez,19594,0,14447713,0,0,0,1314131,0,0,0,15781438,0,9415567,0,0,0,0,25197005,data\raw\sigep_2026\objeto_gasto_fuente_total_gastos\2026_1743_Gobierno_Autónomo_Municipal_de_Puerto_Suárez_objeto_gasto_fuente_total_gastos.pdf
2026,1744,Gobierno Autónomo Municipal de Puerto Quijarro,15379140,0,14820171,0,0,0,1348009,0,0,0,31547320,0,14150265,0,0,0,0,45697585,data\raw\sigep_2026\objeto_gasto_fuente_total_gastos\2026_1744_Gobierno_Autónomo_Municipal_de_Puerto_Quijarro_objeto_gasto_fuente_total_gastos.pdf
2026,1745,Gobierno Autónomo Municipal de Ascención de Guarayos,4263283,0,28268566,0,0,0,2571244,0,0,0,35103093,0,6744698,0,0,0,0,41847791,data\raw\sigep_2026\objeto_gasto_fuente_total_gastos\2026_1745_Gobierno_Autónomo_Municipal_de_Ascención_de_Guarayos_objeto_gasto_fuente_total_gastos.pdf
2026,1746,Gobierno Autónomo Municipal de Urubicha,23250,0,5427245,0,0,0,493651,0,0,0,5944146,0,533286,0,0,0,0,6477432,data\raw\sigep_2026\objeto_gasto_fuente_total_gastos\2026_1746_Gobierno_Autónomo_Municipal_de_Urubicha_objeto_gasto_fuente_total_gastos.pdf
2026,1747,Gobierno Autónomo Municipal de El Puente,2175388,0,14311367,0,0,0,1301729,0,0,0,17788484,0,2734669,0,0,0,0,20523153,data\raw\sigep_2026\objeto_gasto_fuente_total_gastos\2026_1747_Gobierno_Autónomo_Municipal_de_El_Puente_objeto_gasto_fuente_total_gastos.pdf
2026,1748,Gobierno Autónomo Municipal de Okinawa Uno,24525,0,8736136,0,0,0,794619,0,0,0,9555280,0,4005012,0,0,0,0,13560292,data\raw\sigep_2026\objeto_gasto_fuente_total_gastos\2026_1748_Gobierno_Autónomo_Municipal_de_Okinawa_Uno_objeto_gasto_fuente_total_gastos.pdf
2026,1749,Gobierno Autónomo Municipal de San Antonio de Lomerio,15750,0,5375934,0,0,0,479888,0,0,0,5871572,0,223533,0,0,0,0,6095105,data\raw\sigep_2026\objeto_gasto_fuente_total_gastos\2026_1749_Gobierno_Autónomo_Municipal_de_San_Antonio_de_Lomerio_objeto_gasto_fuente_total_gastos.pdf
2026,1750,Gobierno Autónomo Municipal de San Ramón,6910439,0,7006035,0,0,0,637252,0,0,0,14553726,0,5677473,0,0,0,0,20231199,data\raw\sigep_2026\objeto_gasto_fuente_total_gastos\2026_1750_Gobierno_Autónomo_Municipal_de_San_Ramón_objeto_gasto_fuente_total_gastos.pdf
2026,1751,Gobierno Autónomo Municipal de El Carmen Rivero Tórrez,3778861,0,7358774,0,0,0,680242,0,0,0,11817877,0,7543178,0,1561027,0,0,20922082,data\raw\sigep_2026\objeto_gasto_fuente_total_gastos\2026_1751_Gobierno_Autónomo_Municipal_de_El_Carmen_Rivero_Tórrez_objeto_gasto_fuente_total_gastos.pdf
2026,1752,Gobierno Autónomo Municipal de San Juan,907142,0,8485059,0,0,0,771781,0,0,0,10163982,0,8732767,0,0,0,0,18896749,data\raw\sigep_2026\objeto_gasto_fuente_total_gastos\2026_1752_Gobierno_Autónomo_Municipal_de_San_Juan_objeto_gasto_fuente_total_gastos.pdf
2026,1753,Gobierno Autónomo Municipal de Fernández Alonso,42488,0,12158925,0,0,0,1105948,0,0,0,13307361,0,6200141,0,0,0,0,19507502,data\raw\sigep_2026\objeto_gasto_fuente_total_gastos\2026_1753_Gobierno_Autónomo_Municipal_de_Fernández_Alonso_objeto_gasto_fuente_total_gastos.pdf
2026,1754,Gobierno Autónomo Municipal de San Pedro,11267,0,12602050,0,0,0,1146253,0,0,0,13759570,0,6260055,0,0,0,0,20019625,data\raw\sigep_2026\objeto_gasto_fuente_total_gastos\2026_1754_Gobierno_Autónomo_Municipal_de_San_Pedro_objeto_gasto_fuente_total_gastos.pdf
2026,1755,Gobierno Autónomo Municipal de Cuatro Cañadas,15288630,0,21000646,0,0,0,1910171,0,0,0,38199447,0,16610981,0,53073,0,0,54863501,data\raw\sigep_2026\objeto_gasto_fuente_total_gastos\2026_1755_Gobierno_Autónomo_Municipal_de_Cuatro_Cañadas_objeto_gasto_fuente_total_gastos.pdf
2026,1756,Gobierno Autónomo Municipal de Colpa Bélgica,20625,0,5004905,0,0,0,455234,0,0,0,5480764,0,20568275,0,0,0,0,26049039,data\raw\sigep_2026\objeto_gasto_fuente_total_gastos\2026_1756_Gobierno_Autónomo_Municipal_de_Colpa_Bélgica_objeto_gasto_fuente_total_gastos.pdf
2026,1801,Gobierno Autónomo Municipal de Trinidad,6808647,0,103387861,0,0,0,37103036,0,0,0,147299544,0,85844125,0,0,0,0,233143669,data\raw\sigep_2026\objeto_gasto_fuente_total_gastos\2026_1801_Gobierno_Autónomo_Municipal_de_Trinidad_objeto_gasto_fuente_total_gastos.pdf
2026,1802,Gobierno Autónomo Municipal de San Javier,1279528,0,6413379,0,0,0,2333640,0,0,0,10026547,0,907712,0,0,0,0,10934259,data\raw\sigep_2026\objeto_gasto_fuente_total_gastos\2026_1802_Gobierno_Autónomo_Municipal_de_San_Javier_objeto_gasto_fuente_total_gastos.pdf
2026,1803,Gobierno Autónomo Municipal de Riberalta,174385,0,89074831,0,0,0,31966487,0,0,0,121215703,0,40682906,0,0,0,0,161898609,data\raw\sigep_2026\objeto_gasto_fuente_total_gastos\2026_1803_Gobierno_Autónomo_Municipal_de_Riberalta_objeto_gasto_fuente_total_gastos.pdf
2026,1805,Gobierno Autónomo Municipal de Puerto Guayaramerín,3749643,0,33886197,0,0,0,12160817,0,0,0,49796657,0,7609081,0,0,0,0,57405738,data\raw\sigep_2026\objeto_gasto_fuente_total_gastos\2026_1805_Gobierno_Autónomo_Municipal_de_Puerto_Guayaramerín_objeto_gasto_fuente_total_gastos.pdf
2026,1806,Gobierno Autónomo Municipal de Reyes,38438,0,9372972,0,0,0,3363700,0,0,0,12775110,0,979020,0,0,0,0,13754130,data\raw\sigep_2026\objeto_gasto_fuente_total_gastos\2026_1806_Gobierno_Autónomo_Municipal_de_Reyes_objeto_gasto_fuente_total_gastos.pdf
2026,1807,Gobierno Autónomo Municipal de Puerto Rurrenabaque,16328,0,17488934,0,0,0,6320911,0,0,0,23826173,0,3886712,0,0,0,0,27712885,data\raw\sigep_2026\objeto_gasto_fuente_total_gastos\2026_1807_Gobierno_Autónomo_Municipal_de_Puerto_Rurrenabaque_objeto_gasto_fuente_total_gastos.pdf
2026,1808,Gobierno Autónomo Municipal de San Borja,7410220,0,37879313,0,0,0,13593835,0,0,0,58883368,0,1968693,0,0,0,0,60852061,data\raw\sigep_2026\objeto_gasto_fuente_total_gastos\2026_1808_Gobierno_Autónomo_Municipal_de_San_Borja_objeto_gasto_fuente_total_gastos.pdf
2026,1809,Gobierno Autónomo Municipal de Santa Rosa,32213,0,9770350,0,0,0,3955097,0,0,0,13757660,0,3056651,0,0,0,0,16814311,data\raw\sigep_2026\objeto_gasto_fuente_total_gastos\2026_1809_Gobierno_Autónomo_Municipal_de_Santa_Rosa_objeto_gasto_fuente_total_gastos.pdf
2026,1810,Gobierno Autónomo Municipal de Santa Ana,5204913,0,15049632,0,0,0,5400896,0,0,0,25655441,0,14431801,0,0,0,0,40087242,data\raw\sigep_2026\objeto_gasto_fuente_total_gastos\2026_1810_Gobierno_Autónomo_Municipal_de_Santa_Ana_objeto_gasto_fuente_total_gastos.pdf
2026,1811,Gobierno Autónomo Municipal de San Ignacio,3908324,0,17939507,0,0,0,6437992,0,0,0,28285823,0,2003182,0,0,0,0,30289005,data\raw\sigep_2026\objeto_gasto_fuente_total_gastos\2026_1811_Gobierno_Autónomo_Municipal_de_San_Ignacio_objeto_gasto_fuente_total_gastos.pdf
2026,1812,Gobierno Autónomo Municipal de Loreto,32250,0,3544171,0,0,0,1271905,0,0,0,4848326,0,73473,0,0,0,0,4921799,data\raw\sigep_2026\objeto_gasto_fuente_total_gastos\2026_1812_Gobierno_Autónomo_Municipal_de_Loreto_objeto_gasto_fuente_total_gastos.pdf
2026,1813,Gobierno Autónomo Municipal de San Andrés,13226,0,12998619,0,0,0,4664844,0,0,0,17676689,0,1322344,0,0,0,0,18999033,data\raw\sigep_2026\objeto_gasto_fuente_total_gastos\2026_1813_Gobierno_Autónomo_Municipal_de_San_Andrés_objeto_gasto_fuente_total_gastos.pdf
2026,1814,Gobierno Autónomo Municipal de San Joaquín,18038,0,5785660,0,0,0,2203286,0,0,0,8006984,0,1472005,0,0,0,0,9478989,data\raw\sigep_2026\objeto_gasto_fuente_total_gastos\2026_1814_Gobierno_Autónomo_Municipal_de_San_Joaquín_objeto_gasto_fuente_total_gastos.pdf
2026,1815,Gobierno Autónomo Municipal de San Ramón,114779,0,4523536,0,0,0,1623372,0,0,0,6261687,0,1117073,0,0,0,0,7378760,data\raw\sigep_2026\objeto_gasto_fuente_total_gastos\2026_1815_Gobierno_Autónomo_Municipal_de_San_Ramón_objeto_gasto_fuente_total_gastos.pdf
2026,1816,Gobierno Autónomo Municipal de Puerto Síles,0,0,910361,0,0,0,326703,0,0,0,1237064,0,120000,0,0,0,0,1357064,data\raw\sigep_2026\objeto_gasto_fuente_total_gastos\2026_1816_Gobierno_Autónomo_Municipal_de_Puerto_Síles_objeto_gasto_fuente_total_gastos.pdf
2026,1817,Gobierno Autónomo Municipal de Magdalena,3419093,0,10615885,0,0,0,3809747,0,0,0,17844725,0,9659792,0,0,0,0,27504517,data\raw\sigep_2026\objeto_gasto_fuente_total_gastos\2026_1817_Gobierno_Autónomo_Municipal_de_Magdalena_objeto_gasto_fuente_total_gastos.pdf
2026,1818,Gobierno Autónomo Municipal de Baures,299100,0,5457175,0,0,0,1958429,0,0,0,7714704,0,3410941,0,0,0,0,11125645,data\raw\sigep_2026\objeto_gasto_fuente_total_gastos\2026_1818_Gobierno_Autónomo_Municipal_de_Baures_objeto_gasto_fuente_total_gastos.pdf
2026,1819,Gobierno Autónomo Municipal de Huacaraje,113250,0,3847624,0,0,0,1380806,0,0,0,5341680,0,360080,0,0,0,0,5701760,data\raw\sigep_2026\objeto_gasto_fuente_total_gastos\2026_1819_Gobierno_Autónomo_Municipal_de_Huacaraje_objeto_gasto_fuente_total_gastos.pdf
2026,1820,Gobierno Autónomo Municipal de Exaltación,4313,0,8392988,0,0,0,2927541,0,0,0,11324842,0,994803,0,0,0,0,12319645,data\raw\sigep_2026\objeto_gasto_fuente_total_gastos\2026_1820_Gobierno_Autónomo_Municipal_de_Exaltación_objeto_gasto_fuente_total_gastos.pdf
2026,1901,Gobierno Autónomo Municipal de Cobija,5201558,0,45215406,0,0,0,59247198,0,0,0,109664162,0,36440454,0,0,0,0,146104616,data\raw\sigep_2026\objeto_gasto_fuente_total_gastos\2026_1901_Gobierno_Autónomo_Municipal_de_Cobija_objeto_gasto_fuente_total_gastos.pdf
2026,1902,Gobierno Autónomo Municipal de Porvenir,31838,0,7457474,0,0,0,9771768,0,0,0,17261080,0,1762578,0,0,0,0,19023658,data\raw\sigep_2026\objeto_gasto_fuente_total_gastos\2026_1902_Gobierno_Autónomo_Municipal_de_Porvenir_objeto_gasto_fuente_total_gastos.pdf
2026,1903,Gobierno Autónomo Municipal de Bolpebra,115000,0,1986997,0,0,0,2603626,0,0,0,4705623,0,197620,0,0,0,0,4903243,data\raw\sigep_2026\objeto_gasto_fuente_total_gastos\2026_1903_Gobierno_Autónomo_Municipal_de_Bolpebra_objeto_gasto_fuente_total_gastos.pdf
2026,1904,Gobierno Autónomo Municipal de Bella Flor,212310,0,3019570,0,0,0,3956640,0,0,0,7188520,0,518172,0,0,0,0,7706692,data\raw\sigep_2026\objeto_gasto_fuente_total_gastos\2026_1904_Gobierno_Autónomo_Municipal_de_Bella_Flor_objeto_gasto_fuente_total_gastos.pdf
2026,1905,Gobierno Autónomo Municipal de Puerto Rico,11625,0,6000066,0,0,0,7862079,0,0,0,13873770,0,503992,0,0,0,0,14377762,data\raw\sigep_2026\objeto_gasto_fuente_total_gastos\2026_1905_Gobierno_Autónomo_Municipal_de_Puerto_Rico_objeto_gasto_fuente_total_gastos.pdf
2026,1906,Gobierno Autónomo Municipal de San Pedro,6000,0,2692838,0,0,0,3528512,0,0,0,6227350,0,84778,0,0,0,0,6312128,data\raw\sigep_2026\objeto_gasto_fuente_total_gastos\2026_1906_Gobierno_Autónomo_Municipal_de_San_Pedro_objeto_gasto_fuente_total_gastos.pdf
2026,1907,Gobierno Autónomo Municipal de Filadelfia,16913,0,6601985,0,0,0,8650792,0,0,0,15269690,0,533065,0,0,0,0,15802755,data\raw\sigep_2026\objeto_gasto_fuente_total_gastos\2026_1907_Gobierno_Autónomo_Municipal_de_Filadelfia_objeto_gasto_fuente_total_gastos.pdf
2026,1908,Gobierno Autónomo Municipal de Puerto Gonzalo Moreno,18525,0,9981542,0,0,0,13079135,0,0,0,23079202,0,328658,0,0,0,0,23407860,data\raw\sigep_2026\objeto_gasto_fuente_total_gastos\2026_1908_Gobierno_Autónomo_Municipal_de_Puerto_Gonzalo_Moreno_objeto_gasto_fuente_total_gastos.pdf
2026,1909,Gobierno Autónomo Municipal de San Lorenzo,21075,0,7651186,0,0,0,10025594,0,0,0,17697855,0,105170,0,0,0,0,17803025,data\raw\sigep_2026\objeto_gasto_fuente_total_gastos\2026_1909_Gobierno_Autónomo_Municipal_de_San_Lorenzo_objeto_gasto_fuente_total_gastos.pdf
2026,1910,Gobierno Autónomo Municipal de Sena,6533975,0,8533279,0,0,0,11181430,0,0,0,26248684,0,2455114,0,0,0,0,28703798,data\raw\sigep_2026\objeto_gasto_fuente_total_gastos\2026_1910_Gobierno_Autónomo_Municipal_de_Sena_objeto_gasto_fuente_total_gastos.pdf
2026,1911,Gobierno Autónomo Municipal de Santa Rosa del Abuná,41750,0,2373588,0,0,0,3110189,0,0,0,5525527,0,157901,0,0,0,0,5683428,data\raw\sigep_2026\objeto_gasto_fuente_total_gastos\2026_1911_Gobierno_Autónomo_Municipal_de_Santa_Rosa_del_Abuná_objeto_gasto_fuente_total_gastos.pdf
2026,1912,Gobierno Autónomo Municipal de Ingavi (Humaita),12000,0,2148285,0,0,0,2814966,0,0,0,4975251,0,85207,0,0,0,0,5060458,data\raw\sigep_2026\objeto_gasto_fuente_total_gastos\2026_1912_Gobierno_Autónomo_Municipal_de_Ingavi_Humaita_objeto_gasto_fuente_total_gastos.pdf
2026,1913,Gobierno Autónomo Municipal de Nueva Esperanza,114778,0,1155618,0,0,0,1514243,0,0,0,2784639,0,15088,0,0,0,0,2799727,data\raw\sigep_2026\objeto_gasto_fuente_total_gastos\2026_1913_Gobierno_Autónomo_Municipal_de_Nueva_Esperanza_objeto_gasto_fuente_total_gastos.pdf
2026,1914,Gobierno Autónomo Municipal de Villa Nueva (Loma Alta),47250,0,2078449,0,0,0,2723458,0,0,0,4849157,0,122745,0,0,0,0,4971902,data\raw\sigep_2026\objeto_gasto_fuente_total_gastos\2026_1914_Gobierno_Autónomo_Municipal_de_Villa_Nueva_Loma_Alta_objeto_gasto_fuente_total_gastos.pdf
2026,1915,Gobierno Autónomo Municipal de Santos Mercado,12000,0,1815733,0,0,0,2379213,0,0,0,4206946,0,50799,0,0,0,0,4257745,data\raw\sigep_2026\objeto_gasto_fuente_total_gastos\2026_1915_Gobierno_Autónomo_Municipal_de_Santos_Mercado_objeto_gasto_fuente_total_gastos.pdf
2026,3101,Autonomía del Territorio Indígena Originario Campesino Guaraní Chaqueño de Huacaya,69250,0,2116692,0,0,0,604325,0,0,0,2790267,0,50000,0,0,0,0,2840267,data\raw\sigep_2026\objeto_gasto_fuente_total_gastos\2026_3101_Autonomía_del_Territorio_Indígena_Originario_Campesino_Guaraní_Chaqueño_de_objeto_gasto_fuente_total_gastos.pdf
2026,3301,Gobierno Autónomo Indígena Originario Campesino del Territorio de Raqaypampa,5213,0,6656856,0,0,0,752434,0,0,0,7414503,0,344739,0,0,0,0,7759242,data\raw\sigep_2026\objeto_gasto_fuente_total_gastos\2026_3301_Gobierno_Autónomo_Indígena_Originario_Campesino_del_Territorio_de_Raqaypampa_objeto_gasto_fuente_total_gastos.pdf
2026,3401,GAIOC de la Nación Originaria Uru Chipaya,1001719,0,1967044,0,0,0,591086,0,0,0,3559849,0,0,0,0,0,0,3559849,data\raw\sigep_2026\objeto_gasto_fuente_total_gastos\2026_3401_Gobierno_Autónomo_Indígena_Originario_Campesino_de_la_Nación_Originaria_Uru_objeto_gasto_fuente_total_gastos.pdf
2026,3402,Gobierno Autónomo Indígena Originario Campesino de Salinas,2479559,0,13223922,0,0,0,3973720,0,0,0,19677201,0,683853,0,0,0,0,20361054,data\raw\sigep_2026\objeto_gasto_fuente_total_gastos\2026_3402_Gobierno_Autónomo_Indígena_Originario_Campesino_de_Salinas_objeto_gasto_fuente_total_gastos.pdf
2026,3501,Gobierno Autónomo Indígena Originario Campesino de la Autonomía Originaria del Jatún Ayllu Yura,5925,0,4882809,0,0,0,966881,0,0,0,5855615,0,996347,0,0,0,0,6851962,data\raw\sigep_2026\objeto_gasto_fuente_total_gastos\2026_3501_Gobierno_Autónomo_Indígena_Originario_Campesino_de_la_Autonomía_Originaria_del_objeto_gasto_fuente_total_gastos.pdf
2026,3701,GAIOC de Charagua Iyambae,322755,0,32641622,0,0,0,2969007,0,0,0,35933384,0,2678556,0,0,0,0,38611940,data\raw\sigep_2026\objeto_gasto_fuente_total_gastos\2026_3701_Gobierno_Autónomo_Indígena_Originario_Campesino_de_Charagua_Iyambae_objeto_gasto_fuente_total_gastos.pdf
2026,3702,Gobierno Autónomo Indígena Guaraní Kereimba Iyaambae,5407564,0,12611196,0,0,0,1147086,0,0,0,19165846,0,160411,0,0,0,0,19326257,data\raw\sigep_2026\objeto_gasto_fuente_total_gastos\2026_3702_Gobierno_Autónomo_Indígena_Guaraní_Kereimba_Iyaambae_objeto_gasto_fuente_total_gastos.pdf
2026,3801,Gobierno Indígena Autónomo del Territorio Indígena Multiétnico,0,0,3368949,0,0,0,1233515,0,0,0,4602464,0,300000,0,0,0,0,4902464,data\raw\sigep_2026\objeto_gasto_fuente_total_gastos\2026_3801_Gobierno_Indígena_Autónomo_del_Territorio_Indígena_Multiétnico_objeto_gasto_fuente_total_gastos.pdf
2026,4601,Gobierno Autónomo Regional del Gran Chaco,0,0,0,0,0,0,22253924,0,0,0,22253924,0,267551355,0,0,0,0,289805279,data\raw\sigep_2026\objeto_gasto_fuente_total_gastos\2026_4601_Gobierno_Autónomo_Regional_del_Gran_Chaco_objeto_gasto_fuente_total_gastos.pdf
2026,901,Gobierno Autónomo Departamental de Chuquisaca,396810577,0,0,0,0,29571765,51863372,0,0,0,478245714,0,269736653,0,34279806,0,0,782262173,data\raw\sigep_2026\objeto_gasto_fuente_total_gastos\2026_901_Gobierno_Autónomo_Departamental_de_Chuquisaca_objeto_gasto_fuente_total_gastos.pdf
2026,902,Gobierno Autónomo Departamental de La Paz,1031133431,0,3000,0,59290235,68145909,51866372,0,0,0,1210438947,5758084,461610427,0,0,0,0,1677807458,data\raw\sigep_2026\objeto_gasto_fuente_total_gastos\2026_902_Gobierno_Autónomo_Departamental_de_La_Paz_objeto_gasto_fuente_total_gastos.pdf
2026,903,Gobierno Autónomo Departamental de Cochabamba,717430141,0,10546440,0,52814847,51948420,51863372,0,0,0,884603220,0,215826587,0,119184,0,0,1100548991,data\raw\sigep_2026\objeto_gasto_fuente_total_gastos\2026_903_Gobierno_Autónomo_Departamental_de_Cochabamba_objeto_gasto_fuente_total_gastos.pdf
2026,904,Gobierno Autónomo Departamental de Oruro,281627179,0,177357,0,2014838,29095041,51883372,0,0,0,364797787,0,215003822,0,137350049,0,0,717151658,data\raw\sigep_2026\objeto_gasto_fuente_total_gastos\2026_904_Gobierno_Autónomo_Departamental_de_Oruro_objeto_gasto_fuente_total_gastos.pdf
2026,905,Gobierno Autónomo Departamental de Potosí,368741239,0,5441757,0,0,33652805,51863372,0,0,0,459699173,0,1018619027,0,0,0,0,1478318200,data\raw\sigep_2026\objeto_gasto_fuente_total_gastos\2026_905_Gobierno_Autónomo_Departamental_de_Potosí_objeto_gasto_fuente_total_gastos.pdf
2026,906,Gobierno Autónomo Departamental de Tarija,387052849,0,0,0,0,28524240,53859823,0,0,0,469436912,0,371102587,0,0,0,0,840539499,data\raw\sigep_2026\objeto_gasto_fuente_total_gastos\2026_906_Gobierno_Autónomo_Departamental_de_Tarija_objeto_gasto_fuente_total_gastos.pdf
2026,907,Gobierno Autónomo Departamental de Santa Cruz,955161153,0,0,19976571,27924120,69623949,52912742,0,0,0,1125598535,0,761527388,0,217558648,0,0,2104684571,data\raw\sigep_2026\objeto_gasto_fuente_total_gastos\2026_907_Gobierno_Autónomo_Departamental_de_Santa_Cruz_objeto_gasto_fuente_total_gastos.pdf
2026,908,Gobierno Autónomo Departamental del Beni,310424664,0,0,0,2067093,27618069,52856612,0,0,0,392966438,0,127784563,0,0,219520,0,520970521,data\raw\sigep_2026\objeto_gasto_fuente_total_gastos\2026_908_Gobierno_Autónomo_Departamental_del_Beni_objeto_gasto_fuente_total_gastos.pdf
2026,909,Gobierno Autónomo Departamental de Pando,125745686,0,0,0,0,22097636,51863372,0,0,0,199706694,0,52384790,0,0,137200,0,252228684,data\raw\sigep_2026\objeto_gasto_fuente_total_gastos\2026_909_Gobierno_Autónomo_Departamental_de_Pando_objeto_gasto_fuente_total_gastos.pdf
