codigo_entidad,nombre_entidad,departamento_sigep,tipo,grupo_eta,presupuesto_total,key,depto_key,nivel,departamento_pop,provincia,municipio,area,poblacion_2001,poblacion_2012,poblacion_2024,hombres_2024,mujeres_2024,presupuesto_per_capita
1101,Gobierno Autónomo Municipal de Sucre,Chuquisaca,municipal,GAM,536787240.0,sucre,chuquisaca,Municipio/TIOC,Chuquisaca,Oropeza,Sucre,Sucre,214913,261622,296746.0,142122,154624,1808.9114596321433
1102,Gobierno Autónomo Municipal de Yotala,Chuquisaca,municipal,GAM,12144616.0,yotala,chuquisaca,Municipio/TIOC,Chuquisaca,Oropeza,Yotala,Yotala,9497,9461,9256.0,4654,4602,1312.0803802938635
1103,Gobierno Autónomo Municipal de Poroma,Chuquisaca,municipal,GAM,15293419.0,poroma,chuquisaca,Municipio/TIOC,Chuquisaca,Oropeza,Poroma,Poroma,16966,16532,13649.0,6982,6667,1120.4790827166826
1105,Gobierno Autónomo Municipal de Tarvita (Villa Orías),Chuquisaca,municipal,GAM,19365374.0,tarvita,chuquisaca,Municipio/TIOC,Chuquisaca,Azurduy,Tarvita,Tarvita,16230,14261,16812.0,8268,8544,1151.8780632881276
1107,Gobierno Autónomo Municipal de Presto,Chuquisaca,municipal,GAM,14381363.0,presto,chuquisaca,Municipio/TIOC,Chuquisaca,Zudáñez,Presto,Presto,8892,12385,12539.0,6550,5989,1146.930616476593
1109,Gobierno Autónomo Municipal de Icla,Chuquisaca,municipal,GAM,9947023.0,icla,chuquisaca,Municipio/TIOC,Chuquisaca,Zudáñez,Icla,Icla,8177,7774,9155.0,4681,4474,1086.5126160567995
1110,Gobierno Autónomo Municipal de Padilla,Chuquisaca,municipal,GAM,14200568.0,padilla,chuquisaca,Municipio/TIOC,Chuquisaca,Tomina,Padilla,Padilla,12453,10383,9192.0,4628,4564,1544.8833768494344
1111,Gobierno Autónomo Municipal de Tomina,Chuquisaca,municipal,GAM,9760722.0,tomina,chuquisaca,Municipio/TIOC,Chuquisaca,Tomina,Tomina,Tomina,9060,8494,8509.0,4310,4199,1147.1056528381714
1112,Gobierno Autónomo Municipal de Sopachuy,Chuquisaca,municipal,GAM,9564373.0,sopachuy,chuquisaca,Municipio/TIOC,Chuquisaca,Tomina,Sopachuy,Sopachuy,7241,7312,6942.0,3507,3435,1377.75468164794
1114,Gobierno Autónomo Municipal de El Villar,Chuquisaca,municipal,GAM,8056284.0,el villar,chuquisaca,Municipio/TIOC,Chuquisaca,Tomina,El Villar,El Villar,4585,4465,5654.0,2862,2792,1424.8822072868766
1115,Gobierno Autónomo Municipal de Monteagudo,Chuquisaca,municipal,GAM,36974829.0,monteagudo,chuquisaca,Municipio/TIOC,Chuquisaca,Hernando Siles,Monteagudo,Monteagudo,26504,24303,24546.0,12649,11897,1506.348447812271
1117,Gobierno Autónomo Municipal de Tarabuco,Chuquisaca,municipal,GAM,15379769.0,tarabuco,chuquisaca,Municipio/TIOC,Chuquisaca,Yamparáez,Tarabuco,Tarabuco,19554,16944,13323.0,6592,6731,1154.3773174210012
1118,Gobierno Autónomo Municipal de Yamparáez,Chuquisaca,municipal,GAM,12312010.0,yamparaez,chuquisaca,Municipio/TIOC,Chuquisaca,Yamparáez,Yamparáez,Yamparáez,10013,10111,8480.0,4266,4214,1451.8879716981132
1119,Gobierno Autónomo Municipal de Camargo,Chuquisaca,municipal,GAM,18125225.0,camargo,chuquisaca,Municipio/TIOC,Chuquisaca,Nor Cinti,Camargo,Camargo,14392,15644,14713.0,7269,7444,1231.9190511792292
1120,Gobierno Autónomo Municipal de San Lucas,Chuquisaca,municipal,GAM,48664005.0,san lucas,chuquisaca,Municipio/TIOC,Chuquisaca,Nor Cinti,San Lucas,San Lucas,32109,32520,26715.0,13158,13557,1821.5985401459855
1121,Gobierno Autónomo Municipal de Incahuasi,Chuquisaca,municipal,GAM,20133393.0,incahuasi,chuquisaca,Municipio/TIOC,Chuquisaca,Nor Cinti,Incahuasi,Incahuasi,10709,13056,16484.0,8474,8010,1221.3900145595728
1122,Gobierno Autónomo Municipal de Villa Serrano,Chuquisaca,municipal,GAM,12924183.0,villa serrano,chuquisaca,Municipio/TIOC,Chuquisaca,Belisario Boeto,Villa Serrano,Villa Serrano,12386,11161,9107.0,4693,4414,1419.1482376194137
1124,Gobierno Autónomo Municipal de Culpina,Chuquisaca,municipal,GAM,21907961.0,culpina,chuquisaca,Municipio/TIOC,Chuquisaca,Sud Cinti,Culpina,Culpina,17570,17731,14848.0,7302,7546,1475.4822871767242
1125,Gobierno Autónomo Municipal de Las Carreras,Chuquisaca,municipal,GAM,14015349.0,las carreras,chuquisaca,Municipio/TIOC,Chuquisaca,Sud Cinti,Las Carreras,Las Carreras,3556,4088,5016.0,2576,2440,2794.1285885167463
1126,Gobierno Autónomo Municipal de Villa Vaca Guzmán,Chuquisaca,municipal,GAM,16368235.0,villa vaca guzman,chuquisaca,Municipio/TIOC,Chuquisaca,Luis Calvo,Villa Vaca Guzmán,Villa Vaca Guzmán,10748,9720,13282.0,7279,6003,1232.3622195452492
1128,Gobierno Autónomo Municipal de Machareti,Chuquisaca,municipal,GAM,9269406.0,machareti,chuquisaca,Municipio/TIOC,Chuquisaca,Luis Calvo,Macharetí,Macharetí,7386,7418,7235.0,3895,3340,1281.1894955079474
1129,Gobierno Autónomo Municipal de Villa Charcas,Chuquisaca,municipal,GAM,17118963.0,villa charcas,chuquisaca,Municipio/TIOC,Chuquisaca,Nor Cinti,Villa Charcas,Villa Charcas,12302,16150,14282.0,7070,7212,1198.6390561546002
1202,Gobierno Autónomo Municipal de Palca,La Paz,municipal,GAM,38601942.0,palca,la paz,Municipio/TIOC,La Paz,Murillo,Palca,Palca,14185,16622,21729.0,10902,10827,1776.5171890100787
1203,Gobierno Autónomo Municipal de Mecapaca,La Paz,municipal,GAM,27231767.0,mecapaca,la paz,Municipio/TIOC,La Paz,Murillo,Mecapaca,Mecapaca,11782,15834,20446.0,10240,10206,1331.8872640125207
1206,Gobierno Autónomo Municipal de Viacha,La Paz,municipal,GAM,185661872.0,viacha,la paz,Municipio/TIOC,La Paz,Ingavi,Viacha,Viacha,46596,80724,113554.0,56294,57260,1635.0095285062614
1208,Gobierno Autónomo Municipal de Tiahuanacu,La Paz,municipal,GAM,13479705.0,tiahuanacu,la paz,Municipio/TIOC,La Paz,Ingavi,Tiahuanacu,Tiahuanacu,11309,12189,13648.0,6520,7128,987.6688892145369
1209,Gobierno Autónomo Municipal de Desaguadero,La Paz,municipal,GAM,13436897.0,desaguadero,la paz,Municipio/TIOC,La Paz,Ingavi,Desaguadero,Desaguadero,4981,6987,7897.0,3912,3985,1701.5191845004433
1210,Gobierno Autónomo Municipal de Caranavi,La Paz,municipal,GAM,87897286.0,caranavi,la paz,Municipio/TIOC,La Paz,Caranavi,Caranavi,Caranavi,43060,50330,59676.0,31048,28628,1472.9084724177224
1212,Gobierno Autónomo Municipal de Umala,La Paz,municipal,GAM,14643089.0,umala,la paz,Municipio/TIOC,La Paz,Aroma,Umala,Umala,9583,8903,9102.0,4634,4468,1608.777081960009
1213,Gobierno Autónomo Municipal de Ayo Ayo,La Paz,municipal,GAM,11357460.0,ayo ayo,la paz,Municipio/TIOC,La Paz,Aroma,Ayo Ayo,Ayo Ayo,6981,7798,11258.0,5778,5480,1008.834606502043
1214,Gobierno Autónomo Municipal de Calamarca,La Paz,municipal,GAM,37537262.0,calamarca,la paz,Municipio/TIOC,La Paz,Aroma,Calamarca,Calamarca,12112,12413,15327.0,7744,7583,2449.093886605337
1215,Gobierno Autónomo Municipal de Patacamaya,La Paz,municipal,GAM,28743849.0,patacamaya,la paz,Municipio/TIOC,La Paz,Aroma,Patacamaya,Patacamaya,20039,22858,25148.0,12564,12584,1142.987474153014
1216,Gobierno Autónomo Municipal de Colquencha,La Paz,municipal,GAM,12947346.0,colquencha,la paz,Municipio/TIOC,La Paz,Aroma,Colquencha,Colquencha,8020,9879,12490.0,6312,6178,1036.616973578863
1217,Gobierno Autónomo Municipal de Collana,La Paz,municipal,GAM,8833532.0,collana,la paz,Municipio/TIOC,La Paz,Aroma,Collana,Collana,2927,5042,5526.0,2729,2797,1598.539992761491
1218,Gobierno Autónomo Municipal de Inquisivi,La Paz,municipal,GAM,23286166.0,inquisivi,la paz,Municipio/TIOC,La Paz,Inquisivi,Inquisivi,Inquisivi,16143,14717,18679.0,10079,8600,1246.6494994378713
1219,Gobierno Autónomo Municipal de Quime,La Paz,municipal,GAM,12239928.0,quime,la paz,Municipio/TIOC,La Paz,Inquisivi,Quime,Quime,7338,8266,10887.0,6084,4803,1124.2700468448609
1220,Gobierno Autónomo Municipal de Cajuata,La Paz,municipal,GAM,16790899.0,cajuata,la paz,Municipio/TIOC,La Paz,Inquisivi,Cajuata,Cajuata,7757,10458,15565.0,8016,7549,1078.759974301317
1221,Gobierno Autónomo Municipal de Colquiri,La Paz,municipal,GAM,29951096.0,colquiri,la paz,Municipio/TIOC,La Paz,Inquisivi,Colquiri,Colquiri,18351,19620,23505.0,12386,11119,1274.2436077430334
1222,Gobierno Autónomo Municipal de Ichoca,La Paz,municipal,GAM,9486150.0,ichoca,la paz,Municipio/TIOC,La Paz,Inquisivi,Ichoca,Ichoca,6839,7913,9552.0,5128,4424,993.1061557788945
1223,Gobierno Autónomo Municipal de Villa Libertad Licoma,La Paz,municipal,GAM,7475587.0,villa libertad licoma,la paz,Municipio/TIOC,La Paz,Inquisivi,Villa Libertad Licoma,Villa Libertad Licoma,2739,5488,7877.0,3957,3920,949.0398628919639
1224,Gobierno Autónomo Municipal de Achacachi,La Paz,municipal,GAM,45067967.0,achacachi,la paz,Municipio/TIOC,La Paz,Omasuyos,Achacachi,Achacachi,45875,46058,47257.0,23143,24114,953.6781217597393
1226,Gobierno Autónomo Municipal de Sorata,La Paz,municipal,GAM,38465729.0,sorata,la paz,Municipio/TIOC,La Paz,Larecaja,Sorata,Sorata,18932,23512,30083.0,15291,14792,1278.6533590399893
1227,Gobierno Autónomo Municipal de Guanay,La Paz,municipal,GAM,20610091.0,guanay,la paz,Municipio/TIOC,La Paz,Larecaja,Guanay,Guanay,11528,14788,16386.0,8758,7628,1257.786586110094
1228,Gobierno Autónomo Municipal de Tacacoma,La Paz,municipal,GAM,10632316.0,tacacoma,la paz,Municipio/TIOC,La Paz,Larecaja,Tacacoma,Tacacoma,6269,8182,9761.0,5161,4600,1089.265034320254
1229,Gobierno Autónomo Municipal de Tipuani,La Paz,municipal,GAM,13374478.0,tipuani,la paz,Municipio/TIOC,La Paz,Larecaja,Tipuani,Tipuani,9321,9985,7716.0,4240,3476,1733.34344219803
1230,Gobierno Autónomo Municipal de Quiabaya,La Paz,municipal,GAM,4281427.0,quiabaya,la paz,Municipio/TIOC,La Paz,Larecaja,Quiabaya,Quiabaya,2580,2684,4224.0,2181,2043,1013.5954071969697
1231,Gobierno Autónomo Municipal de Combaya,La Paz,municipal,GAM,3478989.0,combaya,la paz,Municipio/TIOC,La Paz,Larecaja,Combaya,Combaya,2691,3731,3529.0,1852,1677,985.8285633323887
1232,Gobierno Autónomo Municipal de Copacabana,La Paz,municipal,GAM,19251842.0,copacabana,la paz,Municipio/TIOC,La Paz,Manco Kapac,Copacabana,Copacabana,14586,14931,17463.0,8481,8982,1102.4361220866977
1233,Gobierno Autónomo Municipal de San Pedro de Tiquina,La Paz,municipal,GAM,8560323.0,san pedro de tiquina,la paz,Municipio/TIOC,La Paz,Manco Kapac,San Pedro de Tiquina,San Pedro de Tiquina,6093,6052,9164.0,4625,4539,934.1251636839808
1234,Gobierno Autónomo Municipal de Tito Yupanqui,La Paz,municipal,GAM,6950684.0,tito yupanqui,la paz,Municipio/TIOC,La Paz,Manco Kapac,Tito Yupanqui,Tito Yupanqui,2213,6261,7525.0,3986,3539,923.6789368770765
1235,Gobierno Autónomo Municipal de Chuma,La Paz,municipal,GAM,16437519.0,chuma,la paz,Municipio/TIOC,La Paz,Muñecas,Chuma,Chuma,12843,11473,17830.0,9271,8559,921.9023555804823
1236,Gobierno Autónomo Municipal de Ayata,La Paz,municipal,GAM,9509993.0,ayata,la paz,Municipio/TIOC,La Paz,Muñecas,Ayata,Ayata,8143,8410,9029.0,4772,4257,1053.2720124044745
1237,Gobierno Autónomo Municipal de Aucapata,La Paz,municipal,GAM,6443660.0,aucapata,la paz,Municipio/TIOC,La Paz,Muñecas,Aucapata,Aucapata,4146,5495,6721.0,3653,3068,958.7353072459456
1238,Gobierno Autónomo Municipal de Corocoro,La Paz,municipal,GAM,15484722.0,corocoro,la paz,Municipio/TIOC,La Paz,Pacajes,Corocoro,Corocoro,11813,10647,13551.0,6965,6586,1142.6995793668364
1239,Gobierno Autónomo Municipal de Caquiaviri,La Paz,municipal,GAM,14233739.0,caquiaviri,la paz,Municipio/TIOC,La Paz,Pacajes,Caquiaviri,Caquiaviri,11901,14687,15570.0,7851,7719,914.1771997430957
1240,Gobierno Autónomo Municipal de Calacoto,La Paz,municipal,GAM,11257213.0,calacoto,la paz,Municipio/TIOC,La Paz,Pacajes,Calacoto,Calacoto,8818,9879,12219.0,6262,5957,921.2875849087487
1241,Gobierno Autónomo Municipal de Comanche,La Paz,municipal,GAM,5349775.0,comanche,la paz,Municipio/TIOC,La Paz,Pacajes,Comanche,Comanche,3862,3880,5238.0,2547,2691,1021.3392516227568
1242,Gobierno Autónomo Municipal de Charaña,La Paz,municipal,GAM,5100585.0,charana,la paz,Municipio/TIOC,La Paz,Pacajes,Charaña,Charaña,2766,3246,4221.0,2185,2036,1208.3830845771145
1243,Gobierno Autónomo Municipal de Waldo Ballivián,La Paz,municipal,GAM,6363941.0,waldo ballivian,la paz,Municipio/TIOC,La Paz,Pacajes,Waldo Ballivián,Waldo Ballivián,1657,5069,6442.0,3546,2896,987.8828003725552
1244,Gobierno Autónomo Municipal de Nazacara de Pacajes,La Paz,municipal,GAM,3711909.0,nazacara de pacajes,la paz,Municipio/TIOC,La Paz,Pacajes,Nazacara de Pacajes,Nazacara de Pacajes,267,619,4022.0,2050,1972,922.9012928891099
1245,Gobierno Autónomo Municipal de Santiago de Callapa,La Paz,municipal,GAM,7949954.0,santiago de callapa,la paz,Municipio/TIOC,La Paz,Pacajes,Santiago de Callapa,Santiago de Callapa,8099,7289,8037.0,4177,3860,989.1693417942018
1246,Gobierno Autónomo Municipal de Puerto Acosta,La Paz,municipal,GAM,17894764.0,puerto acosta,la paz,Municipio/TIOC,La Paz,Camacho,Puerto Acosta,Puerto Acosta,13083,11290,14012.0,7156,6856,1277.1027690550957
1247,Gobierno Autónomo Municipal de Mocomoco,La Paz,municipal,GAM,18856701.0,mocomoco,la paz,Municipio/TIOC,La Paz,Camacho,Mocomoco,Mocomoco,17233,15665,17811.0,9298,8513,1058.710965133906
1249,Gobierno Autónomo Municipal de Apolo,La Paz,municipal,GAM,18833316.0,apolo,la paz,Municipio/TIOC,La Paz,Franz Tamayo,Apolo,Apolo,13271,20308,19156.0,10226,8930,983.1549384005011
1250,Gobierno Autónomo Municipal de Pelechuco,La Paz,municipal,GAM,11659479.0,pelechuco,la paz,Municipio/TIOC,La Paz,Franz Tamayo,Pelechuco,Pelechuco,5115,6780,9060.0,5280,3780,1286.9182119205298
1251,Gobierno Autónomo Municipal de Luribay,La Paz,municipal,GAM,10677161.0,luribay,la paz,Municipio/TIOC,La Paz,Loayza,Luribay,Luribay,9004,11139,10703.0,5464,5239,997.5858170606372
1252,Gobierno Autónomo Municipal de Sapahaqui,La Paz,municipal,GAM,20042207.0,sapahaqui,la paz,Municipio/TIOC,La Paz,Loayza,Sapahaqui,Sapahaqui,11790,12484,16497.0,8322,8175,1214.9001030490392
1253,Gobierno Autónomo Municipal de Yaco,La Paz,municipal,GAM,15412548.0,yaco,la paz,Municipio/TIOC,La Paz,Loayza,Yaco,Yaco,7866,7315,12296.0,6560,5736,1253.4603122966819
1254,Gobierno Autónomo Municipal de Malla,La Paz,municipal,GAM,7739622.0,malla,la paz,Municipio/TIOC,La Paz,Loayza,Malla,Malla,3733,5180,5297.0,2884,2413,1461.1330942042666
1255,Gobierno Autónomo Municipal de Cairoma,La Paz,municipal,GAM,15730198.0,cairoma,la paz,Municipio/TIOC,La Paz,Loayza,Cairoma,Cairoma,11338,11355,13598.0,7105,6493,1156.8023238711576
1256,Gobierno Autónomo Municipal de Chulumani (Villa de la Libertad),La Paz,municipal,GAM,29064222.0,chulumani,la paz,Municipio/TIOC,La Paz,Sur Yungas,Chulumani,Chulumani,13204,17823,18303.0,9123,9180,1587.9485330273726
1257,Gobierno Autónomo Municipal de Irupana (Villa de Lanza),La Paz,municipal,GAM,26478359.0,irupana,la paz,Municipio/TIOC,La Paz,Sur Yungas,Irupana,Irupana,11383,17276,23279.0,12803,10476,1137.4354138923493
1258,Gobierno Autónomo Municipal de Yanacachi,La Paz,municipal,GAM,8132544.0,yanacachi,la paz,Municipio/TIOC,La Paz,Sur Yungas,Yanacachi,Yanacachi,4250,6420,7615.0,3934,3681,1067.9637557452397
1259,Gobierno Autónomo Municipal de Palos Blancos,La Paz,municipal,GAM,47454535.0,palos blancos,la paz,Municipio/TIOC,La Paz,Sur Yungas,Palos Blancos,Palos Blancos,16786,24731,27137.0,14341,12796,1748.702325238604
1260,Gobierno Autónomo Municipal de La Asunta,La Paz,municipal,GAM,58639357.0,la asunta,la paz,Municipio/TIOC,La Paz,Sur Yungas,La Asunta,La Asunta,18016,40178,45587.0,23906,21681,1286.3175247329282
1261,Gobierno Autónomo Municipal de Pucarani,La Paz,municipal,GAM,65742628.0,pucarani,la paz,Municipio/TIOC,La Paz,Los Andes,Pucarani,Pucarani,24570,30124,49850.0,24339,25511,1318.8089869608827
1262,Gobierno Autónomo Municipal de Laja,La Paz,municipal,GAM,52102316.0,laja,la paz,Municipio/TIOC,La Paz,Los Andes,Laja,Laja,16311,24531,38652.0,18939,19713,1347.9849943081858
1263,Gobierno Autónomo Municipal de Batallas,La Paz,municipal,GAM,30560704.0,batallas,la paz,Municipio/TIOC,La Paz,Los Andes,Batallas,Batallas,20925,17426,20607.0,9862,10745,1483.025379725336
1264,Gobierno Autónomo Municipal de Puerto Pérez,La Paz,municipal,GAM,7948356.0,puerto perez,la paz,Municipio/TIOC,La Paz,Los Andes,Puerto Pérez,Puerto Pérez,7830,6498,7900.0,3858,4042,1006.1210126582279
1265,Gobierno Autónomo Municipal de Coroico,La Paz,municipal,GAM,27925251.0,coroico,la paz,Municipio/TIOC,La Paz,Nor Yungas,Coroico,Coroico,12237,19397,27711.0,14271,13440,1007.7316228212624
1266,Gobierno Autónomo Municipal de Coripata,La Paz,municipal,GAM,27291772.0,coripata,la paz,Municipio/TIOC,La Paz,Nor Yungas,Coripata,Coripata,11444,16930,23530.0,12072,11458,1159.8713132171695
1267,Gobierno Autónomo Municipal de Ixiamas,La Paz,municipal,GAM,23227708.0,ixiamas,la paz,Municipio/TIOC,La Paz,Abel Iturralde,Ixiamas,Ixiamas,5625,9362,12595.0,7090,5505,1844.2007145692735
1268,Gobierno Autónomo Municipal de San Buenaventura,La Paz,municipal,GAM,10276537.0,san buenaventura,la paz,Municipio/TIOC,La Paz,Abel Iturralde,San Buenaventura,San Buenaventura,6203,8711,10105.0,5235,4870,1016.9754576942108
1270,Gobierno Autónomo Municipal de Curva,La Paz,municipal,GAM,9161783.0,curva,la paz,Municipio/TIOC,La Paz,Bautista Saavedra,Curva,Curva,2213,3285,6611.0,3553,3058,1385.8392073816367
1271,Gobierno Autónomo Municipal de San Pedro de Curahuara,La Paz,municipal,GAM,10385954.0,san pedro de curahuara,la paz,Municipio/TIOC,La Paz,Gualberto Villarroel,San Pedro de Curahuara,San Pedro de Curahuara,8103,8858,9217.0,4896,4321,1126.8258652489965
1272,Gobierno Autónomo Municipal de Papel Pampa,La Paz,municipal,GAM,7269599.0,papel pampa,la paz,Municipio/TIOC,La Paz,Gualberto Villarroel,Papel Pampa,Papel Pampa,6053,7003,6649.0,3558,3091,1093.3371935629418
1273,Gobierno Autónomo Municipal de Chacarilla,La Paz,municipal,GAM,2174255.0,chacarilla,la paz,Municipio/TIOC,La Paz,Gualberto Villarroel,Chacarilla,Chacarilla,1566,2004,2052.0,1090,962,1059.5784600389863
1274,Gobierno Autónomo Municipal de Santiago de Machaca,La Paz,municipal,GAM,11705478.0,santiago de machaca,la paz,Municipio/TIOC,La Paz,General José Manuel Pando,Santiago de Machaca,Santiago de Machaca,4402,4593,6805.0,3408,3397,1720.1290227773695
1275,Gobierno Autónomo Municipal de Catacora,La Paz,municipal,GAM,4890386.0,catacora,la paz,Municipio/TIOC,La Paz,General José Manuel Pando,Catacora,Catacora,1735,2881,5351.0,2774,2577,913.9200149504766
1276,Gobierno Autónomo Municipal de Mapiri,La Paz,municipal,GAM,25040043.0,mapiri,la paz,Municipio/TIOC,La Paz,Larecaja,Mapiri,Mapiri,9633,13891,21843.0,11798,10045,1146.3646477132263
1277,Gobierno Autónomo Municipal de Teoponte,La Paz,municipal,GAM,40897486.0,teoponte,la paz,Municipio/TIOC,La Paz,Larecaja,Teoponte,Teoponte,7109,9349,13379.0,7310,6069,3056.8417669482023
1280,Gobierno Autónomo Municipal de Taraco,La Paz,municipal,GAM,10836830.0,taraco,la paz,Municipio/TIOC,La Paz,Ingavi,Taraco,Taraco,5922,6603,7540.0,3626,3914,1437.2453580901856
1281,Gobierno Autónomo Municipal de Huarina,La Paz,municipal,GAM,10914396.0,huarina,la paz,Municipio/TIOC,La Paz,Omasuyos,Huarina,Huarina,8290,7948,8679.0,4076,4603,1257.5637746284135
1282,Gobierno Autónomo Municipal de Santiago de Huata,La Paz,municipal,GAM,10133057.0,santiago de huata,la paz,Municipio/TIOC,La Paz,Omasuyos,Santiago de Huata,Santiago de Huata,7857,8562,9287.0,4612,4675,1091.1012167546032
1283,Gobierno Autónomo Municipal de Escoma,La Paz,municipal,GAM,8340439.0,escoma,la paz,Municipio/TIOC,La Paz,Camacho,Escoma,Escoma,7241,7186,8837.0,4461,4376,943.8088717890687
1284,Gobierno Autónomo Municipal de Humanata,La Paz,municipal,GAM,5501945.0,humanata,la paz,Municipio/TIOC,La Paz,Camacho,Humanata,Humanata,5599,5342,5658.0,2925,2733,972.4186991869918
1285,Gobierno Autónomo Municipal de Alto Beni,La Paz,municipal,GAM,10227654.0,alto beni,la paz,Municipio/TIOC,La Paz,Caranavi,Alto Beni,Alto Beni,8093,11194,10585.0,5749,4836,966.2403401039206
1286,Gobierno Autónomo Municipal de Huatajata,La Paz,municipal,GAM,6951578.0,huatajata,la paz,Municipio/TIOC,La Paz,Omasuyos,Huatajata,Huatajata,2809,3927,5118.0,2604,2514,1358.2606486908949
1287,Gobierno Autónomo Municipal de Chua Cocani,La Paz,municipal,GAM,7448504.0,chua cocani,la paz,Municipio/TIOC,La Paz,Omasuyos,Chua Cocani,Chua Cocani,5540,5003,7226.0,3646,3580,1030.7921394962634
1301,Gobierno Autónomo Municipal de Cochabamba,Cochabamba,municipal,GAM,1632368430.0,cochabamba,cochabamba,Municipio/TIOC,Cochabamba,Cercado,Cochabamba,Cochabamba,517024,632013,665505.0,319373,346132,2452.8266955169383
1302,Gobierno Autónomo Municipal de Quillacollo,Cochabamba,municipal,GAM,315423173.0,quillacollo,cochabamba,Municipio/TIOC,Cochabamba,Quillacollo,Quillacollo,Quillacollo,104206,137182,166741.0,80383,86358,1891.6953418775227
1304,Gobierno Autónomo Municipal de Tiquipaya,Cochabamba,municipal,GAM,128326653.0,tiquipaya,cochabamba,Municipio/TIOC,Cochabamba,Quillacollo,Tiquipaya,Tiquipaya,37791,53904,61840.0,29805,32035,2075.139925614489
1305,Gobierno Autónomo Municipal de Vinto,Cochabamba,municipal,GAM,81379151.0,vinto,cochabamba,Municipio/TIOC,Cochabamba,Quillacollo,Vinto,Vinto,31489,51968,56064.0,26947,29117,1451.5402218892693
1306,Gobierno Autónomo Municipal de Colcapirhua,Cochabamba,municipal,GAM,136788496.0,colcapirhua,cochabamba,Municipio/TIOC,Cochabamba,Quillacollo,Colcapirhua,Colcapirhua,41980,51990,66505.0,32204,34301,2056.815216900985
1307,Gobierno Autónomo Municipal de Aiquile,Cochabamba,municipal,GAM,25748151.0,aiquile,cochabamba,Municipio/TIOC,Cochabamba,Campero,Aiquile,Aiquile,26281,23267,23123.0,11513,11610,1113.5298620421227
1308,Gobierno Autónomo Municipal de Pasorapa,Cochabamba,municipal,GAM,6595000.0,pasorapa,cochabamba,Municipio/TIOC,Cochabamba,Campero,Pasorapa,Pasorapa,4659,6853,6475.0,3504,2971,1018.5328185328185
1309,Gobierno Autónomo Municipal de Omereque,Cochabamba,municipal,GAM,8441040.0,omereque,cochabamba,Municipio/TIOC,Cochabamba,Campero,Omereque,Omereque,6071,5643,6700.0,3422,3278,1259.8567164179105
1311,Gobierno Autónomo Municipal de Morochata,Cochabamba,municipal,GAM,24730065.0,morochata,cochabamba,Municipio/TIOC,Cochabamba,Ayopaya,Morochata,Morochata,17073,12797,14720.0,7552,7168,1680.031589673913
1312,Gobierno Autónomo Municipal de Sacaba,Cochabamba,municipal,GAM,330508349.0,sacaba,cochabamba,Municipio/TIOC,Cochabamba,Chapare,Sacaba,Sacaba,117100,172466,219092.0,106199,112893,1508.5368201486133
1313,Gobierno Autónomo Municipal de Colomi,Cochabamba,municipal,GAM,20489492.0,colomi,cochabamba,Municipio/TIOC,Cochabamba,Chapare,Colomi,Colomi,17372,19285,21846.0,11140,10706,937.9058866611737
1314,Gobierno Autónomo Municipal de Villa Tunari,Cochabamba,municipal,GAM,106261435.0,villa tunari,cochabamba,Municipio/TIOC,Cochabamba,Chapare,Villa Tunari,Villa Tunari,52886,71386,93747.0,50362,43385,1133.4915783971753
1315,Gobierno Autónomo Municipal de Punata,Cochabamba,municipal,GAM,62651031.0,punata,cochabamba,Municipio/TIOC,Cochabamba,Punata,Punata,Punata,26140,28887,35248.0,16528,18720,1777.4350601452566
1316,Gobierno Autónomo Municipal de Villa Rivero,Cochabamba,municipal,GAM,8682894.0,villa rivero,cochabamba,Municipio/TIOC,Cochabamba,Punata,Villa Rivero,Villa Rivero,5857,8135,8599.0,4197,4402,1009.7562507268287
1317,Gobierno Autónomo Municipal de San Benito (Villa José Quintín Mendoza),Cochabamba,municipal,GAM,25297045.0,san benito,cochabamba,Municipio/TIOC,Cochabamba,Punata,San Benito,San Benito,12720,13562,13054.0,6370,6684,1937.8768959705837
1318,Gobierno Autónomo Municipal de Tacachi,Cochabamba,municipal,GAM,1363498.0,tacachi,cochabamba,Municipio/TIOC,Cochabamba,Punata,Tacachi,Tacachi,1076,1303,1287.0,645,642,1059.4390054390055
1319,Gobierno Autónomo Municipal Villa Gualberto Villarroel,Cochabamba,municipal,GAM,4771498.0,villa gualberto villarroel,cochabamba,Municipio/TIOC,Cochabamba,Punata,Villa Gualberto Villarroel,Villa Gualberto Villarroel,1942,2768,3822.0,1901,1921,1248.4296180010465
1320,Gobierno Autónomo Municipal de Tarata,Cochabamba,municipal,GAM,11827815.0,tarata,cochabamba,Municipio/TIOC,Cochabamba,Esteban Arze,Tarata,Tarata,8715,8242,11273.0,5617,5656,1049.2162689612348
1321,Gobierno Autónomo Municipal de Anzaldo,Cochabamba,municipal,GAM,7446837.0,anzaldo,cochabamba,Municipio/TIOC,Cochabamba,Esteban Arze,Anzaldo,Anzaldo,9126,7192,7335.0,3603,3732,1015.2470347648261
1322,Gobierno Autónomo Municipal de Arbieto,Cochabamba,municipal,GAM,35523205.0,arbieto,cochabamba,Municipio/TIOC,Cochabamba,Esteban Arze,Arbieto,Arbieto,9438,17445,29375.0,14187,15188,1209.3005957446808
1323,Gobierno Autónomo Municipal de Sacabamba,Cochabamba,municipal,GAM,4648017.0,sacabamba,cochabamba,Municipio/TIOC,Cochabamba,Esteban Arze,Sacabamba,Sacabamba,4718,4366,4987.0,2516,2471,932.0266693402847
1324,Gobierno Autónomo Municipal de Cliza,Cochabamba,municipal,GAM,36582558.0,cliza,cochabamba,Municipio/TIOC,Cochabamba,Germán Jordán,Cliza,Cliza,19747,21899,21155.0,10373,10782,1729.2629638383362
1325,Gobierno Autónomo Municipal de Toco,Cochabamba,municipal,GAM,10016954.0,toco,cochabamba,Municipio/TIOC,Cochabamba,Germán Jordán,Toco,Toco,6705,7057,7382.0,3740,3642,1356.9431048496342
1326,Gobierno Autónomo Municipal de Tolata,Cochabamba,municipal,GAM,15289728.0,tolata,cochabamba,Municipio/TIOC,Cochabamba,Germán Jordán,Tolata,Tolata,5316,5542,8687.0,4598,4089,1760.0699896396916
1327,Gobierno Autónomo Municipal de Capinota,Cochabamba,municipal,GAM,21527872.0,capinota,cochabamba,Municipio/TIOC,Cochabamba,Capinota,Capinota,Capinota,16945,19477,19427.0,9365,10062,1108.1418644155042
1328,Gobierno Autónomo Municipal de Santivañez,Cochabamba,municipal,GAM,11361634.0,santivanez,cochabamba,Municipio/TIOC,Cochabamba,Capinota,Santiváñez,Santiváñez,6402,6527,7940.0,3966,3974,1430.9362720403024
1329,Gobierno Autónomo Municipal de Sicaya,Cochabamba,municipal,GAM,4373205.0,sicaya,cochabamba,Municipio/TIOC,Cochabamba,Capinota,Sicaya,Sicaya,2235,3740,3980.0,2071,1909,1098.7952261306532
1330,Gobierno Autónomo Municipal de Tapacari,Cochabamba,municipal,GAM,23450715.0,tapacari,cochabamba,Municipio/TIOC,Cochabamba,Tapacarí,Tapacarí,Tapacarí,25919,24625,24666.0,12900,11766,950.7303575772319
1331,Gobierno Autónomo Municipal de Totora,Cochabamba,municipal,GAM,19686463.0,totora,cochabamba,Municipio/TIOC,Cochabamba,Carrasco,Totora,Totora,12927,14665,14821.0,7823,6998,1328.2816948923823
1332,Gobierno Autónomo Municipal de Pojo,Cochabamba,municipal,GAM,14766564.0,pojo,cochabamba,Municipio/TIOC,Cochabamba,Carrasco,Pojo,Pojo,11515,10156,11865.0,6159,5706,1244.5481668773705
1333,Gobierno Autónomo Municipal de Pocona,Cochabamba,municipal,GAM,11603755.0,pocona,cochabamba,Municipio/TIOC,Cochabamba,Carrasco,Pocona,Pocona,13488,10750,12258.0,6199,6059,946.6271006689509
1334,Gobierno Autónomo Municipal de Chimoré,Cochabamba,municipal,GAM,37932967.0,chimore,cochabamba,Municipio/TIOC,Cochabamba,Carrasco,Chimoré,Chimoré,14834,21736,27521.0,14637,12884,1378.3280767413976
1335,Gobierno Autónomo Municipal de Puerto Villarroel,Cochabamba,municipal,GAM,89805237.0,puerto villarroel,cochabamba,Municipio/TIOC,Cochabamba,Carrasco,Puerto Villarroel,Puerto Villarroel,40790,46627,64595.0,33538,31057,1390.2815542998685
1336,Gobierno Autónomo Municipal de Arani,Cochabamba,municipal,GAM,14051831.0,arani,cochabamba,Municipio/TIOC,Cochabamba,Arani,Arani,Arani,11542,9504,11183.0,5392,5791,1256.5350084950371
1337,Gobierno Autónomo Municipal de Vacas,Cochabamba,municipal,GAM,9168031.0,vacas,cochabamba,Municipio/TIOC,Cochabamba,Arani,Vacas,Vacas,12511,8940,8409.0,4114,4295,1090.2641217742894
1338,Gobierno Autónomo Municipal de Arque,Cochabamba,municipal,GAM,13660801.0,arque,cochabamba,Municipio/TIOC,Cochabamba,Arque,Arque,Arque,11806,10597,10632.0,5559,5073,1284.8759405568096
1339,Gobierno Autónomo Municipal de Tacopaya,Cochabamba,municipal,GAM,10749066.0,tacopaya,cochabamba,Municipio/TIOC,Cochabamba,Arque,Tacopaya,Tacopaya,11658,10253,10750.0,5726,5024,999.9131162790698
1340,Gobierno Autónomo Municipal de Bolivar,Cochabamba,municipal,GAM,7855912.0,bolivar,cochabamba,Municipio/TIOC,Cochabamba,Bolívar,Bolívar,Bolívar,8635,7279,8282.0,4585,3697,948.5525235450374
1341,Gobierno Autónomo Municipal de Tiraque,Cochabamba,municipal,GAM,18867960.0,tiraque,cochabamba,Municipio/TIOC,Cochabamba,Tiraque,Tiraque,Tiraque,20772,21231,18475.0,9200,9275,1021.2698240866035
1342,Gobierno Autónomo Municipal de Mizque,Cochabamba,municipal,GAM,26652742.0,mizque,cochabamba,Municipio/TIOC,Cochabamba,Mizque,Mizque,Mizque,21372,19864,19896.0,9952,9944,1339.6030357860877
1343,Gobierno Autónomo Municipal de Vila Vila,Cochabamba,municipal,GAM,5177409.0,vila vila,cochabamba,Municipio/TIOC,Cochabamba,Mizque,Vila Vila,Vila Vila,4591,5459,5244.0,2643,2601,987.3014874141876
1344,Gobierno Autónomo Municipal de Alalay,Cochabamba,municipal,GAM,3528141.0,alalay,cochabamba,Municipio/TIOC,Cochabamba,Mizque,Alalay,Alalay,4931,3447,3512.0,1860,1652,1004.5959567198178
1345,Gobierno Autónomo Municipal de Entre Rios,Cochabamba,municipal,GAM,59456897.0,entre rios,cochabamba,Municipio/TIOC,Cochabamba,Carrasco,Entre Ríos,Entre Ríos,22187,31550,45780.0,23681,22099,1298.7526649191786
1346,Gobierno Autónomo Municipal de Cocapata,Cochabamba,municipal,GAM,26506372.0,cocapata,cochabamba,Municipio/TIOC,Cochabamba,Ayopaya,Cocapata,Cocapata,17061,18076,19608.0,10671,8937,1351.8141574867402
1347,Gobierno Autónomo Municipal de Shinahota,Cochabamba,municipal,GAM,30585034.0,shinahota,cochabamba,Municipio/TIOC,Cochabamba,Tiraque,Shinahota,Shinahota,14709,20841,27172.0,14200,12972,1125.6084940379803
1401,Gobierno Autónomo Municipal de Oruro,Oruro,municipal,GAM,577774709.0,oruro,oruro,Municipio/TIOC,Oruro,Cercado,Oruro,Oruro,201504,264943,298350.0,142260,156090,1936.5668141444612
1402,Gobierno Autónomo Municipal de Caracollo,Oruro,municipal,GAM,32785074.0,caracollo,oruro,Municipio/TIOC,Oruro,Cercado,Caracollo,Caracollo,20619,23115,22850.0,11464,11386,1434.7953610503282
1403,Gobierno Autónomo Municipal de El Choro,Oruro,municipal,GAM,11860727.0,el choro,oruro,Municipio/TIOC,Oruro,Cercado,El Choro,El Choro,5710,8725,9997.0,5118,4879,1186.4286285885767
1404,Gobierno Autónomo Municipal de Challapata,Oruro,municipal,GAM,47320012.0,challapata,oruro,Municipio/TIOC,Oruro,Abaroa,Challapata,Challapata,24370,28918,35427.0,18417,17010,1335.704744968527
1405,Gobierno Autónomo Municipal de Santuario de Quillacas,Oruro,municipal,GAM,11289263.0,santuario de quillacas,oruro,Municipio/TIOC,Oruro,Abaroa,Santuario de Quillacas,Santuario de Quillacas,3305,4051,5161.0,2665,2496,2187.417748498353
1406,Gobierno Autónomo Municipal de Huanuni,Oruro,municipal,GAM,30838958.0,huanuni,oruro,Municipio/TIOC,Oruro,Pantaleón Dalence,Huanuni,Huanuni,19428,24677,20118.0,10232,9886,1532.903767770156
1407,Gobierno Autónomo Municipal de Machacamarca,Oruro,municipal,GAM,8232802.0,machacamarca,oruro,Municipio/TIOC,Oruro,Pantaleón Dalence,Machacamarca,Machacamarca,4180,4820,6120.0,3069,3051,1345.2290849673202
1408,Gobierno Autónomo Municipal de Poopó (Villa Poopó),Oruro,municipal,GAM,15738980.0,poopo,oruro,Municipio/TIOC,Oruro,Poopó,Poopó,Poopó,6163,7587,9189.0,4726,4463,1712.8066166068124
1409,Gobierno Autónomo Municipal de Pazña,Oruro,municipal,GAM,7223015.0,pazna,oruro,Municipio/TIOC,Oruro,Poopó,Pazña,Pazña,5469,5955,4251.0,2177,2074,1699.1331451423196
1410,Gobierno Autónomo Municipal de Antequera,Oruro,municipal,GAM,10684771.0,antequera,oruro,Municipio/TIOC,Oruro,Poopó,Antequera,Antequera,3352,3264,3666.0,1898,1768,2914.5583742498634
1411,Gobierno Autónomo Municipal de Eucaliptus,Oruro,municipal,GAM,10377993.0,eucaliptus,oruro,Municipio/TIOC,Oruro,Tomás Barrón,Eucaliptus,Eucaliptus,5424,5267,5335.0,2762,2573,1945.2657919400187
1412,Gobierno Autónomo Municipal de Santiago de Huari,Oruro,municipal,GAM,17800567.0,santiago de huari,oruro,Municipio/TIOC,Oruro,Sebastián Pagador,Santiago de Huari,Santiago de Huari,10221,13283,13502.0,7249,6253,1318.365205154792
1413,Gobierno Autónomo Municipal de Totora,Oruro,municipal,GAM,9667747.0,totora,oruro,Municipio/TIOC,Oruro,San Pedro de Totora,Totora,Totora,4941,5531,6637.0,3502,3135,1456.6441163176135
1414,Gobierno Autónomo Municipal de Corque,Oruro,municipal,GAM,17924466.0,corque,oruro,Municipio/TIOC,Oruro,Carangas,Corque,Corque,8548,9221,16101.0,8170,7931,1113.251723495435
1415,Gobierno Autónomo Municipal de Choquecota,Oruro,municipal,GAM,3413990.0,choquecota,oruro,Municipio/TIOC,Oruro,Carangas,Choquecota,Choquecota,1615,1850,2504.0,1295,1209,1363.414536741214
1416,Gobierno Autónomo Municipal de Curahuara de Carangas,Oruro,municipal,GAM,7523030.0,curahuara de carangas,oruro,Municipio/TIOC,Oruro,Sajama,Curahuara de Carangas,Curahuara de Carangas,5278,4184,6683.0,3472,3211,1125.696543468502
1417,Gobierno Autónomo Municipal de Turco,Oruro,municipal,GAM,9552263.0,turco,oruro,Municipio/TIOC,Oruro,Sajama,Turco,Turco,4160,5207,5803.0,3028,2775,1646.090470446321
1418,Gobierno Autónomo Municipal de Huachacalla,Oruro,municipal,GAM,4567457.0,huachacalla,oruro,Municipio/TIOC,Oruro,Litoral,Huachacalla,Huachacalla,1650,1003,4011.0,2074,1937,1138.7327349788084
1419,Gobierno Autónomo Municipal de Escara,Oruro,municipal,GAM,6934522.0,escara,oruro,Municipio/TIOC,Oruro,Litoral,Escara,Escara,863,4223,4231.0,2234,1997,1638.9794374852281
1420,Gobierno Autónomo Municipal de Cruz de Machacamarca,Oruro,municipal,GAM,3013700.0,cruz de machacamarca,oruro,Municipio/TIOC,Oruro,Litoral,Cruz de Machacamarca,Cruz de Machacamarca,869,1967,1517.0,778,739,1986.618325642716
1422,Gobierno Autónomo Municipal de Esmeralda,Oruro,municipal,GAM,4910318.0,esmeralda,oruro,Municipio/TIOC,Oruro,Litoral,Esmeralda,Esmeralda,952,2702,3882.0,1911,1971,1264.8938691396188
1423,Gobierno Autónomo Municipal de Toledo,Oruro,municipal,GAM,13414809.0,toledo,oruro,Municipio/TIOC,Oruro,Saucarí,Toledo,Toledo,7763,10149,12202.0,6236,5966,1099.3942796262909
1424,Gobierno Autónomo Municipal de Andamarca (Santiago de Andamarca),Oruro,municipal,GAM,7118340.0,andamarca,oruro,Municipio/TIOC,Oruro,Sur Carangas,Andamarca,Andamarca,4588,5216,6311.0,3282,3029,1127.925843764855
1425,Gobierno Autónomo Municipal de Belén de Andamarca,Oruro,municipal,GAM,3363289.0,belen de andamarca,oruro,Municipio/TIOC,Oruro,Sur Carangas,Belén de Andamarca,Belén de Andamarca,1548,2016,3061.0,1569,1492,1098.7549820320157
1427,Gobierno Autónomo Municipal de Pampa Aullagas,Oruro,municipal,GAM,5151173.0,pampa aullagas,oruro,Municipio/TIOC,Oruro,Ladislao Cabrera,Pampa Aullagas,Pampa Aullagas,2975,2973,3197.0,1661,1536,1611.2521113543949
1428,Gobierno Autónomo Municipal de La Rivera,Oruro,municipal,GAM,2918255.0,la rivera,oruro,Municipio/TIOC,Oruro,Mejillones,La Rivera,La Rivera,390,509,1262.0,616,646,2312.404912836767
1429,Gobierno Autónomo Municipal de Todos Santos,Oruro,municipal,GAM,1632674.0,todos santos,oruro,Municipio/TIOC,Oruro,Mejillones,Todos Santos,Todos Santos,387,727,1140.0,607,533,1432.1701754385965
1430,Gobierno Autónomo Municipal de Carangas,Oruro,municipal,GAM,5366864.0,carangas,oruro,Municipio/TIOC,Oruro,Mejillones,Carangas,Carangas,353,840,1129.0,575,554,4753.643932683791
1431,Gobierno Autónomo Municipal de Sabaya,Oruro,municipal,GAM,17685181.0,sabaya,oruro,Municipio/TIOC,Oruro,Sabaya,Sabaya,Sabaya,4684,8018,15504.0,7988,7516,1140.6850490196077
1432,Gobierno Autónomo Municipal de Coipasa,Oruro,municipal,GAM,3541469.0,coipasa,oruro,Municipio/TIOC,Oruro,Sabaya,Coipasa,Coipasa,616,903,1406.0,739,667,2518.825746799431
1501,Gobierno Autónomo Municipal de Potosí,Potosí,municipal,GAM,393195227.0,potosi,potosi,Municipio/TIOC,Potosí,Tomás Frías,Potosí,Potosí,145057,191302,218702.0,104539,114163,1797.8583963566862
1502,Gobierno Autónomo Municipal de Tinguipaya,Potosí,municipal,GAM,39168376.0,tinguipaya,potosi,Municipio/TIOC,Potosí,Tomás Frías,Tinguipaya,Tinguipaya,21794,27200,28942.0,16216,12726,1353.340335844102
1503,Gobierno Autónomo Municipal de Yocalla,Potosí,municipal,GAM,13179641.0,yocalla,potosi,Municipio/TIOC,Potosí,Tomás Frías,Yocalla,Yocalla,8046,8979,12253.0,6276,5977,1075.625642699747
1504,Gobierno Autónomo Municipal de Urmiri,Potosí,municipal,GAM,4488097.0,urmiri,potosi,Municipio/TIOC,Potosí,Tomás Frías,Urmiri,Urmiri,2025,2759,3121.0,1852,1269,1438.031720602371
1505,Gobierno Autónomo Municipal de Uncía,Potosí,municipal,GAM,42020650.0,uncia,potosi,Municipio/TIOC,Potosí,Rafael Bustillo,Uncía,Uncía,18704,22020,22768.0,11672,11096,1845.601282501757
1506,Gobierno Autónomo Municipal de Chayanta,Potosí,municipal,GAM,18383004.0,chayanta,potosi,Municipio/TIOC,Potosí,Rafael Bustillo,Chayanta,Chayanta,14165,16129,16021.0,8334,7687,1147.4317458335934
1507,Gobierno Autónomo Municipal de Llallagua,Potosí,municipal,GAM,60503562.0,llallagua,potosi,Municipio/TIOC,Potosí,Rafael Bustillo,Llallagua,Llallagua,36909,41104,41686.0,19749,21937,1451.412032816773
1508,Gobierno Autónomo Municipal de Betanzos,Potosí,municipal,GAM,33608920.0,betanzos,potosi,Municipio/TIOC,Potosí,Cornelio Saavedra,Betanzos,Betanzos,36308,33922,31904.0,15953,15951,1053.4390672016048
1509,Gobierno Autónomo Municipal de Chaqui,Potosí,municipal,GAM,9515621.0,chaqui,potosi,Municipio/TIOC,Potosí,Cornelio Saavedra,Chaquí,Chaquí,9644,9910,9285.0,4585,4700,1024.8380183091008
1510,Gobierno Autónomo Municipal de Tacobamba,Potosí,municipal,GAM,16412622.0,tacobamba,potosi,Municipio/TIOC,Potosí,Cornelio Saavedra,Tacobamba,Tacobamba,12754,11835,14366.0,7839,6527,1142.4628985103718
1511,Gobierno Autónomo Municipal de Colquechaca,Potosí,municipal,GAM,29450067.0,colquechaca,potosi,Municipio/TIOC,Potosí,Chayanta,Colquechaca,Colquechaca,13816,15260,16363.0,9160,7203,1799.7963087453402
1512,Gobierno Autónomo Municipal de Ravelo,Potosí,municipal,GAM,18645113.0,ravelo,potosi,Municipio/TIOC,Potosí,Chayanta,Ravelo,Ravelo,20536,21213,16909.0,8930,7979,1102.6739014725886
1513,Gobierno Autónomo Municipal de Pocoata,Potosí,municipal,GAM,37323341.0,pocoata,potosi,Municipio/TIOC,Potosí,Chayanta,Pocoata,Pocoata,20116,26330,32641.0,16977,15664,1143.4496798504947
1514,Gobierno Autónomo Municipal de Ocurí,Potosí,municipal,GAM,14867447.0,ocuri,potosi,Municipio/TIOC,Potosí,Chayanta,Ocurí,Ocurí,18516,16118,14532.0,8250,6282,1023.0833333333334
1516,Gobierno Autónomo Municipal de Toro Toro,Potosí,municipal,GAM,14595571.0,toro toro,potosi,Municipio/TIOC,Potosí,Charcas,Toro Toro,Toro Toro,10535,10870,10714.0,5511,5203,1362.2896210565616
1517,Gobierno Autónomo Municipal de Cotagaita,Potosí,municipal,GAM,41484146.0,cotagaita,potosi,Municipio/TIOC,Potosí,Nor Chichas,Cotagaita,Cotagaita,24025,31801,29221.0,14451,14770,1419.6689367235892
1518,Gobierno Autónomo Municipal de Vitichi,Potosí,municipal,GAM,10592641.0,vitichi,potosi,Municipio/TIOC,Potosí,Nor Chichas,Vitichi,Vitichi,11298,10646,10184.0,4886,5298,1040.1257855459544
1519,Gobierno Autónomo Municipal de Tupiza,Potosí,municipal,GAM,64026962.0,tupiza,potosi,Municipio/TIOC,Potosí,Sur Chichas,Tupiza,Tupiza,38337,44814,45590.0,22111,23479,1404.4080280763326
1520,Gobierno Autónomo Municipal de Atocha,Potosí,municipal,GAM,21445708.0,atocha,potosi,Municipio/TIOC,Potosí,Sur Chichas,Atocha,Atocha,9536,11234,9610.0,4996,4614,2231.6033298647244
1521,"Gobierno Autónomo Municipal de Colcha""K"" (Villa Martín)",Potosí,municipal,GAM,84434720.0,colcha k,potosi,Municipio/TIOC,Potosí,Nor Lípez,"Colcha ""K""","Colcha ""K""",9645,12997,12740.0,6923,5817,6627.529042386185
1522,Gobierno Autónomo Municipal de San Pedro de Quemes,Potosí,municipal,GAM,5985878.0,san pedro de quemes,potosi,Municipio/TIOC,Potosí,Nor Lípez,San Pedro de Quemes,San Pedro de Quemes,815,1060,1621.0,876,745,3692.706971005552
1524,Gobierno Autónomo Municipal de Mojinete,Potosí,municipal,GAM,1237707.0,mojinete,potosi,Municipio/TIOC,Potosí,Sur Lípez,Mojinete,Mojinete,716,1180,1025.0,516,509,1207.5190243902439
1525,Gobierno Autónomo Municipal de San Antonio de Esmoruco,Potosí,municipal,GAM,2254656.0,san antonio de esmoruco,potosi,Municipio/TIOC,Potosí,Sur Lípez,San Antonio de Esmoruco,San Antonio de Esmoruco,1666,2284,1936.0,968,968,1164.595041322314
1526,Gobierno Autónomo Municipal de Sacaca (Villa de Sacaca),Potosí,municipal,GAM,18065632.0,sacaca,potosi,Municipio/TIOC,Potosí,Alonso de Ibáñez,Sacaca,Sacaca,18725,19611,17205.0,9169,8036,1050.0222028480093
1527,Gobierno Autónomo Municipal de Caripuyo,Potosí,municipal,GAM,8798383.0,caripuyo,potosi,Municipio/TIOC,Potosí,Alonso de Ibáñez,Caripuyo,Caripuyo,9030,8704,8458.0,4656,3802,1040.2439110900923
1528,Gobierno Autónomo Municipal de Puna (Villa Talavera),Potosí,municipal,GAM,17396501.0,puna,potosi,Municipio/TIOC,Potosí,José María Linares,Puna,Puna,23612,21917,16389.0,7911,8478,1061.4742205137593
1529,"Gobierno Autónomo Municipal de Caiza ""D""",Potosí,municipal,GAM,14303070.0,caiza d,potosi,Municipio/TIOC,Potosí,José María Linares,"Caiza ""D""","Caiza ""D""",10914,12067,12999.0,6463,6536,1100.3207939072236
1530,Gobierno Autónomo Municipal de Uyuni,Potosí,municipal,GAM,61108753.0,uyuni,potosi,Municipio/TIOC,Potosí,Antonio Quijarro,Uyuni,Uyuni,18705,29672,35318.0,17133,18185,1730.2438699813126
1531,Gobierno Autónomo Municipal de Tomave,Potosí,municipal,GAM,8885091.0,tomave,potosi,Municipio/TIOC,Potosí,Antonio Quijarro,Tomave,Tomave,7970,8854,7845.0,3902,3943,1132.5801147227533
1532,Gobierno Autónomo Municipal de Porco,Potosí,municipal,GAM,29845352.0,porco,potosi,Municipio/TIOC,Potosí,Antonio Quijarro,Porco,Porco,5959,10866,14654.0,7978,6676,2036.6693053091306
1533,Gobierno Autónomo Municipal de Arampampa,Potosí,municipal,GAM,3773629.0,arampampa,potosi,Municipio/TIOC,Potosí,General Bernardino Bilbao,Arampampa,Arampampa,4859,4170,3666.0,1930,1736,1029.3587015821058
1534,Gobierno Autónomo Municipal de Acasio,Potosí,municipal,GAM,4636348.0,acasio,potosi,Municipio/TIOC,Potosí,General Bernardino Bilbao,Acasio,Acasio,5764,6161,4471.0,2193,2278,1036.9823305748155
1535,Gobierno Autónomo Municipal de Llica,Potosí,municipal,GAM,5316867.0,llica,potosi,Municipio/TIOC,Potosí,Daniel Campos,Llica,Llica,2901,4150,4187.0,2142,2045,1269.8512061141628
1536,Gobierno Autónomo Municipal de Tahua,Potosí,municipal,GAM,1620696.0,tahua,potosi,Municipio/TIOC,Potosí,Daniel Campos,Tahua,Tahua,2166,1700,1546.0,803,743,1048.3156532988357
1537,Gobierno Autónomo Municipal de Villazón,Potosí,municipal,GAM,72813971.0,villazon,potosi,Municipio/TIOC,Potosí,Modesto Omiste,Villazón,Villazón,36266,44906,49340.0,23609,25731,1475.7594446696392
1538,Gobierno Autónomo Municipal de San Agustín,Potosí,municipal,GAM,2290357.0,san agustin,potosi,Municipio/TIOC,Potosí,Enrique Baldivieso,San Agustín,San Agustín,1640,1684,2126.0,1057,1069,1077.3080903104421
1539,Gobierno Autónomo Municipal de Ckochas,Potosí,municipal,GAM,14798435.0,ckochas,potosi,Municipio/TIOC,Potosí,José María Linares,Ckochas,Ckochas,16886,15812,14338.0,7403,6935,1032.1129167247873
1540,Gobierno Autónomo Municipal de Chuquihuta Ayllu Jucumani,Potosí,municipal,GAM,8518166.0,chuquihuta ayllu jucumani,potosi,Municipio/TIOC,Potosí,Rafael Bustillo,Chuquihuta Ayllu Jucumani,Chuquihuta Ayllu Jucumani,6476,8019,8220.0,4489,3731,1036.2732360097323
1541,Gobierno Autónomo Municipal de San Pedro de Macha,Potosí,municipal,GAM,23743424.0,san pedro de macha,potosi,Municipio/TIOC,Potosí,Chayanta,San Pedro de Macha,San Pedro de Macha,17221,19939,21011.0,11569,9442,1130.0473085526628
1601,Gobierno Autónomo Municipal de Tarija,Tarija,municipal,GAM,567296182.0,tarija,tarija,Municipio/TIOC,Tarija,Cercado,Tarija,Tarija,153457,205375,238749.0,116148,122601,2376.119615160692
1602,Gobierno Autónomo Municipal de Padcaya,Tarija,municipal,GAM,38045325.0,padcaya,tarija,Municipio/TIOC,Tarija,Arce,Padcaya,Padcaya,19260,18681,17817.0,9173,8644,2135.338440814952
1603,Gobierno Autónomo Municipal de Bermejo,Tarija,municipal,GAM,92477448.0,bermejo,tarija,Municipio/TIOC,Tarija,Arce,Bermejo,Bermejo,33310,34505,36970.0,18312,18658,2501.4186637814446
1604,Gobierno Autónomo Municipal de Yacuiba,Tarija,municipal,GAM,194028218.0,yacuiba,tarija,Municipio/TIOC,Tarija,Gran Chaco,Yacuiba,Yacuiba,83518,92245,97634.0,48721,48913,1987.3017391482476
1605,Gobierno Autónomo Municipal de Caraparí,Tarija,municipal,GAM,51198627.0,carapari,tarija,Municipio/TIOC,Tarija,Gran Chaco,Caraparí,Caraparí,9035,15366,15559.0,8061,7498,3290.611671701266
1607,Gobierno Autónomo Municipal de Uriondo (Concepción),Tarija,municipal,GAM,33139396.0,uriondo,tarija,Municipio/TIOC,Tarija,Avilez,Uriondo,Uriondo,12331,14781,15923.0,7813,8110,2081.228160522515
1608,Gobierno Autónomo Municipal de Yunchara,Tarija,municipal,GAM,9529971.0,yunchara,tarija,Municipio/TIOC,Tarija,Avilez,Yunchará,Yunchará,5173,5490,4754.0,2338,2416,2004.6215818258308
1609,Gobierno Autónomo Municipal de San Lorenzo,Tarija,municipal,GAM,44450081.0,san lorenzo,tarija,Municipio/TIOC,Tarija,Méndez,San Lorenzo,San Lorenzo,21375,23863,30346.0,14954,15392,1464.7756211691822
1610,Gobierno Autónomo Municipal de El Puente,Tarija,municipal,GAM,22257153.0,el puente,tarija,Municipio/TIOC,Tarija,Méndez,El Puente,El Puente,10663,11354,9523.0,4691,4832,2337.199726976793
1611,Gobierno Autónomo Municipal de Entre Ríos,Tarija,municipal,GAM,33960713.0,entre rios,tarija,Municipio/TIOC,Tarija,O'Connor,Entre Ríos,Entre Ríos,19339,21991,20864.0,10728,10136,1627.7182227760736
1701,Gobierno Autónomo Municipal de Santa Cruz de La Sierra,Santa Cruz,municipal,GAM,4791974704.0,santa cruz de la sierra,santa cruz,Municipio/TIOC,Santa Cruz,Andrés Ibáñez,Santa Cruz de la Sierra,Santa Cruz de la Sierra,1131778,1444425,1610982.0,799830,811152,2974.5675023060467
1702,Gobierno Autónomo Municipal de Cotoca,Santa Cruz,municipal,GAM,175825894.0,cotoca,santa cruz,Municipio/TIOC,Santa Cruz,Andrés Ibáñez,Cotoca,Cotoca,36425,55633,106603.0,54479,52124,1649.3522133523447
1703,Gobierno Autónomo Municipal de Porongo (Ayacucho),Santa Cruz,municipal,GAM,159088092.0,porongo,santa cruz,Municipio/TIOC,Santa Cruz,Andrés Ibáñez,Porongo,Porongo,11085,15317,23126.0,11983,11143,6879.187581077575
1704,Gobierno Autónomo Municipal de La Guardia,Santa Cruz,municipal,GAM,257239659.0,la guardia,santa cruz,Municipio/TIOC,Santa Cruz,Andrés Ibáñez,La Guardia,La Guardia,39552,89284,147726.0,73823,73903,1741.3296169936234
1705,Gobierno Autónomo Municipal de El Torno,Santa Cruz,municipal,GAM,91566756.0,el torno,santa cruz,Municipio/TIOC,Santa Cruz,Andrés Ibáñez,El Torno,El Torno,37961,49652,55697.0,28264,27433,1644.015943408083
1706,Gobierno Autónomo Municipal de Warnes,Santa Cruz,municipal,GAM,359415375.0,warnes,santa cruz,Municipio/TIOC,Santa Cruz,Warnes,Warnes,Warnes,45318,96406,151248.0,76819,74429,2376.3314225642653
1707,Gobierno Autónomo Municipal de San Ignacio (San Ignacio de Velasco),Santa Cruz,municipal,GAM,77924456.0,san ignacio,santa cruz,Municipio/TIOC,Santa Cruz,Velasco,San Ignacio,San Ignacio,41412,52362,67103.0,35121,31982,1161.2663517279407
1708,Gobierno Autónomo Municipal de San Miguel (San Miguel de Velasco),Santa Cruz,municipal,GAM,21771696.0,san miguel,santa cruz,Municipio/TIOC,Santa Cruz,Velasco,San Miguel,San Miguel,10273,11327,15239.0,8164,7075,1428.6827219633835
1709,Gobierno Autónomo Municipal de San Rafael,Santa Cruz,municipal,GAM,14731530.0,san rafael,santa cruz,Municipio/TIOC,Santa Cruz,Velasco,San Rafael,San Rafael,5017,6139,8842.0,4934,3908,1666.0857272110381
1710,Gobierno Autónomo Municipal de Buena Vista,Santa Cruz,municipal,GAM,26553990.0,buena vista,santa cruz,Municipio/TIOC,Santa Cruz,Ichilo,Buena Vista,Buena Vista,13273,12879,13651.0,7381,6270,1945.2047469049887
1711,Gobierno Autónomo Municipal de San Carlos,Santa Cruz,municipal,GAM,25580506.0,san carlos,santa cruz,Municipio/TIOC,Santa Cruz,Ichilo,San Carlos,San Carlos,16502,20093,18942.0,9807,9135,1350.4648928307465
1712,Gobierno Autónomo Municipal de Yapacaní,Santa Cruz,municipal,GAM,82374547.0,yapacani,santa cruz,Municipio/TIOC,Santa Cruz,Ichilo,Yapacaní,Yapacaní,31538,50558,57794.0,31127,26667,1425.3131293905942
1713,Gobierno Autónomo Municipal de San José,Santa Cruz,municipal,GAM,51078195.0,san jose,santa cruz,Municipio/TIOC,Santa Cruz,Chiquitos,San José,San José,16599,28922,40974.0,21959,19015,1246.6001610777566
1714,Gobierno Autónomo Municipal de Pailón,Santa Cruz,municipal,GAM,85183116.0,pailon,santa cruz,Municipio/TIOC,Santa Cruz,Chiquitos,Pailón,Pailón,28520,37866,54495.0,28647,25848,1563.136361134049
1715,Gobierno Autónomo Municipal de Roboré,Santa Cruz,municipal,GAM,20940824.0,robore,santa cruz,Municipio/TIOC,Santa Cruz,Chiquitos,Roboré,Roboré,15240,15641,18763.0,10024,8739,1116.0701380376272
1716,Gobierno Autónomo Municipal de Portachuelo,Santa Cruz,municipal,GAM,28807102.0,portachuelo,santa cruz,Municipio/TIOC,Santa Cruz,Sara,Portachuelo,Portachuelo,16408,17885,20743.0,10641,10102,1388.7625705057128
1718,Gobierno Autónomo Municipal de Lagunillas,Santa Cruz,municipal,GAM,9443826.0,lagunillas,santa cruz,Municipio/TIOC,Santa Cruz,Cordillera,Lagunillas,Lagunillas,5283,5366,5946.0,3083,2863,1588.2653884964682
1720,Gobierno Autónomo Municipal de Cabezas,Santa Cruz,municipal,GAM,35215475.0,cabezas,santa cruz,Municipio/TIOC,Santa Cruz,Cordillera,Cabezas,Cabezas,22296,26434,32961.0,17494,15467,1068.398258547981
1721,Gobierno Autónomo Municipal de Cuevo,Santa Cruz,municipal,GAM,4926870.0,cuevo,santa cruz,Municipio/TIOC,Santa Cruz,Cordillera,Cuevo,Cuevo,3406,5052,5335.0,2859,2476,923.4995313964387
1723,Gobierno Autónomo Municipal de Camiri,Santa Cruz,municipal,GAM,41500000.0,camiri,santa cruz,Municipio/TIOC,Santa Cruz,Cordillera,Camiri,Camiri,30897,33838,32285.0,15739,16546,1285.4266687316092
1724,Gobierno Autónomo Municipal de Boyuibe,Santa Cruz,municipal,GAM,5737583.0,boyuibe,santa cruz,Municipio/TIOC,Santa Cruz,Cordillera,Boyuibe,Boyuibe,4031,5087,5612.0,2980,2632,1022.377583749109
1725,Gobierno Autónomo Municipal de Vallegrande,Santa Cruz,municipal,GAM,31403432.0,vallegrande,santa cruz,Municipio/TIOC,Santa Cruz,Valle Grande,Vallegrande,Vallegrande,16837,17208,17249.0,8787,8462,1820.5943532958433
1726,Gobierno Autónomo Municipal de Trigal,Santa Cruz,municipal,GAM,2451369.0,trigal,santa cruz,Municipio/TIOC,Santa Cruz,Valle Grande,Trigal,Trigal,2133,2135,2359.0,1197,1162,1039.1559983043662
1729,Gobierno Autónomo Municipal de Pucara,Santa Cruz,municipal,GAM,2055912.0,pucara,santa cruz,Municipio/TIOC,Santa Cruz,Valle Grande,Pucará,Pucará,2548,2076,2015.0,1097,918,1020.3037220843672
1730,Gobierno Autónomo Municipal de Samaipata,Santa Cruz,municipal,GAM,19597083.0,samaipata,santa cruz,Municipio/TIOC,Santa Cruz,Florida,Samaipata,Samaipata,9739,10472,11843.0,6247,5596,1654.7397618846576
1732,Gobierno Autónomo Municipal de Mairana,Santa Cruz,municipal,GAM,15445949.0,mairana,santa cruz,Municipio/TIOC,Santa Cruz,Florida,Mairana,Mairana,7747,10177,12735.0,6635,6100,1212.8738908519827
1733,Gobierno Autónomo Municipal de Quirusillas,Santa Cruz,municipal,GAM,3096414.0,quirusillas,santa cruz,Municipio/TIOC,Santa Cruz,Florida,Quirusillas,Quirusillas,2028,2995,3086.0,1560,1526,1003.3745949449125
1734,Gobierno Autónomo Municipal de Montero,Santa Cruz,municipal,GAM,216889857.0,montero,santa cruz,Municipio/TIOC,Santa Cruz,Obispo Santisteban,Montero,Montero,80341,109518,126886.0,63754,63132,1709.3285074791545
1736,Gobierno Autónomo Municipal de Mineros,Santa Cruz,municipal,GAM,33974300.0,mineros,santa cruz,Municipio/TIOC,Santa Cruz,Obispo Santisteban,Mineros,Mineros,19846,23251,23110.0,11768,11342,1470.1125054089139
1737,Gobierno Autónomo Municipal de Concepción,Santa Cruz,municipal,GAM,40278991.0,concepcion,santa cruz,Municipio/TIOC,Santa Cruz,Ñuflo de Chávez,Concepción,Concepción,14522,18800,30118.0,16297,13821,1337.3727007105385
1738,Gobierno Autónomo Municipal de San Javier,Santa Cruz,municipal,GAM,19413631.0,san javier,santa cruz,Municipio/TIOC,Santa Cruz,Ñuflo de Chávez,San Javier,San Javier,11316,13620,14888.0,7733,7155,1303.9784390112843
1739,Gobierno Autónomo Municipal de San Julián,Santa Cruz,municipal,GAM,105893072.0,san julian,santa cruz,Municipio/TIOC,Santa Cruz,Ñuflo de Chávez,San Julián,San Julián,38027,47416,44909.0,22834,22075,2357.94767195885
1740,Gobierno Autónomo Municipal de San Matías,Santa Cruz,municipal,GAM,15400060.0,san matias,santa cruz,Municipio/TIOC,Santa Cruz,Ángel Sandoval,San Matías,San Matías,13073,14470,15378.0,8051,7327,1001.4345168422421
1741,Gobierno Autónomo Municipal de Comarapa,Santa Cruz,municipal,GAM,24151388.0,comarapa,santa cruz,Municipio/TIOC,Santa Cruz,Manuel María Caballero,Comarapa,Comarapa,14660,15919,17195.0,8813,8382,1404.5587670834545
1742,Gobierno Autónomo Municipal de Saipina,Santa Cruz,municipal,GAM,7443749.0,saipina,santa cruz,Municipio/TIOC,Santa Cruz,Manuel María Caballero,Saipina,Saipina,5350,7390,6048.0,3111,2937,1230.7786044973545
1743,Gobierno Autónomo Municipal de Puerto Suárez,Santa Cruz,municipal,GAM,25197005.0,puerto suarez,santa cruz,Municipio/TIOC,Santa Cruz,Germán Busch,Puerto Suárez,Puerto Suárez,15209,19829,17417.0,9424,7993,1446.690302577941
1744,Gobierno Autónomo Municipal de Puerto Quijarro,Santa Cruz,municipal,GAM,45697585.0,puerto quijarro,santa cruz,Municipio/TIOC,Santa Cruz,Germán Busch,Puerto Quijarro,Puerto Quijarro,12903,16659,17974.0,9381,8593,2542.4271169467006
1745,Gobierno Autónomo Municipal de Ascención de Guarayos,Santa Cruz,municipal,GAM,41847791.0,ascencion de guarayos,santa cruz,Municipio/TIOC,Santa Cruz,Guarayos,Ascención de Guarayos,Ascención de Guarayos,16984,27070,34079.0,18178,15901,1227.9641714839051
1746,Gobierno Autónomo Municipal de Urubicha,Santa Cruz,municipal,GAM,6477432.0,urubicha,santa cruz,Municipio/TIOC,Santa Cruz,Guarayos,Urubichá,Urubichá,5960,7026,6555.0,3351,3204,988.166590389016
1747,Gobierno Autónomo Municipal de El Puente,Santa Cruz,municipal,GAM,20523153.0,el puente,santa cruz,Municipio/TIOC,Santa Cruz,Guarayos,El Puente,El Puente,8633,14205,17290.0,9824,7466,1186.9955465587045
1748,Gobierno Autónomo Municipal de Okinawa Uno,Santa Cruz,municipal,GAM,13560292.0,okinawa uno,santa cruz,Municipio/TIOC,Santa Cruz,Warnes,Okinawa Uno,Okinawa Uno,11661,12482,10665.0,5502,5163,1271.4760431317393
1749,Gobierno Autónomo Municipal de San Antonio de Lomerio,Santa Cruz,municipal,GAM,6095105.0,san antonio de lomerio,santa cruz,Municipio/TIOC,Santa Cruz,Ñuflo de Chávez,San Antonio de Lomerio,San Antonio de Lomerio,6293,6481,6364.0,3271,3093,957.747485857951
1750,Gobierno Autónomo Municipal de San Ramón,Santa Cruz,municipal,GAM,20231199.0,san ramon,santa cruz,Municipio/TIOC,Santa Cruz,Ñuflo de Chávez,San Ramón,San Ramón,5660,7490,8541.0,4523,4018,2368.7154899894626
1751,Gobierno Autónomo Municipal de El Carmen Rivero Tórrez,Santa Cruz,municipal,GAM,20922082.0,el carmen rivero torrez,santa cruz,Municipio/TIOC,Santa Cruz,Germán Busch,El Carmen Rivero Tórrez,El Carmen Rivero Tórrez,4894,6342,8816.0,4690,4126,2373.1944192377496
1752,Gobierno Autónomo Municipal de San Juan,Santa Cruz,municipal,GAM,18896749.0,san juan,santa cruz,Municipio/TIOC,Santa Cruz,Ichilo,San Juan,San Juan,9131,9191,10200.0,5485,4715,1852.6224509803922
1753,Gobierno Autónomo Municipal de Fernández Alonso,Santa Cruz,municipal,GAM,19507502.0,fernandez alonso,santa cruz,Municipio/TIOC,Santa Cruz,Obispo Santisteban,Fernández Alonso,Fernández Alonso,11363,15117,14610.0,8283,6327,1335.215742642026
1754,Gobierno Autónomo Municipal de San Pedro,Santa Cruz,municipal,GAM,20019625.0,san pedro,santa cruz,Municipio/TIOC,Santa Cruz,Obispo Santisteban,San Pedro,San Pedro,14644,19103,15246.0,8358,6888,1313.1067165158074
1755,Gobierno Autónomo Municipal de Cuatro Cañadas,Santa Cruz,municipal,GAM,54863501.0,cuatro canadas,santa cruz,Municipio/TIOC,Santa Cruz,Ñuflo de Chávez,Cuatro Cañadas,Cuatro Cañadas,17574,22845,25258.0,13007,12251,2172.1237231768155
1756,Gobierno Autónomo Municipal de Colpa Bélgica,Santa Cruz,municipal,GAM,26049039.0,colpa belgica,santa cruz,Municipio/TIOC,Santa Cruz,Sara,Colpa Bélgica,Colpa Bélgica,6273,6069,6007.0,3111,2896,4336.447311469951
1801,Gobierno Autónomo Municipal de Trinidad,Beni,municipal,GAM,233143669.0,trinidad,beni,Municipio/TIOC,Beni,Cercado,Trinidad,Trinidad,79963,106596,128589.0,64655,63934,1813.0918585571083
1802,Gobierno Autónomo Municipal de San Javier,Beni,municipal,GAM,10934259.0,san javier,beni,Municipio/TIOC,Beni,Cercado,San Javier,San Javier,2690,5277,7913.0,4485,3428,1381.809553898648
1803,Gobierno Autónomo Municipal de Riberalta,Beni,municipal,GAM,161898609.0,riberalta,beni,Municipio/TIOC,Beni,Vaca Diez,Riberalta,Riberalta,75977,89022,110302.0,55544,54758,1467.7758245544053
1805,Gobierno Autónomo Municipal de Puerto Guayaramerín,Beni,municipal,GAM,57405738.0,guayaramerin,beni,Municipio/TIOC,Beni,Vaca Diez,Guayaramerín,Guayaramerín,40444,41814,42031.0,21563,20468,1365.7951987818515
1806,Gobierno Autónomo Municipal de Reyes,Beni,municipal,GAM,13754130.0,reyes,beni,Municipio/TIOC,Beni,General José Ballivián,Reyes,Reyes,11127,13246,11478.0,5999,5479,1198.3037114479876
1808,Gobierno Autónomo Municipal de San Borja,Beni,municipal,GAM,60852061.0,san borja,beni,Municipio/TIOC,Beni,General José Ballivián,San Borja,San Borja,34363,40864,45798.0,23472,22326,1328.7056421677803
1809,Gobierno Autónomo Municipal de Santa Rosa,Beni,municipal,GAM,16814311.0,santa rosa,beni,Municipio/TIOC,Beni,General José Ballivián,Santa Rosa,Santa Rosa,9016,9478,11122.0,5846,5276,1511.8064197086856
1810,Gobierno Autónomo Municipal de Santa Ana,Beni,municipal,GAM,40087242.0,santa ana,beni,Municipio/TIOC,Beni,Yacuma,Santa Ana,Santa Ana,21663,17069,18088.0,9371,8717,2216.234077841663
1811,Gobierno Autónomo Municipal de San Ignacio,Beni,municipal,GAM,30289005.0,san ignacio,beni,Municipio/TIOC,Beni,Moxos,San Ignacio,San Ignacio,19250,19252,21584.0,11305,10279,1403.308237583395
1812,Gobierno Autónomo Municipal de Loreto,Beni,municipal,GAM,4921799.0,loreto,beni,Municipio/TIOC,Beni,Marbán,Loreto,Loreto,3859,3828,4269.0,2247,2022,1152.9161396111501
1813,Gobierno Autónomo Municipal de San Andrés,Beni,municipal,GAM,18999033.0,san andres,beni,Municipio/TIOC,Beni,Marbán,San Andrés,San Andrés,10595,12503,15570.0,8769,6801,1220.2333333333333
1814,Gobierno Autónomo Municipal de San Joaquín,Beni,municipal,GAM,9478989.0,san joaquin,beni,Municipio/TIOC,Beni,Mamoré,San Joaquín,San Joaquín,5452,6917,6808.0,3668,3140,1392.3309341950646
1815,Gobierno Autónomo Municipal de San Ramón,Beni,municipal,GAM,7378760.0,san ramon,beni,Municipio/TIOC,Beni,Mamoré,San Ramón,San Ramón,5927,4955,5489.0,2938,2551,1344.281289852432
1816,Gobierno Autónomo Municipal de Puerto Síles,Beni,municipal,GAM,1357064.0,puerto siles,beni,Municipio/TIOC,Beni,Mamoré,Puerto Siles,Puerto Siles,1018,945,1091.0,599,492,1243.87167736022
1817,Gobierno Autónomo Municipal de Magdalena,Beni,municipal,GAM,27504517.0,magdalena,beni,Municipio/TIOC,Beni,Iténez,Magdalena,Magdalena,9908,11377,12785.0,6742,6043,2151.3114587407117
1818,Gobierno Autónomo Municipal de Baures,Beni,municipal,GAM,11125645.0,baures,beni,Municipio/TIOC,Beni,Iténez,Baures,Baures,5264,5965,7488.0,4309,3179,1485.796607905983
1819,Gobierno Autónomo Municipal de Huacaraje,Beni,municipal,GAM,5701760.0,huacaraje,beni,Municipio/TIOC,Beni,Iténez,Huacaraje,Huacaraje,3706,4111,4630.0,2527,2103,1231.4816414686825
1820,Gobierno Autónomo Municipal de Exaltación,Beni,municipal,GAM,12319645.0,exaltacion,beni,Municipio/TIOC,Beni,Yacuma,Exaltación,Exaltación,6618,6362,8012.0,4413,3599,1537.6491512730904
1901,Gobierno Autónomo Municipal de Cobija,Pando,municipal,GAM,146104616.0,cobija,pando,Municipio/TIOC,Pando,Nicolás Suárez,Cobija,Cobija,22324,46267,55114.0,28121,26993,2650.9528613419457
1902,Gobierno Autónomo Municipal de Porvenir,Pando,municipal,GAM,19023658.0,porvenir,pando,Municipio/TIOC,Pando,Nicolás Suárez,Porvenir,Porvenir,3713,7948,9353.0,4654,4699,2033.9632203571048
1903,Gobierno Autónomo Municipal de Bolpebra,Pando,municipal,GAM,4903243.0,bolpebra,pando,Municipio/TIOC,Pando,Nicolás Suárez,Bolpebra,Bolpebra,1194,2173,2437.0,1394,1043,2011.9995896594173
1904,Gobierno Autónomo Municipal de Bella Flor,Pando,municipal,GAM,7706692.0,bella flor,pando,Municipio/TIOC,Pando,Nicolás Suárez,Bella Flor,Bella Flor,2305,3909,3630.0,2107,1523,2123.05564738292
1905,Gobierno Autónomo Municipal de Puerto Rico,Pando,municipal,GAM,14377762.0,puerto rico,pando,Municipio/TIOC,Pando,Manuripi,Puerto Rico,Puerto Rico,4003,6239,7367.0,4099,3268,1951.6440885027828
1906,Gobierno Autónomo Municipal de San Pedro,Pando,municipal,GAM,6312128.0,san pedro,pando,Municipio/TIOC,Pando,Manuripi,San Pedro,San Pedro,1082,2991,3518.0,1811,1707,1794.2376350198977
1907,Gobierno Autónomo Municipal de Filadelfia,Pando,municipal,GAM,15802755.0,filadelfia,pando,Municipio/TIOC,Pando,Manuripi,Filadelfia,Filadelfia,3145,5756,8045.0,4487,3558,1964.2952144188937
1908,Gobierno Autónomo Municipal de Puerto Gonzalo Moreno,Pando,municipal,GAM,23407860.0,puerto gonzalo moreno,pando,Municipio/TIOC,Pando,Madre de Dios,Puerto Gonzalo Moreno,Puerto Gonzalo Moreno,3810,8160,12431.0,6549,5882,1883.0230874426836
1909,Gobierno Autónomo Municipal de San Lorenzo,Pando,municipal,GAM,17803025.0,san lorenzo,pando,Municipio/TIOC,Pando,Madre de Dios,San Lorenzo,San Lorenzo,3471,7652,9832.0,5261,4571,1810.7226403580146
1910,Gobierno Autónomo Municipal de Sena,Pando,municipal,GAM,28703798.0,sena,pando,Municipio/TIOC,Pando,Madre de Dios,Sena,Sena,2240,8258,10522.0,5683,4839,2727.979281505417
1912,Gobierno Autónomo Municipal de Ingavi (Humaita),Pando,municipal,GAM,5060458.0,ingavi,pando,Municipio/TIOC,Pando,Abuná,Ingavi,Ingavi,899,1654,2600.0,1500,1100,1946.33
1913,Gobierno Autónomo Municipal de Nueva Esperanza,Pando,municipal,GAM,2799727.0,nueva esperanza,pando,Municipio/TIOC,Pando,Federico Román,Nueva Esperanza,Nueva Esperanza,740,2068,1598.0,874,724,1752.0193992490613
1914,Gobierno Autónomo Municipal de Villa Nueva (Loma Alta),Pando,municipal,GAM,4971902.0,villa nueva,pando,Municipio/TIOC,Pando,Federico Román,Villa Nueva,Villa Nueva,993,2801,2511.0,1346,1165,1980.0485862206292
1915,Gobierno Autónomo Municipal de Santos Mercado,Pando,municipal,GAM,4257745.0,santos mercado,pando,Municipio/TIOC,Pando,Federico Román,Santos Mercado,Santos Mercado,509,2165,2347.0,1306,1041,1814.1222837665105
