codigo_entidad,nombre_entidad,departamento,tipo,grupo_eta,presupuesto_total,provincia_ine,municipio_ine,poblacion_2001,poblacion_2012,poblacion_2024,hombres_2024,mujeres_2024,presupuesto_per_capita
1101,Gobierno Autónomo Municipal de Sucre,Chuquisaca,municipal,GAM,536787240.0,Oropeza,Sucre,214913.0,261622.0,296746.0,142122.0,154624.0,1808.9114596321433
1102,Gobierno Autónomo Municipal de Yotala,Chuquisaca,municipal,GAM,12144616.0,Oropeza,Yotala,9497.0,9461.0,9256.0,4654.0,4602.0,1312.0803802938635
1103,Gobierno Autónomo Municipal de Poroma,Chuquisaca,municipal,GAM,15293419.0,Oropeza,Poroma,16966.0,16532.0,13649.0,6982.0,6667.0,1120.4790827166826
1104,Gobierno Autónomo Municipal de Villa Azurduy,Chuquisaca,municipal,GAM,16184792.0,Azurduy,Azurduy,11349.0,10652.0,7903.0,4004.0,3899.0,2047.9301531064152
1105,Gobierno Autónomo Municipal de Tarvita (Villa Orías),Chuquisaca,municipal,GAM,19365374.0,Azurduy,Tarvita,16230.0,14261.0,16812.0,8268.0,8544.0,1151.8780632881276
1106,Gobierno Autónomo Municipal de Villa Zudañez (Tacopaya),Chuquisaca,municipal,GAM,15894480.0,Zudáñez,Zudáñez,7423.0,11362.0,13694.0,7143.0,6551.0,1160.6893530013144
1107,Gobierno Autónomo Municipal de Presto,Chuquisaca,municipal,GAM,14381363.0,Zudáñez,Presto,8892.0,12385.0,12539.0,6550.0,5989.0,1146.930616476593
1108,Gobierno Autónomo Municipal de Villa Mojocoya,Chuquisaca,municipal,GAM,10515624.0,Zudáñez,Mojocoya,7926.0,8068.0,9055.0,4515.0,4540.0,1161.3057979017117
1109,Gobierno Autónomo Municipal de Icla,Chuquisaca,municipal,GAM,9947023.0,Zudáñez,Icla,8177.0,7774.0,9155.0,4681.0,4474.0,1086.5126160567995
1110,Gobierno Autónomo Municipal de Padilla,Chuquisaca,municipal,GAM,14200568.0,Tomina,Padilla,12453.0,10383.0,9192.0,4628.0,4564.0,1544.8833768494344
1111,Gobierno Autónomo Municipal de Tomina,Chuquisaca,municipal,GAM,9760722.0,Tomina,Tomina,9060.0,8494.0,8509.0,4310.0,4199.0,1147.1056528381714
1112,Gobierno Autónomo Municipal de Sopachuy,Chuquisaca,municipal,GAM,9564373.0,Tomina,Sopachuy,7241.0,7312.0,6942.0,3507.0,3435.0,1377.75468164794
1113,Gobierno Autónomo Municipal de Villa Alcalá,Chuquisaca,municipal,GAM,8101707.0,Tomina,Alcalá,4034.0,4902.0,3768.0,1917.0,1851.0,2150.1345541401274
1114,Gobierno Autónomo Municipal de El Villar,Chuquisaca,municipal,GAM,8056284.0,Tomina,El Villar,4585.0,4465.0,5654.0,2862.0,2792.0,1424.8822072868766
1115,Gobierno Autónomo Municipal de Monteagudo,Chuquisaca,municipal,GAM,36974829.0,Hernando Siles,Monteagudo,26504.0,24303.0,24546.0,12649.0,11897.0,1506.348447812271
1116,Gobierno Autónomo Municipal de San Pablo de Huacareta,Chuquisaca,municipal,GAM,11701686.0,Hernando Siles,Huacareta,10007.0,8349.0,7200.0,3732.0,3468.0,1625.2341666666666
1117,Gobierno Autónomo Municipal de Tarabuco,Chuquisaca,municipal,GAM,15379769.0,Yamparáez,Tarabuco,19554.0,16944.0,13323.0,6592.0,6731.0,1154.3773174210012
1118,Gobierno Autónomo Municipal de Yamparáez,Chuquisaca,municipal,GAM,12312010.0,Yamparáez,Yamparáez,10013.0,10111.0,8480.0,4266.0,4214.0,1451.8879716981132
1119,Gobierno Autónomo Municipal de Camargo,Chuquisaca,municipal,GAM,18125225.0,Nor Cinti,Camargo,14392.0,15644.0,14713.0,7269.0,7444.0,1231.9190511792292
1120,Gobierno Autónomo Municipal de San Lucas,Chuquisaca,municipal,GAM,48664005.0,Nor Cinti,San Lucas,32109.0,32520.0,26715.0,13158.0,13557.0,1821.5985401459855
1121,Gobierno Autónomo Municipal de Incahuasi,Chuquisaca,municipal,GAM,20133393.0,Nor Cinti,Incahuasi,10709.0,13056.0,16484.0,8474.0,8010.0,1221.3900145595728
1122,Gobierno Autónomo Municipal de Villa Serrano,Chuquisaca,municipal,GAM,12924183.0,Belisario Boeto,Villa Serrano,12386.0,11161.0,9107.0,4693.0,4414.0,1419.1482376194137
1123,Gobierno Autónomo Municipal de Camataqui (Villa Abecia),Chuquisaca,municipal,GAM,6082776.0,Sud Cinti,Villa Abecia,3195.0,3514.0,5375.0,2717.0,2658.0,1131.6792558139534
1124,Gobierno Autónomo Municipal de Culpina,Chuquisaca,municipal,GAM,21907961.0,Sud Cinti,Culpina,17570.0,17731.0,14848.0,7302.0,7546.0,1475.4822871767242
1125,Gobierno Autónomo Municipal de Las Carreras,Chuquisaca,municipal,GAM,14015349.0,Sud Cinti,Las Carreras,3556.0,4088.0,5016.0,2576.0,2440.0,2794.1285885167463
1126,Gobierno Autónomo Municipal de Villa Vaca Guzmán,Chuquisaca,municipal,GAM,16368235.0,Luis Calvo,Villa Vaca Guzmán,10748.0,9720.0,13282.0,7279.0,6003.0,1232.3622195452492
1128,Gobierno Autónomo Municipal de Machareti,Chuquisaca,municipal,GAM,9269406.0,Luis Calvo,Macharetí,7386.0,7418.0,7235.0,3895.0,3340.0,1281.1894955079474
1129,Gobierno Autónomo Municipal de Villa Charcas,Chuquisaca,municipal,GAM,17118963.0,Nor Cinti,Villa Charcas,12302.0,16150.0,14282.0,7070.0,7212.0,1198.6390561546002
1201,Gobierno Autónomo Municipal de La Paz,La Paz,municipal,GAM,1724178990.0,Murillo,Nuestra Señora de La Paz,793293.0,766468.0,757431.0,366639.0,390792.0,2276.3512319934093
1202,Gobierno Autónomo Municipal de Palca,La Paz,municipal,GAM,38601942.0,Murillo,Palca,14185.0,16622.0,21729.0,10902.0,10827.0,1776.5171890100787
1203,Gobierno Autónomo Municipal de Mecapaca,La Paz,municipal,GAM,27231767.0,Murillo,Mecapaca,11782.0,15834.0,20446.0,10240.0,10206.0,1331.8872640125207
1204,Gobierno Autónomo Municipal Ecológico Productivo de Achocalla,La Paz,municipal,GAM,110473572.0,Murillo,Achocalla,15110.0,22431.0,46188.0,22869.0,23319.0,2391.8241101584827
1205,Gobierno Autónomo Municipal de El Alto de La Paz,La Paz,municipal,GAM,1490573041.0,Murillo,El Alto,649958.0,848452.0,885825.0,427374.0,458451.0,1682.694709451641
1206,Gobierno Autónomo Municipal de Viacha,La Paz,municipal,GAM,185661872.0,Ingavi,Viacha,46596.0,80724.0,113554.0,56294.0,57260.0,1635.0095285062614
1207,Gobierno Autónomo Municipal de Guaqui,La Paz,municipal,GAM,8793424.0,Ingavi,Puerto Mayor de Guaqui,7552.0,7278.0,8592.0,4311.0,4281.0,1023.4432029795158
1208,Gobierno Autónomo Municipal de Tiahuanacu,La Paz,municipal,GAM,13479705.0,Ingavi,Tiahuanacu,11309.0,12189.0,13648.0,6520.0,7128.0,987.6688892145369
1209,Gobierno Autónomo Municipal de Desaguadero,La Paz,municipal,GAM,13436897.0,Ingavi,Desaguadero,4981.0,6987.0,7897.0,3912.0,3985.0,1701.5191845004433
1210,Gobierno Autónomo Municipal de Caranavi,La Paz,municipal,GAM,87897286.0,Caranavi,Caranavi,43060.0,50330.0,59676.0,31048.0,28628.0,1472.9084724177224
1211,Gobierno Autónomo Municipal de Sica Sica (Villa Aroma),La Paz,municipal,GAM,38535569.0,Aroma,Sicasica,26818.0,31312.0,33885.0,17417.0,16468.0,1137.2456544193597
1212,Gobierno Autónomo Municipal de Umala,La Paz,municipal,GAM,14643089.0,Aroma,Umala,9583.0,8903.0,9102.0,4634.0,4468.0,1608.777081960009
1213,Gobierno Autónomo Municipal de Ayo Ayo,La Paz,municipal,GAM,11357460.0,Aroma,Ayo Ayo,6981.0,7798.0,11258.0,5778.0,5480.0,1008.834606502043
1214,Gobierno Autónomo Municipal de Calamarca,La Paz,municipal,GAM,37537262.0,Aroma,Calamarca,12112.0,12413.0,15327.0,7744.0,7583.0,2449.093886605337
1215,Gobierno Autónomo Municipal de Patacamaya,La Paz,municipal,GAM,28743849.0,Aroma,Patacamaya,20039.0,22858.0,25148.0,12564.0,12584.0,1142.987474153014
1216,Gobierno Autónomo Municipal de Colquencha,La Paz,municipal,GAM,12947346.0,Aroma,Colquencha,8020.0,9879.0,12490.0,6312.0,6178.0,1036.616973578863
1217,Gobierno Autónomo Municipal de Collana,La Paz,municipal,GAM,8833532.0,Aroma,Collana,2927.0,5042.0,5526.0,2729.0,2797.0,1598.539992761491
1218,Gobierno Autónomo Municipal de Inquisivi,La Paz,municipal,GAM,23286166.0,Inquisivi,Inquisivi,16143.0,14717.0,18679.0,10079.0,8600.0,1246.6494994378713
1219,Gobierno Autónomo Municipal de Quime,La Paz,municipal,GAM,12239928.0,Inquisivi,Quime,7338.0,8266.0,10887.0,6084.0,4803.0,1124.2700468448609
1220,Gobierno Autónomo Municipal de Cajuata,La Paz,municipal,GAM,16790899.0,Inquisivi,Cajuata,7757.0,10458.0,15565.0,8016.0,7549.0,1078.759974301317
1221,Gobierno Autónomo Municipal de Colquiri,La Paz,municipal,GAM,29951096.0,Inquisivi,Colquiri,18351.0,19620.0,23505.0,12386.0,11119.0,1274.2436077430334
1222,Gobierno Autónomo Municipal de Ichoca,La Paz,municipal,GAM,9486150.0,Inquisivi,Ichoca,6839.0,7913.0,9552.0,5128.0,4424.0,993.1061557788945
1223,Gobierno Autónomo Municipal de Villa Libertad Licoma,La Paz,municipal,GAM,7475587.0,Inquisivi,Villa Libertad Licoma,2739.0,5488.0,7877.0,3957.0,3920.0,949.0398628919639
1224,Gobierno Autónomo Municipal de Achacachi,La Paz,municipal,GAM,45067967.0,Omasuyos,Achacachi,45875.0,46058.0,47257.0,23143.0,24114.0,953.6781217597393
1225,Gobierno Autónomo Municipal de Ancoraimes,La Paz,municipal,GAM,22464885.0,Omasuyos,Villa Ancoraimes,15199.0,13136.0,16953.0,8472.0,8481.0,1325.1274110776853
1226,Gobierno Autónomo Municipal de Sorata,La Paz,municipal,GAM,38465729.0,Larecaja,Sorata,18932.0,23512.0,30083.0,15291.0,14792.0,1278.6533590399893
1227,Gobierno Autónomo Municipal de Guanay,La Paz,municipal,GAM,20610091.0,Larecaja,Guanay,11528.0,14788.0,16386.0,8758.0,7628.0,1257.786586110094
1228,Gobierno Autónomo Municipal de Tacacoma,La Paz,municipal,GAM,10632316.0,Larecaja,Tacacoma,6269.0,8182.0,9761.0,5161.0,4600.0,1089.265034320254
1229,Gobierno Autónomo Municipal de Tipuani,La Paz,municipal,GAM,13374478.0,Larecaja,Tipuani,9321.0,9985.0,7716.0,4240.0,3476.0,1733.34344219803
1230,Gobierno Autónomo Municipal de Quiabaya,La Paz,municipal,GAM,4281427.0,Larecaja,Quiabaya,2580.0,2684.0,4224.0,2181.0,2043.0,1013.5954071969697
1231,Gobierno Autónomo Municipal de Combaya,La Paz,municipal,GAM,3478989.0,Larecaja,Combaya,2691.0,3731.0,3529.0,1852.0,1677.0,985.8285633323887
1232,Gobierno Autónomo Municipal de Copacabana,La Paz,municipal,GAM,19251842.0,Manco Kapac,Copacabana,14586.0,14931.0,17463.0,8481.0,8982.0,1102.4361220866977
1233,Gobierno Autónomo Municipal de San Pedro de Tiquina,La Paz,municipal,GAM,8560323.0,Manco Kapac,San Pedro de Tiquina,6093.0,6052.0,9164.0,4625.0,4539.0,934.1251636839808
1234,Gobierno Autónomo Municipal de Tito Yupanqui,La Paz,municipal,GAM,6950684.0,Manco Kapac,Tito Yupanqui,2213.0,6261.0,7525.0,3986.0,3539.0,923.6789368770765
1235,Gobierno Autónomo Municipal de Chuma,La Paz,municipal,GAM,16437519.0,Muñecas,Chuma,12843.0,11473.0,17830.0,9271.0,8559.0,921.9023555804823
1236,Gobierno Autónomo Municipal de Ayata,La Paz,municipal,GAM,9509993.0,Muñecas,Ayata,8143.0,8410.0,9029.0,4772.0,4257.0,1053.2720124044745
1237,Gobierno Autónomo Municipal de Aucapata,La Paz,municipal,GAM,6443660.0,Muñecas,Aucapata,4146.0,5495.0,6721.0,3653.0,3068.0,958.7353072459456
1238,Gobierno Autónomo Municipal de Corocoro,La Paz,municipal,GAM,15484722.0,Pacajes,Corocoro,11813.0,10647.0,13551.0,6965.0,6586.0,1142.6995793668364
1239,Gobierno Autónomo Municipal de Caquiaviri,La Paz,municipal,GAM,14233739.0,Pacajes,Caquiaviri,11901.0,14687.0,15570.0,7851.0,7719.0,914.1771997430957
1240,Gobierno Autónomo Municipal de Calacoto,La Paz,municipal,GAM,11257213.0,Pacajes,Calacoto,8818.0,9879.0,12219.0,6262.0,5957.0,921.2875849087487
1241,Gobierno Autónomo Municipal de Comanche,La Paz,municipal,GAM,5349775.0,Pacajes,Comanche,3862.0,3880.0,5238.0,2547.0,2691.0,1021.3392516227568
1242,Gobierno Autónomo Municipal de Charaña,La Paz,municipal,GAM,5100585.0,Pacajes,Charaña,2766.0,3246.0,4221.0,2185.0,2036.0,1208.3830845771145
1243,Gobierno Autónomo Municipal de Waldo Ballivián,La Paz,municipal,GAM,6363941.0,Pacajes,Waldo Ballivián,1657.0,5069.0,6442.0,3546.0,2896.0,987.8828003725552
1244,Gobierno Autónomo Municipal de Nazacara de Pacajes,La Paz,municipal,GAM,3711909.0,Pacajes,Nazacara de Pacajes,267.0,619.0,4022.0,2050.0,1972.0,922.9012928891099
1245,Gobierno Autónomo Municipal de Santiago de Callapa,La Paz,municipal,GAM,7949954.0,Pacajes,Santiago de Callapa,8099.0,7289.0,8037.0,4177.0,3860.0,989.1693417942018
1246,Gobierno Autónomo Municipal de Puerto Acosta,La Paz,municipal,GAM,17894764.0,Camacho,Puerto Acosta,13083.0,11290.0,14012.0,7156.0,6856.0,1277.1027690550957
1247,Gobierno Autónomo Municipal de Mocomoco,La Paz,municipal,GAM,18856701.0,Camacho,Mocomoco,17233.0,15665.0,17811.0,9298.0,8513.0,1058.710965133906
1248,Gobierno Autónomo Municipal de Carabuco,La Paz,municipal,GAM,18411309.0,Camacho,Puerto Mayor de Carabuco,14721.0,14589.0,17336.0,9000.0,8336.0,1062.0275149976926
1249,Gobierno Autónomo Municipal de Apolo,La Paz,municipal,GAM,18833316.0,Franz Tamayo,Apolo,13271.0,20308.0,19156.0,10226.0,8930.0,983.1549384005011
1250,Gobierno Autónomo Municipal de Pelechuco,La Paz,municipal,GAM,11659479.0,Franz Tamayo,Pelechuco,5115.0,6780.0,9060.0,5280.0,3780.0,1286.9182119205298
1251,Gobierno Autónomo Municipal de Luribay,La Paz,municipal,GAM,10677161.0,Loayza,Luribay,9004.0,11139.0,10703.0,5464.0,5239.0,997.5858170606372
1252,Gobierno Autónomo Municipal de Sapahaqui,La Paz,municipal,GAM,20042207.0,Loayza,Sapahaqui,11790.0,12484.0,16497.0,8322.0,8175.0,1214.9001030490392
1253,Gobierno Autónomo Municipal de Yaco,La Paz,municipal,GAM,15412548.0,Loayza,Yaco,7866.0,7315.0,12296.0,6560.0,5736.0,1253.4603122966819
1254,Gobierno Autónomo Municipal de Malla,La Paz,municipal,GAM,7739622.0,Loayza,Malla,3733.0,5180.0,5297.0,2884.0,2413.0,1461.1330942042666
1255,Gobierno Autónomo Municipal de Cairoma,La Paz,municipal,GAM,15730198.0,Loayza,Cairoma,11338.0,11355.0,13598.0,7105.0,6493.0,1156.8023238711576
1256,Gobierno Autónomo Municipal de Chulumani (Villa de la Libertad),La Paz,municipal,GAM,29064222.0,Sur Yungas,Chulumani,13204.0,17823.0,18303.0,9123.0,9180.0,1587.9485330273726
1257,Gobierno Autónomo Municipal de Irupana (Villa de Lanza),La Paz,municipal,GAM,26478359.0,Sur Yungas,Irupana,11383.0,17276.0,23279.0,12803.0,10476.0,1137.4354138923493
1258,Gobierno Autónomo Municipal de Yanacachi,La Paz,municipal,GAM,8132544.0,Sur Yungas,Yanacachi,4250.0,6420.0,7615.0,3934.0,3681.0,1067.9637557452397
1259,Gobierno Autónomo Municipal de Palos Blancos,La Paz,municipal,GAM,47454535.0,Sur Yungas,Palos Blancos,16786.0,24731.0,27137.0,14341.0,12796.0,1748.702325238604
1260,Gobierno Autónomo Municipal de La Asunta,La Paz,municipal,GAM,58639357.0,Sur Yungas,La Asunta,18016.0,40178.0,45587.0,23906.0,21681.0,1286.3175247329282
1261,Gobierno Autónomo Municipal de Pucarani,La Paz,municipal,GAM,65742628.0,Los Andes,Pucarani,24570.0,30124.0,49850.0,24339.0,25511.0,1318.8089869608827
1262,Gobierno Autónomo Municipal de Laja,La Paz,municipal,GAM,52102316.0,Los Andes,Laja,16311.0,24531.0,38652.0,18939.0,19713.0,1347.9849943081858
1263,Gobierno Autónomo Municipal de Batallas,La Paz,municipal,GAM,30560704.0,Los Andes,Batallas,20925.0,17426.0,20607.0,9862.0,10745.0,1483.025379725336
1264,Gobierno Autónomo Municipal de Puerto Pérez,La Paz,municipal,GAM,7948356.0,Los Andes,Puerto Pérez,7830.0,6498.0,7900.0,3858.0,4042.0,1006.1210126582279
1265,Gobierno Autónomo Municipal de Coroico,La Paz,municipal,GAM,27925251.0,Nor Yungas,Coroico,12237.0,19397.0,27711.0,14271.0,13440.0,1007.7316228212624
1266,Gobierno Autónomo Municipal de Coripata,La Paz,municipal,GAM,27291772.0,Nor Yungas,Coripata,11444.0,16930.0,23530.0,12072.0,11458.0,1159.8713132171695
1267,Gobierno Autónomo Municipal de Ixiamas,La Paz,municipal,GAM,23227708.0,Abel Iturralde,Ixiamas,5625.0,9362.0,12595.0,7090.0,5505.0,1844.2007145692735
1268,Gobierno Autónomo Municipal de San Buenaventura,La Paz,municipal,GAM,10276537.0,Abel Iturralde,San Buenaventura,6203.0,8711.0,10105.0,5235.0,4870.0,1016.9754576942108
1269,Gobierno Autónomo Municipal de General Juan José Pérez (Charazani),La Paz,municipal,GAM,15766181.0,Bautista Saavedra,Charazani,9161.0,13023.0,15763.0,8338.0,7425.0,1000.2018016874961
1270,Gobierno Autónomo Municipal de Curva,La Paz,municipal,GAM,9161783.0,Bautista Saavedra,Curva,2213.0,3285.0,6611.0,3553.0,3058.0,1385.8392073816367
1271,Gobierno Autónomo Municipal de San Pedro de Curahuara,La Paz,municipal,GAM,10385954.0,Gualberto Villarroel,San Pedro de Curahuara,8103.0,8858.0,9217.0,4896.0,4321.0,1126.8258652489965
1272,Gobierno Autónomo Municipal de Papel Pampa,La Paz,municipal,GAM,7269599.0,Gualberto Villarroel,Papel Pampa,6053.0,7003.0,6649.0,3558.0,3091.0,1093.3371935629418
1273,Gobierno Autónomo Municipal de Chacarilla,La Paz,municipal,GAM,2174255.0,Gualberto Villarroel,Chacarilla,1566.0,2004.0,2052.0,1090.0,962.0,1059.5784600389863
1274,Gobierno Autónomo Municipal de Santiago de Machaca,La Paz,municipal,GAM,11705478.0,General José Manuel Pando,Santiago de Machaca,4402.0,4593.0,6805.0,3408.0,3397.0,1720.1290227773695
1275,Gobierno Autónomo Municipal de Catacora,La Paz,municipal,GAM,4890386.0,General José Manuel Pando,Catacora,1735.0,2881.0,5351.0,2774.0,2577.0,913.9200149504766
1276,Gobierno Autónomo Municipal de Mapiri,La Paz,municipal,GAM,25040043.0,Larecaja,Mapiri,9633.0,13891.0,21843.0,11798.0,10045.0,1146.3646477132263
1277,Gobierno Autónomo Municipal de Teoponte,La Paz,municipal,GAM,40897486.0,Larecaja,Teoponte,7109.0,9349.0,13379.0,7310.0,6069.0,3056.8417669482023
1278,Gobierno Autónomo Municipal de San Andrés de Machaca,La Paz,municipal,GAM,7853726.0,Ingavi,La (Marka) San Andrés de Machaca,6299.0,6145.0,7936.0,4046.0,3890.0,989.6328125
1279,Gobierno Autónomo Municipal de Jesús de Machaca,La Paz,municipal,GAM,25394213.0,Ingavi,Jesús de Machaka,13247.0,15039.0,17016.0,8536.0,8480.0,1492.372649271274
1280,Gobierno Autónomo Municipal de Taraco,La Paz,municipal,GAM,10836830.0,Ingavi,Taraco,5922.0,6603.0,7540.0,3626.0,3914.0,1437.2453580901856
1281,Gobierno Autónomo Municipal de Huarina,La Paz,municipal,GAM,10914396.0,Omasuyos,Huarina,8290.0,7948.0,8679.0,4076.0,4603.0,1257.5637746284135
1282,Gobierno Autónomo Municipal de Santiago de Huata,La Paz,municipal,GAM,10133057.0,Omasuyos,Santiago de Huata,7857.0,8562.0,9287.0,4612.0,4675.0,1091.1012167546032
1283,Gobierno Autónomo Municipal de Escoma,La Paz,municipal,GAM,8340439.0,Camacho,Escoma,7241.0,7186.0,8837.0,4461.0,4376.0,943.8088717890687
1284,Gobierno Autónomo Municipal de Humanata,La Paz,municipal,GAM,5501945.0,Camacho,Humanata,5599.0,5342.0,5658.0,2925.0,2733.0,972.4186991869918
1285,Gobierno Autónomo Municipal de Alto Beni,La Paz,municipal,GAM,10227654.0,Caranavi,Alto Beni,8093.0,11194.0,10585.0,5749.0,4836.0,966.2403401039206
1286,Gobierno Autónomo Municipal de Huatajata,La Paz,municipal,GAM,6951578.0,Omasuyos,Huatajata,2809.0,3927.0,5118.0,2604.0,2514.0,1358.2606486908949
1287,Gobierno Autónomo Municipal de Chua Cocani,La Paz,municipal,GAM,7448504.0,Omasuyos,Chua Cocani,5540.0,5003.0,7226.0,3646.0,3580.0,1030.7921394962634
1301,Gobierno Autónomo Municipal de Cochabamba,Cochabamba,municipal,GAM,1632368430.0,Cercado,Cochabamba,517024.0,632013.0,665505.0,319373.0,346132.0,2452.8266955169383
1302,Gobierno Autónomo Municipal de Quillacollo,Cochabamba,municipal,GAM,315423173.0,Quillacollo,Quillacollo,104206.0,137182.0,166741.0,80383.0,86358.0,1891.6953418775227
1303,Gobierno Autónomo Municipal de Sipe Sipe,Cochabamba,municipal,GAM,70839127.0,Quillacollo,Sipesipe,31337.0,41571.0,55908.0,26687.0,29221.0,1267.066019174358
1304,Gobierno Autónomo Municipal de Tiquipaya,Cochabamba,municipal,GAM,128326653.0,Quillacollo,Tiquipaya,37791.0,53904.0,61840.0,29805.0,32035.0,2075.139925614489
1305,Gobierno Autónomo Municipal de Vinto,Cochabamba,municipal,GAM,81379151.0,Quillacollo,Vinto,31489.0,51968.0,56064.0,26947.0,29117.0,1451.5402218892693
1306,Gobierno Autónomo Municipal de Colcapirhua,Cochabamba,municipal,GAM,136788496.0,Quillacollo,Colcapirhua,41980.0,51990.0,66505.0,32204.0,34301.0,2056.815216900985
1307,Gobierno Autónomo Municipal de Aiquile,Cochabamba,municipal,GAM,25748151.0,Campero,Aiquile,26281.0,23267.0,23123.0,11513.0,11610.0,1113.5298620421227
1308,Gobierno Autónomo Municipal de Pasorapa,Cochabamba,municipal,GAM,6595000.0,Campero,Pasorapa,4659.0,6853.0,6475.0,3504.0,2971.0,1018.5328185328185
1309,Gobierno Autónomo Municipal de Omereque,Cochabamba,municipal,GAM,8441040.0,Campero,Omereque,6071.0,5643.0,6700.0,3422.0,3278.0,1259.8567164179105
1310,Gobierno Autónomo Municipal de Independencia,Cochabamba,municipal,GAM,25066704.0,Ayopaya,Ayopaya,26825.0,23658.0,21815.0,11551.0,10264.0,1149.0581709832684
1311,Gobierno Autónomo Municipal de Morochata,Cochabamba,municipal,GAM,24730065.0,Ayopaya,Morochata,17073.0,12797.0,14720.0,7552.0,7168.0,1680.031589673913
1312,Gobierno Autónomo Municipal de Sacaba,Cochabamba,municipal,GAM,330508349.0,Chapare,Sacaba,117100.0,172466.0,219092.0,106199.0,112893.0,1508.5368201486133
1313,Gobierno Autónomo Municipal de Colomi,Cochabamba,municipal,GAM,20489492.0,Chapare,Colomi,17372.0,19285.0,21846.0,11140.0,10706.0,937.9058866611737
1314,Gobierno Autónomo Municipal de Villa Tunari,Cochabamba,municipal,GAM,106261435.0,Chapare,Villa Tunari,52886.0,71386.0,93747.0,50362.0,43385.0,1133.4915783971753
1315,Gobierno Autónomo Municipal de Punata,Cochabamba,municipal,GAM,62651031.0,Punata,Punata,26140.0,28887.0,35248.0,16528.0,18720.0,1777.4350601452566
1316,Gobierno Autónomo Municipal de Villa Rivero,Cochabamba,municipal,GAM,8682894.0,Punata,Villa Rivero,5857.0,8135.0,8599.0,4197.0,4402.0,1009.7562507268287
1317,Gobierno Autónomo Municipal de San Benito (Villa José Quintín Mendoza),Cochabamba,municipal,GAM,25297045.0,Punata,San Benito,12720.0,13562.0,13054.0,6370.0,6684.0,1937.8768959705837
1318,Gobierno Autónomo Municipal de Tacachi,Cochabamba,municipal,GAM,1363498.0,Punata,Tacachi,1076.0,1303.0,1287.0,645.0,642.0,1059.4390054390055
1319,Gobierno Autónomo Municipal Villa Gualberto Villarroel,Cochabamba,municipal,GAM,4771498.0,Punata,Villa Gualberto Villarroel,1942.0,2768.0,3822.0,1901.0,1921.0,1248.4296180010465
1320,Gobierno Autónomo Municipal de Tarata,Cochabamba,municipal,GAM,11827815.0,Esteban Arze,Tarata,8715.0,8242.0,11273.0,5617.0,5656.0,1049.2162689612348
1321,Gobierno Autónomo Municipal de Anzaldo,Cochabamba,municipal,GAM,7446837.0,Esteban Arze,Anzaldo,9126.0,7192.0,7335.0,3603.0,3732.0,1015.2470347648261
1322,Gobierno Autónomo Municipal de Arbieto,Cochabamba,municipal,GAM,35523205.0,Esteban Arze,Arbieto,9438.0,17445.0,29375.0,14187.0,15188.0,1209.3005957446808
1323,Gobierno Autónomo Municipal de Sacabamba,Cochabamba,municipal,GAM,4648017.0,Esteban Arze,Sacabamba,4718.0,4366.0,4987.0,2516.0,2471.0,932.0266693402847
1324,Gobierno Autónomo Municipal de Cliza,Cochabamba,municipal,GAM,36582558.0,Germán Jordán,Cliza,19747.0,21899.0,21155.0,10373.0,10782.0,1729.2629638383362
1325,Gobierno Autónomo Municipal de Toco,Cochabamba,municipal,GAM,10016954.0,Germán Jordán,Toco,6705.0,7057.0,7382.0,3740.0,3642.0,1356.9431048496342
1326,Gobierno Autónomo Municipal de Tolata,Cochabamba,municipal,GAM,15289728.0,Germán Jordán,Tolata,5316.0,5542.0,8687.0,4598.0,4089.0,1760.0699896396916
1327,Gobierno Autónomo Municipal de Capinota,Cochabamba,municipal,GAM,21527872.0,Capinota,Capinota,16945.0,19477.0,19427.0,9365.0,10062.0,1108.1418644155042
1328,Gobierno Autónomo Municipal de Santivañez,Cochabamba,municipal,GAM,11361634.0,Capinota,Santiváñez,6402.0,6527.0,7940.0,3966.0,3974.0,1430.9362720403024
1329,Gobierno Autónomo Municipal de Sicaya,Cochabamba,municipal,GAM,4373205.0,Capinota,Sicaya,2235.0,3740.0,3980.0,2071.0,1909.0,1098.7952261306532
1330,Gobierno Autónomo Municipal de Tapacari,Cochabamba,municipal,GAM,23450715.0,Tapacarí,Tapacarí,25919.0,24625.0,24666.0,12900.0,11766.0,950.7303575772319
1331,Gobierno Autónomo Municipal de Totora,Cochabamba,municipal,GAM,19686463.0,Carrasco,Totora,12927.0,14665.0,14821.0,7823.0,6998.0,1328.2816948923823
1332,Gobierno Autónomo Municipal de Pojo,Cochabamba,municipal,GAM,14766564.0,Carrasco,Pojo,11515.0,10156.0,11865.0,6159.0,5706.0,1244.5481668773705
1333,Gobierno Autónomo Municipal de Pocona,Cochabamba,municipal,GAM,11603755.0,Carrasco,Pocona,13488.0,10750.0,12258.0,6199.0,6059.0,946.6271006689509
1334,Gobierno Autónomo Municipal de Chimoré,Cochabamba,municipal,GAM,37932967.0,Carrasco,Chimoré,14834.0,21736.0,27521.0,14637.0,12884.0,1378.3280767413976
1335,Gobierno Autónomo Municipal de Puerto Villarroel,Cochabamba,municipal,GAM,89805237.0,Carrasco,Puerto Villarroel,40790.0,46627.0,64595.0,33538.0,31057.0,1390.2815542998685
1336,Gobierno Autónomo Municipal de Arani,Cochabamba,municipal,GAM,14051831.0,Arani,Arani,11542.0,9504.0,11183.0,5392.0,5791.0,1256.5350084950371
1337,Gobierno Autónomo Municipal de Vacas,Cochabamba,municipal,GAM,9168031.0,Arani,Vacas,12511.0,8940.0,8409.0,4114.0,4295.0,1090.2641217742894
1338,Gobierno Autónomo Municipal de Arque,Cochabamba,municipal,GAM,13660801.0,Arque,Arque,11806.0,10597.0,10632.0,5559.0,5073.0,1284.8759405568096
1339,Gobierno Autónomo Municipal de Tacopaya,Cochabamba,municipal,GAM,10749066.0,Arque,Tacopaya,11658.0,10253.0,10750.0,5726.0,5024.0,999.9131162790698
1340,Gobierno Autónomo Municipal de Bolivar,Cochabamba,municipal,GAM,7855912.0,Bolívar,Bolívar,8635.0,7279.0,8282.0,4585.0,3697.0,948.5525235450374
1341,Gobierno Autónomo Municipal de Tiraque,Cochabamba,municipal,GAM,18867960.0,Tiraque,Tiraque,20772.0,21231.0,18475.0,9200.0,9275.0,1021.2698240866035
1342,Gobierno Autónomo Municipal de Mizque,Cochabamba,municipal,GAM,26652742.0,Mizque,Mizque,21372.0,19864.0,19896.0,9952.0,9944.0,1339.6030357860877
1343,Gobierno Autónomo Municipal de Vila Vila,Cochabamba,municipal,GAM,5177409.0,Mizque,Vila Vila,4591.0,5459.0,5244.0,2643.0,2601.0,987.3014874141876
1344,Gobierno Autónomo Municipal de Alalay,Cochabamba,municipal,GAM,3528141.0,Mizque,Alalay,4931.0,3447.0,3512.0,1860.0,1652.0,1004.5959567198178
1345,Gobierno Autónomo Municipal de Entre Rios,Cochabamba,municipal,GAM,59456897.0,Carrasco,Entre Ríos,22187.0,31550.0,45780.0,23681.0,22099.0,1298.7526649191786
1346,Gobierno Autónomo Municipal de Cocapata,Cochabamba,municipal,GAM,26506372.0,Ayopaya,Cocapata,17061.0,18076.0,19608.0,10671.0,8937.0,1351.8141574867402
1347,Gobierno Autónomo Municipal de Shinahota,Cochabamba,municipal,GAM,30585034.0,Tiraque,Shinahota,14709.0,20841.0,27172.0,14200.0,12972.0,1125.6084940379803
1401,Gobierno Autónomo Municipal de Oruro,Oruro,municipal,GAM,577774709.0,Cercado,Oruro,201504.0,264943.0,298350.0,142260.0,156090.0,1936.5668141444612
1402,Gobierno Autónomo Municipal de Caracollo,Oruro,municipal,GAM,32785074.0,Cercado,Caracollo,20619.0,23115.0,22850.0,11464.0,11386.0,1434.7953610503282
1403,Gobierno Autónomo Municipal de El Choro,Oruro,municipal,GAM,11860727.0,Cercado,El Choro,5710.0,8725.0,9997.0,5118.0,4879.0,1186.4286285885767
1404,Gobierno Autónomo Municipal de Challapata,Oruro,municipal,GAM,47320012.0,Abaroa,Challapata,24370.0,28918.0,35427.0,18417.0,17010.0,1335.704744968527
1405,Gobierno Autónomo Municipal de Santuario de Quillacas,Oruro,municipal,GAM,11289263.0,Abaroa,Santuario de Quillacas,3305.0,4051.0,5161.0,2665.0,2496.0,2187.417748498353
1406,Gobierno Autónomo Municipal de Huanuni,Oruro,municipal,GAM,30838958.0,Pantaleón Dalence,Huanuni,19428.0,24677.0,20118.0,10232.0,9886.0,1532.903767770156
1407,Gobierno Autónomo Municipal de Machacamarca,Oruro,municipal,GAM,8232802.0,Pantaleón Dalence,Machacamarca,4180.0,4820.0,6120.0,3069.0,3051.0,1345.2290849673202
1408,Gobierno Autónomo Municipal de Poopó (Villa Poopó),Oruro,municipal,GAM,15738980.0,Poopó,Poopó,6163.0,7587.0,9189.0,4726.0,4463.0,1712.8066166068124
1409,Gobierno Autónomo Municipal de Pazña,Oruro,municipal,GAM,7223015.0,Poopó,Pazña,5469.0,5955.0,4251.0,2177.0,2074.0,1699.1331451423196
1410,Gobierno Autónomo Municipal de Antequera,Oruro,municipal,GAM,10684771.0,Poopó,Antequera,3352.0,3264.0,3666.0,1898.0,1768.0,2914.5583742498634
1411,Gobierno Autónomo Municipal de Eucaliptus,Oruro,municipal,GAM,10377993.0,Tomás Barrón,Eucaliptus,5424.0,5267.0,5335.0,2762.0,2573.0,1945.2657919400187
1412,Gobierno Autónomo Municipal de Santiago de Huari,Oruro,municipal,GAM,17800567.0,Sebastián Pagador,Santiago de Huari,10221.0,13283.0,13502.0,7249.0,6253.0,1318.365205154792
1413,Gobierno Autónomo Municipal de Totora,Oruro,municipal,GAM,9667747.0,San Pedro de Totora,Totora,4941.0,5531.0,6637.0,3502.0,3135.0,1456.6441163176135
1414,Gobierno Autónomo Municipal de Corque,Oruro,municipal,GAM,17924466.0,Carangas,Corque,8548.0,9221.0,16101.0,8170.0,7931.0,1113.251723495435
1415,Gobierno Autónomo Municipal de Choquecota,Oruro,municipal,GAM,3413990.0,Carangas,Choquecota,1615.0,1850.0,2504.0,1295.0,1209.0,1363.414536741214
1416,Gobierno Autónomo Municipal de Curahuara de Carangas,Oruro,municipal,GAM,7523030.0,Sajama,Curahuara de Carangas,5278.0,4184.0,6683.0,3472.0,3211.0,1125.696543468502
1417,Gobierno Autónomo Municipal de Turco,Oruro,municipal,GAM,9552263.0,Sajama,Turco,4160.0,5207.0,5803.0,3028.0,2775.0,1646.090470446321
1418,Gobierno Autónomo Municipal de Huachacalla,Oruro,municipal,GAM,4567457.0,Litoral,Huachacalla,1650.0,1003.0,4011.0,2074.0,1937.0,1138.7327349788084
1419,Gobierno Autónomo Municipal de Escara,Oruro,municipal,GAM,6934522.0,Litoral,Escara,863.0,4223.0,4231.0,2234.0,1997.0,1638.9794374852281
1420,Gobierno Autónomo Municipal de Cruz de Machacamarca,Oruro,municipal,GAM,3013700.0,Litoral,Cruz de Machacamarca,869.0,1967.0,1517.0,778.0,739.0,1986.618325642716
1421,Gobierno Autónomo Municipal de Yunguyo de Litoral,Oruro,municipal,GAM,1303623.0,Litoral,Yunguyo del Litoral,221.0,514.0,875.0,444.0,431.0,1489.854857142857
1422,Gobierno Autónomo Municipal de Esmeralda,Oruro,municipal,GAM,4910318.0,Litoral,Esmeralda,952.0,2702.0,3882.0,1911.0,1971.0,1264.8938691396188
1423,Gobierno Autónomo Municipal de Toledo,Oruro,municipal,GAM,13414809.0,Saucarí,Toledo,7763.0,10149.0,12202.0,6236.0,5966.0,1099.3942796262909
1424,Gobierno Autónomo Municipal de Andamarca (Santiago de Andamarca),Oruro,municipal,GAM,7118340.0,Sur Carangas,Andamarca,4588.0,5216.0,6311.0,3282.0,3029.0,1127.925843764855
1425,Gobierno Autónomo Municipal de Belén de Andamarca,Oruro,municipal,GAM,3363289.0,Sur Carangas,Belén de Andamarca,1548.0,2016.0,3061.0,1569.0,1492.0,1098.7549820320157
1427,Gobierno Autónomo Municipal de Pampa Aullagas,Oruro,municipal,GAM,5151173.0,Ladislao Cabrera,Pampa Aullagas,2975.0,2973.0,3197.0,1661.0,1536.0,1611.2521113543949
1428,Gobierno Autónomo Municipal de La Rivera,Oruro,municipal,GAM,2918255.0,Mejillones,La Rivera,390.0,509.0,1262.0,616.0,646.0,2312.404912836767
1429,Gobierno Autónomo Municipal de Todos Santos,Oruro,municipal,GAM,1632674.0,Mejillones,Todos Santos,387.0,727.0,1140.0,607.0,533.0,1432.1701754385965
1430,Gobierno Autónomo Municipal de Carangas,Oruro,municipal,GAM,5366864.0,Mejillones,Carangas,353.0,840.0,1129.0,575.0,554.0,4753.643932683791
1431,Gobierno Autónomo Municipal de Sabaya,Oruro,municipal,GAM,17685181.0,Sabaya,Sabaya,4684.0,8018.0,15504.0,7988.0,7516.0,1140.6850490196077
1432,Gobierno Autónomo Municipal de Coipasa,Oruro,municipal,GAM,3541469.0,Sabaya,Coipasa,616.0,903.0,1406.0,739.0,667.0,2518.825746799431
1434,Gobierno Autónomo Municipal de Huayllamarca (Santiago de Huayllamarca),Oruro,municipal,GAM,11517896.0,Nor Carangas,Santiago de Huayllamarca,5790.0,5502.0,5996.0,3188.0,2808.0,1920.9299533022015
1435,Gobierno Autónomo Municipal de Soracachi,Oruro,municipal,GAM,27060543.0,Cercado,Paria,13978.0,12846.0,15764.0,8057.0,7707.0,1716.6038442019792
1501,Gobierno Autónomo Municipal de Potosí,Potosí,municipal,GAM,393195227.0,Tomás Frías,Potosí,145057.0,191302.0,218702.0,104539.0,114163.0,1797.8583963566862
1502,Gobierno Autónomo Municipal de Tinguipaya,Potosí,municipal,GAM,39168376.0,Tomás Frías,Tinguipaya,21794.0,27200.0,28942.0,16216.0,12726.0,1353.340335844102
1503,Gobierno Autónomo Municipal de Yocalla,Potosí,municipal,GAM,13179641.0,Tomás Frías,Yocalla,8046.0,8979.0,12253.0,6276.0,5977.0,1075.625642699747
1504,Gobierno Autónomo Municipal de Urmiri,Potosí,municipal,GAM,4488097.0,Tomás Frías,Urmiri,2025.0,2759.0,3121.0,1852.0,1269.0,1438.031720602371
1505,Gobierno Autónomo Municipal de Uncía,Potosí,municipal,GAM,42020650.0,Rafael Bustillo,Uncía,18704.0,22020.0,22768.0,11672.0,11096.0,1845.601282501757
1506,Gobierno Autónomo Municipal de Chayanta,Potosí,municipal,GAM,18383004.0,Rafael Bustillo,Chayanta,14165.0,16129.0,16021.0,8334.0,7687.0,1147.4317458335934
1507,Gobierno Autónomo Municipal de Llallagua,Potosí,municipal,GAM,60503562.0,Rafael Bustillo,Llallagua,36909.0,41104.0,41686.0,19749.0,21937.0,1451.412032816773
1508,Gobierno Autónomo Municipal de Betanzos,Potosí,municipal,GAM,33608920.0,Cornelio Saavedra,Betanzos,36308.0,33922.0,31904.0,15953.0,15951.0,1053.4390672016048
1509,Gobierno Autónomo Municipal de Chaqui,Potosí,municipal,GAM,9515621.0,Cornelio Saavedra,Chaquí,9644.0,9910.0,9285.0,4585.0,4700.0,1024.8380183091008
1510,Gobierno Autónomo Municipal de Tacobamba,Potosí,municipal,GAM,16412622.0,Cornelio Saavedra,Tacobamba,12754.0,11835.0,14366.0,7839.0,6527.0,1142.4628985103718
1511,Gobierno Autónomo Municipal de Colquechaca,Potosí,municipal,GAM,29450067.0,Chayanta,Colquechaca,13816.0,15260.0,16363.0,9160.0,7203.0,1799.7963087453402
1512,Gobierno Autónomo Municipal de Ravelo,Potosí,municipal,GAM,18645113.0,Chayanta,Ravelo,20536.0,21213.0,16909.0,8930.0,7979.0,1102.6739014725886
1513,Gobierno Autónomo Municipal de Pocoata,Potosí,municipal,GAM,37323341.0,Chayanta,Pocoata,20116.0,26330.0,32641.0,16977.0,15664.0,1143.4496798504947
1514,Gobierno Autónomo Municipal de Ocurí,Potosí,municipal,GAM,14867447.0,Chayanta,Ocurí,18516.0,16118.0,14532.0,8250.0,6282.0,1023.0833333333334
1515,Gobierno Autónomo Municipal de San Pedro de Buena Vista,Potosí,municipal,GAM,48207623.0,Charcas,San Pedro,27639.0,30012.0,28416.0,15059.0,13357.0,1696.4957418355855
1516,Gobierno Autónomo Municipal de Toro Toro,Potosí,municipal,GAM,14595571.0,Charcas,Toro Toro,10535.0,10870.0,10714.0,5511.0,5203.0,1362.2896210565616
1517,Gobierno Autónomo Municipal de Cotagaita,Potosí,municipal,GAM,41484146.0,Nor Chichas,Cotagaita,24025.0,31801.0,29221.0,14451.0,14770.0,1419.6689367235892
1518,Gobierno Autónomo Municipal de Vitichi,Potosí,municipal,GAM,10592641.0,Nor Chichas,Vitichi,11298.0,10646.0,10184.0,4886.0,5298.0,1040.1257855459544
1519,Gobierno Autónomo Municipal de Tupiza,Potosí,municipal,GAM,64026962.0,Sur Chichas,Tupiza,38337.0,44814.0,45590.0,22111.0,23479.0,1404.4080280763326
1520,Gobierno Autónomo Municipal de Atocha,Potosí,municipal,GAM,21445708.0,Sur Chichas,Atocha,9536.0,11234.0,9610.0,4996.0,4614.0,2231.6033298647244
1521,"Gobierno Autónomo Municipal de Colcha""K"" (Villa Martín)",Potosí,municipal,GAM,84434720.0,Nor Lípez,"Colcha ""K""",9645.0,12997.0,12740.0,6923.0,5817.0,6627.529042386185
1522,Gobierno Autónomo Municipal de San Pedro de Quemes,Potosí,municipal,GAM,5985878.0,Nor Lípez,San Pedro de Quemes,815.0,1060.0,1621.0,876.0,745.0,3692.706971005552
1523,Gobierno Autónomo Municipal de San Pablo de Lípez,Potosí,municipal,GAM,3842453.0,Sur Lípez,San Pablo,2523.0,3371.0,3150.0,1650.0,1500.0,1219.8263492063493
1524,Gobierno Autónomo Municipal de Mojinete,Potosí,municipal,GAM,1237707.0,Sur Lípez,Mojinete,716.0,1180.0,1025.0,516.0,509.0,1207.5190243902439
1525,Gobierno Autónomo Municipal de San Antonio de Esmoruco,Potosí,municipal,GAM,2254656.0,Sur Lípez,San Antonio de Esmoruco,1666.0,2284.0,1936.0,968.0,968.0,1164.595041322314
1526,Gobierno Autónomo Municipal de Sacaca (Villa de Sacaca),Potosí,municipal,GAM,18065632.0,Alonso de Ibáñez,Sacaca,18725.0,19611.0,17205.0,9169.0,8036.0,1050.0222028480093
1527,Gobierno Autónomo Municipal de Caripuyo,Potosí,municipal,GAM,8798383.0,Alonso de Ibáñez,Caripuyo,9030.0,8704.0,8458.0,4656.0,3802.0,1040.2439110900923
1528,Gobierno Autónomo Municipal de Puna (Villa Talavera),Potosí,municipal,GAM,17396501.0,José María Linares,Puna,23612.0,21917.0,16389.0,7911.0,8478.0,1061.4742205137593
1529,"Gobierno Autónomo Municipal de Caiza ""D""",Potosí,municipal,GAM,14303070.0,José María Linares,"Caiza ""D""",10914.0,12067.0,12999.0,6463.0,6536.0,1100.3207939072236
1530,Gobierno Autónomo Municipal de Uyuni,Potosí,municipal,GAM,61108753.0,Antonio Quijarro,Uyuni,18705.0,29672.0,35318.0,17133.0,18185.0,1730.2438699813126
1531,Gobierno Autónomo Municipal de Tomave,Potosí,municipal,GAM,8885091.0,Antonio Quijarro,Tomave,7970.0,8854.0,7845.0,3902.0,3943.0,1132.5801147227533
1532,Gobierno Autónomo Municipal de Porco,Potosí,municipal,GAM,29845352.0,Antonio Quijarro,Porco,5959.0,10866.0,14654.0,7978.0,6676.0,2036.6693053091306
1533,Gobierno Autónomo Municipal de Arampampa,Potosí,municipal,GAM,3773629.0,General Bernardino Bilbao,Arampampa,4859.0,4170.0,3666.0,1930.0,1736.0,1029.3587015821058
1534,Gobierno Autónomo Municipal de Acasio,Potosí,municipal,GAM,4636348.0,General Bernardino Bilbao,Acasio,5764.0,6161.0,4471.0,2193.0,2278.0,1036.9823305748155
1535,Gobierno Autónomo Municipal de Llica,Potosí,municipal,GAM,5316867.0,Daniel Campos,Llica,2901.0,4150.0,4187.0,2142.0,2045.0,1269.8512061141628
1536,Gobierno Autónomo Municipal de Tahua,Potosí,municipal,GAM,1620696.0,Daniel Campos,Tahua,2166.0,1700.0,1546.0,803.0,743.0,1048.3156532988357
1537,Gobierno Autónomo Municipal de Villazón,Potosí,municipal,GAM,72813971.0,Modesto Omiste,Villazón,36266.0,44906.0,49340.0,23609.0,25731.0,1475.7594446696392
1538,Gobierno Autónomo Municipal de San Agustín,Potosí,municipal,GAM,2290357.0,Enrique Baldivieso,San Agustín,1640.0,1684.0,2126.0,1057.0,1069.0,1077.3080903104421
1539,Gobierno Autónomo Municipal de Ckochas,Potosí,municipal,GAM,14798435.0,José María Linares,Ckochas,16886.0,15812.0,14338.0,7403.0,6935.0,1032.1129167247873
1540,Gobierno Autónomo Municipal de Chuquihuta Ayllu Jucumani,Potosí,municipal,GAM,8518166.0,Rafael Bustillo,Chuquihuta Ayllu Jucumani,6476.0,8019.0,8220.0,4489.0,3731.0,1036.2732360097323
1541,Gobierno Autónomo Municipal de San Pedro de Macha,Potosí,municipal,GAM,23743424.0,Chayanta,San Pedro de Macha,17221.0,19939.0,21011.0,11569.0,9442.0,1130.0473085526628
1601,Gobierno Autónomo Municipal de Tarija,Tarija,municipal,GAM,567296182.0,Cercado,Tarija,153457.0,205375.0,238749.0,116148.0,122601.0,2376.119615160692
1602,Gobierno Autónomo Municipal de Padcaya,Tarija,municipal,GAM,38045325.0,Arce,Padcaya,19260.0,18681.0,17817.0,9173.0,8644.0,2135.338440814952
1603,Gobierno Autónomo Municipal de Bermejo,Tarija,municipal,GAM,92477448.0,Arce,Bermejo,33310.0,34505.0,36970.0,18312.0,18658.0,2501.4186637814446
1604,Gobierno Autónomo Municipal de Yacuiba,Tarija,municipal,GAM,194028218.0,Gran Chaco,Yacuiba,83518.0,92245.0,97634.0,48721.0,48913.0,1987.3017391482476
1605,Gobierno Autónomo Municipal de Caraparí,Tarija,municipal,GAM,51198627.0,Gran Chaco,Caraparí,9035.0,15366.0,15559.0,8061.0,7498.0,3290.611671701266
1606,Gobierno Autónomo Municipal de Villamontes,Tarija,municipal,GAM,93009878.0,Gran Chaco,Villa Montes,23765.0,39867.0,46071.0,23557.0,22514.0,2018.8378372511993
1607,Gobierno Autónomo Municipal de Uriondo (Concepción),Tarija,municipal,GAM,33139396.0,Avilez,Uriondo,12331.0,14781.0,15923.0,7813.0,8110.0,2081.228160522515
1608,Gobierno Autónomo Municipal de Yunchara,Tarija,municipal,GAM,9529971.0,Avilez,Yunchará,5173.0,5490.0,4754.0,2338.0,2416.0,2004.6215818258308
1609,Gobierno Autónomo Municipal de San Lorenzo,Tarija,municipal,GAM,44450081.0,Méndez,San Lorenzo,21375.0,23863.0,30346.0,14954.0,15392.0,1464.7756211691822
1610,Gobierno Autónomo Municipal de El Puente,Tarija,municipal,GAM,22257153.0,Méndez,El Puente,10663.0,11354.0,9523.0,4691.0,4832.0,2337.199726976793
1611,Gobierno Autónomo Municipal de Entre Ríos,Tarija,municipal,GAM,33960713.0,O'Connor,Entre Ríos,19339.0,21991.0,20864.0,10728.0,10136.0,1627.7182227760736
1701,Gobierno Autónomo Municipal de Santa Cruz de La Sierra,Santa Cruz,municipal,GAM,4791974704.0,Andrés Ibáñez,Santa Cruz de la Sierra,1131778.0,1444425.0,1610982.0,799830.0,811152.0,2974.5675023060467
1702,Gobierno Autónomo Municipal de Cotoca,Santa Cruz,municipal,GAM,175825894.0,Andrés Ibáñez,Cotoca,36425.0,55633.0,106603.0,54479.0,52124.0,1649.3522133523447
1703,Gobierno Autónomo Municipal de Porongo (Ayacucho),Santa Cruz,municipal,GAM,159088092.0,Andrés Ibáñez,Porongo,11085.0,15317.0,23126.0,11983.0,11143.0,6879.187581077575
1704,Gobierno Autónomo Municipal de La Guardia,Santa Cruz,municipal,GAM,257239659.0,Andrés Ibáñez,La Guardia,39552.0,89284.0,147726.0,73823.0,73903.0,1741.3296169936234
1705,Gobierno Autónomo Municipal de El Torno,Santa Cruz,municipal,GAM,91566756.0,Andrés Ibáñez,El Torno,37961.0,49652.0,55697.0,28264.0,27433.0,1644.015943408083
1706,Gobierno Autónomo Municipal de Warnes,Santa Cruz,municipal,GAM,359415375.0,Warnes,Warnes,45318.0,96406.0,151248.0,76819.0,74429.0,2376.3314225642653
1707,Gobierno Autónomo Municipal de San Ignacio (San Ignacio de Velasco),Santa Cruz,municipal,GAM,77924456.0,Velasco,San Ignacio,41412.0,52362.0,67103.0,35121.0,31982.0,1161.2663517279407
1708,Gobierno Autónomo Municipal de San Miguel (San Miguel de Velasco),Santa Cruz,municipal,GAM,21771696.0,Velasco,San Miguel,10273.0,11327.0,15239.0,8164.0,7075.0,1428.6827219633835
1709,Gobierno Autónomo Municipal de San Rafael,Santa Cruz,municipal,GAM,14731530.0,Velasco,San Rafael,5017.0,6139.0,8842.0,4934.0,3908.0,1666.0857272110381
1710,Gobierno Autónomo Municipal de Buena Vista,Santa Cruz,municipal,GAM,26553990.0,Ichilo,Buena Vista,13273.0,12879.0,13651.0,7381.0,6270.0,1945.2047469049887
1711,Gobierno Autónomo Municipal de San Carlos,Santa Cruz,municipal,GAM,25580506.0,Ichilo,San Carlos,16502.0,20093.0,18942.0,9807.0,9135.0,1350.4648928307465
1712,Gobierno Autónomo Municipal de Yapacaní,Santa Cruz,municipal,GAM,82374547.0,Ichilo,Yapacaní,31538.0,50558.0,57794.0,31127.0,26667.0,1425.3131293905942
1713,Gobierno Autónomo Municipal de San José,Santa Cruz,municipal,GAM,51078195.0,Chiquitos,San José,16599.0,28922.0,40974.0,21959.0,19015.0,1246.6001610777566
1714,Gobierno Autónomo Municipal de Pailón,Santa Cruz,municipal,GAM,85183116.0,Chiquitos,Pailón,28520.0,37866.0,54495.0,28647.0,25848.0,1563.136361134049
1715,Gobierno Autónomo Municipal de Roboré,Santa Cruz,municipal,GAM,20940824.0,Chiquitos,Roboré,15240.0,15641.0,18763.0,10024.0,8739.0,1116.0701380376272
1716,Gobierno Autónomo Municipal de Portachuelo,Santa Cruz,municipal,GAM,28807102.0,Sara,Portachuelo,16408.0,17885.0,20743.0,10641.0,10102.0,1388.7625705057128
1717,Gobierno Autónomo Municipal de Santa Rosa del Sara,Santa Cruz,municipal,GAM,20610729.0,Sara,Santa Rosa,15052.0,19217.0,17999.0,9776.0,8223.0,1145.1041168953832
1718,Gobierno Autónomo Municipal de Lagunillas,Santa Cruz,municipal,GAM,9443826.0,Cordillera,Lagunillas,5283.0,5366.0,5946.0,3083.0,2863.0,1588.2653884964682
1720,Gobierno Autónomo Municipal de Cabezas,Santa Cruz,municipal,GAM,35215475.0,Cordillera,Cabezas,22296.0,26434.0,32961.0,17494.0,15467.0,1068.398258547981
1721,Gobierno Autónomo Municipal de Cuevo,Santa Cruz,municipal,GAM,4926870.0,Cordillera,Cuevo,3406.0,5052.0,5335.0,2859.0,2476.0,923.4995313964387
1723,Gobierno Autónomo Municipal de Camiri,Santa Cruz,municipal,GAM,41500000.0,Cordillera,Camiri,30897.0,33838.0,32285.0,15739.0,16546.0,1285.4266687316092
1724,Gobierno Autónomo Municipal de Boyuibe,Santa Cruz,municipal,GAM,5737583.0,Cordillera,Boyuibe,4031.0,5087.0,5612.0,2980.0,2632.0,1022.377583749109
1725,Gobierno Autónomo Municipal de Vallegrande,Santa Cruz,municipal,GAM,31403432.0,Valle Grande,Vallegrande,16837.0,17208.0,17249.0,8787.0,8462.0,1820.5943532958433
1726,Gobierno Autónomo Municipal de Trigal,Santa Cruz,municipal,GAM,2451369.0,Valle Grande,Trigal,2133.0,2135.0,2359.0,1197.0,1162.0,1039.1559983043662
1727,Gobierno Autónomo Municipal de Moro Moro,Santa Cruz,municipal,GAM,4354001.0,Valle Grande,Moromoro,3366.0,2767.0,2793.0,1443.0,1350.0,1558.8976011457214
1728,Gobierno Autónomo Municipal de Postrer Valle,Santa Cruz,municipal,GAM,1757150.0,Valle Grande,Postrervalle,2545.0,2390.0,1806.0,993.0,813.0,972.9512735326689
1729,Gobierno Autónomo Municipal de Pucara,Santa Cruz,municipal,GAM,2055912.0,Valle Grande,Pucará,2548.0,2076.0,2015.0,1097.0,918.0,1020.3037220843672
1730,Gobierno Autónomo Municipal de Samaipata,Santa Cruz,municipal,GAM,19597083.0,Florida,Samaipata,9739.0,10472.0,11843.0,6247.0,5596.0,1654.7397618846576
1731,Gobierno Autónomo Municipal de Pampa Grande,Santa Cruz,municipal,GAM,11020084.0,Florida,Pampagrande,7933.0,9198.0,9692.0,4942.0,4750.0,1137.0288898060255
1732,Gobierno Autónomo Municipal de Mairana,Santa Cruz,municipal,GAM,15445949.0,Florida,Mairana,7747.0,10177.0,12735.0,6635.0,6100.0,1212.8738908519827
1733,Gobierno Autónomo Municipal de Quirusillas,Santa Cruz,municipal,GAM,3096414.0,Florida,Quirusillas,2028.0,2995.0,3086.0,1560.0,1526.0,1003.3745949449125
1734,Gobierno Autónomo Municipal de Montero,Santa Cruz,municipal,GAM,216889857.0,Obispo Santisteban,Montero,80341.0,109518.0,126886.0,63754.0,63132.0,1709.3285074791545
1735,Gobierno Autónomo Municipal de General Agustín Saavedra,Santa Cruz,municipal,GAM,28924415.0,Obispo Santisteban,General Saavedra,16592.0,14209.0,16598.0,8578.0,8020.0,1742.6445957344258
1736,Gobierno Autónomo Municipal de Mineros,Santa Cruz,municipal,GAM,33974300.0,Obispo Santisteban,Mineros,19846.0,23251.0,23110.0,11768.0,11342.0,1470.1125054089139
1737,Gobierno Autónomo Municipal de Concepción,Santa Cruz,municipal,GAM,40278991.0,Ñuflo de Chávez,Concepción,14522.0,18800.0,30118.0,16297.0,13821.0,1337.3727007105385
1738,Gobierno Autónomo Municipal de San Javier,Santa Cruz,municipal,GAM,19413631.0,Ñuflo de Chávez,San Javier,11316.0,13620.0,14888.0,7733.0,7155.0,1303.9784390112843
1739,Gobierno Autónomo Municipal de San Julián,Santa Cruz,municipal,GAM,105893072.0,Ñuflo de Chávez,San Julián,38027.0,47416.0,44909.0,22834.0,22075.0,2357.94767195885
1740,Gobierno Autónomo Municipal de San Matías,Santa Cruz,municipal,GAM,15400060.0,Ángel Sandoval,San Matías,13073.0,14470.0,15378.0,8051.0,7327.0,1001.4345168422421
1741,Gobierno Autónomo Municipal de Comarapa,Santa Cruz,municipal,GAM,24151388.0,Manuel María Caballero,Comarapa,14660.0,15919.0,17195.0,8813.0,8382.0,1404.5587670834545
1742,Gobierno Autónomo Municipal de Saipina,Santa Cruz,municipal,GAM,7443749.0,Manuel María Caballero,Saipina,5350.0,7390.0,6048.0,3111.0,2937.0,1230.7786044973545
1743,Gobierno Autónomo Municipal de Puerto Suárez,Santa Cruz,municipal,GAM,25197005.0,Germán Busch,Puerto Suárez,15209.0,19829.0,17417.0,9424.0,7993.0,1446.690302577941
1744,Gobierno Autónomo Municipal de Puerto Quijarro,Santa Cruz,municipal,GAM,45697585.0,Germán Busch,Puerto Quijarro,12903.0,16659.0,17974.0,9381.0,8593.0,2542.4271169467006
1745,Gobierno Autónomo Municipal de Ascención de Guarayos,Santa Cruz,municipal,GAM,41847791.0,Guarayos,Ascención de Guarayos,16984.0,27070.0,34079.0,18178.0,15901.0,1227.9641714839051
1746,Gobierno Autónomo Municipal de Urubicha,Santa Cruz,municipal,GAM,6477432.0,Guarayos,Urubichá,5960.0,7026.0,6555.0,3351.0,3204.0,988.166590389016
1747,Gobierno Autónomo Municipal de El Puente,Santa Cruz,municipal,GAM,20523153.0,Guarayos,El Puente,8633.0,14205.0,17290.0,9824.0,7466.0,1186.9955465587045
1748,Gobierno Autónomo Municipal de Okinawa Uno,Santa Cruz,municipal,GAM,13560292.0,Warnes,Okinawa Uno,11661.0,12482.0,10665.0,5502.0,5163.0,1271.4760431317393
1749,Gobierno Autónomo Municipal de San Antonio de Lomerio,Santa Cruz,municipal,GAM,6095105.0,Ñuflo de Chávez,San Antonio de Lomerio,6293.0,6481.0,6364.0,3271.0,3093.0,957.747485857951
1750,Gobierno Autónomo Municipal de San Ramón,Santa Cruz,municipal,GAM,20231199.0,Ñuflo de Chávez,San Ramón,5660.0,7490.0,8541.0,4523.0,4018.0,2368.7154899894626
1751,Gobierno Autónomo Municipal de El Carmen Rivero Tórrez,Santa Cruz,municipal,GAM,20922082.0,Germán Busch,El Carmen Rivero Tórrez,4894.0,6342.0,8816.0,4690.0,4126.0,2373.1944192377496
1752,Gobierno Autónomo Municipal de San Juan,Santa Cruz,municipal,GAM,18896749.0,Ichilo,San Juan,9131.0,9191.0,10200.0,5485.0,4715.0,1852.6224509803922
1753,Gobierno Autónomo Municipal de Fernández Alonso,Santa Cruz,municipal,GAM,19507502.0,Obispo Santisteban,Fernández Alonso,11363.0,15117.0,14610.0,8283.0,6327.0,1335.215742642026
1754,Gobierno Autónomo Municipal de San Pedro,Santa Cruz,municipal,GAM,20019625.0,Obispo Santisteban,San Pedro,14644.0,19103.0,15246.0,8358.0,6888.0,1313.1067165158074
1755,Gobierno Autónomo Municipal de Cuatro Cañadas,Santa Cruz,municipal,GAM,54863501.0,Ñuflo de Chávez,Cuatro Cañadas,17574.0,22845.0,25258.0,13007.0,12251.0,2172.1237231768155
1756,Gobierno Autónomo Municipal de Colpa Bélgica,Santa Cruz,municipal,GAM,26049039.0,Sara,Colpa Bélgica,6273.0,6069.0,6007.0,3111.0,2896.0,4336.447311469951
1801,Gobierno Autónomo Municipal de Trinidad,Beni,municipal,GAM,233143669.0,Cercado,Trinidad,79963.0,106596.0,128589.0,64655.0,63934.0,1813.0918585571083
1802,Gobierno Autónomo Municipal de San Javier,Beni,municipal,GAM,10934259.0,Cercado,San Javier,2690.0,5277.0,7913.0,4485.0,3428.0,1381.809553898648
1803,Gobierno Autónomo Municipal de Riberalta,Beni,municipal,GAM,161898609.0,Vaca Diez,Riberalta,75977.0,89022.0,110302.0,55544.0,54758.0,1467.7758245544053
1805,Gobierno Autónomo Municipal de Puerto Guayaramerín,Beni,municipal,GAM,57405738.0,Vaca Diez,Guayaramerín,40444.0,41814.0,42031.0,21563.0,20468.0,1365.7951987818515
1806,Gobierno Autónomo Municipal de Reyes,Beni,municipal,GAM,13754130.0,General José Ballivián,Reyes,11127.0,13246.0,11478.0,5999.0,5479.0,1198.3037114479876
1807,Gobierno Autónomo Municipal de Puerto Rurrenabaque,Beni,municipal,GAM,27712885.0,General José Ballivián,Puerto Menor de Rurrenabaque,13668.0,19195.0,21240.0,11005.0,10235.0,1304.7497645951037
1808,Gobierno Autónomo Municipal de San Borja,Beni,municipal,GAM,60852061.0,General José Ballivián,San Borja,34363.0,40864.0,45798.0,23472.0,22326.0,1328.7056421677803
1809,Gobierno Autónomo Municipal de Santa Rosa,Beni,municipal,GAM,16814311.0,General José Ballivián,Santa Rosa,9016.0,9478.0,11122.0,5846.0,5276.0,1511.8064197086856
1810,Gobierno Autónomo Municipal de Santa Ana,Beni,municipal,GAM,40087242.0,Yacuma,Santa Ana,21663.0,17069.0,18088.0,9371.0,8717.0,2216.234077841663
1811,Gobierno Autónomo Municipal de San Ignacio,Beni,municipal,GAM,30289005.0,Moxos,San Ignacio,19250.0,19252.0,21584.0,11305.0,10279.0,1403.308237583395
1812,Gobierno Autónomo Municipal de Loreto,Beni,municipal,GAM,4921799.0,Marbán,Loreto,3859.0,3828.0,4269.0,2247.0,2022.0,1152.9161396111501
1813,Gobierno Autónomo Municipal de San Andrés,Beni,municipal,GAM,18999033.0,Marbán,San Andrés,10595.0,12503.0,15570.0,8769.0,6801.0,1220.2333333333333
1814,Gobierno Autónomo Municipal de San Joaquín,Beni,municipal,GAM,9478989.0,Mamoré,San Joaquín,5452.0,6917.0,6808.0,3668.0,3140.0,1392.3309341950646
1815,Gobierno Autónomo Municipal de San Ramón,Beni,municipal,GAM,7378760.0,Mamoré,San Ramón,5927.0,4955.0,5489.0,2938.0,2551.0,1344.281289852432
1816,Gobierno Autónomo Municipal de Puerto Síles,Beni,municipal,GAM,1357064.0,Mamoré,Puerto Siles,1018.0,945.0,1091.0,599.0,492.0,1243.87167736022
1817,Gobierno Autónomo Municipal de Magdalena,Beni,municipal,GAM,27504517.0,Iténez,Magdalena,9908.0,11377.0,12785.0,6742.0,6043.0,2151.3114587407117
1818,Gobierno Autónomo Municipal de Baures,Beni,municipal,GAM,11125645.0,Iténez,Baures,5264.0,5965.0,7488.0,4309.0,3179.0,1485.796607905983
1819,Gobierno Autónomo Municipal de Huacaraje,Beni,municipal,GAM,5701760.0,Iténez,Huacaraje,3706.0,4111.0,4630.0,2527.0,2103.0,1231.4816414686825
1820,Gobierno Autónomo Municipal de Exaltación,Beni,municipal,GAM,12319645.0,Yacuma,Exaltación,6618.0,6362.0,8012.0,4413.0,3599.0,1537.6491512730904
1901,Gobierno Autónomo Municipal de Cobija,Pando,municipal,GAM,146104616.0,Nicolás Suárez,Cobija,22324.0,46267.0,55114.0,28121.0,26993.0,2650.9528613419457
1902,Gobierno Autónomo Municipal de Porvenir,Pando,municipal,GAM,19023658.0,Nicolás Suárez,Porvenir,3713.0,7948.0,9353.0,4654.0,4699.0,2033.9632203571048
1903,Gobierno Autónomo Municipal de Bolpebra,Pando,municipal,GAM,4903243.0,Nicolás Suárez,Bolpebra,1194.0,2173.0,2437.0,1394.0,1043.0,2011.9995896594173
1904,Gobierno Autónomo Municipal de Bella Flor,Pando,municipal,GAM,7706692.0,Nicolás Suárez,Bella Flor,2305.0,3909.0,3630.0,2107.0,1523.0,2123.05564738292
1905,Gobierno Autónomo Municipal de Puerto Rico,Pando,municipal,GAM,14377762.0,Manuripi,Puerto Rico,4003.0,6239.0,7367.0,4099.0,3268.0,1951.6440885027828
1906,Gobierno Autónomo Municipal de San Pedro,Pando,municipal,GAM,6312128.0,Manuripi,San Pedro,1082.0,2991.0,3518.0,1811.0,1707.0,1794.2376350198977
1907,Gobierno Autónomo Municipal de Filadelfia,Pando,municipal,GAM,15802755.0,Manuripi,Filadelfia,3145.0,5756.0,8045.0,4487.0,3558.0,1964.2952144188937
1908,Gobierno Autónomo Municipal de Puerto Gonzalo Moreno,Pando,municipal,GAM,23407860.0,Madre de Dios,Puerto Gonzalo Moreno,3810.0,8160.0,12431.0,6549.0,5882.0,1883.0230874426836
1909,Gobierno Autónomo Municipal de San Lorenzo,Pando,municipal,GAM,17803025.0,Madre de Dios,San Lorenzo,3471.0,7652.0,9832.0,5261.0,4571.0,1810.7226403580146
1910,Gobierno Autónomo Municipal de Sena,Pando,municipal,GAM,28703798.0,Madre de Dios,Sena,2240.0,8258.0,10522.0,5683.0,4839.0,2727.979281505417
1911,Gobierno Autónomo Municipal de Santa Rosa del Abuná,Pando,municipal,GAM,5683428.0,Abuná,Santa Rosa,2097.0,2395.0,2889.0,1647.0,1242.0,1967.2647975077882
1912,Gobierno Autónomo Municipal de Ingavi (Humaita),Pando,municipal,GAM,5060458.0,Abuná,Ingavi,899.0,1654.0,2600.0,1500.0,1100.0,1946.33
1913,Gobierno Autónomo Municipal de Nueva Esperanza,Pando,municipal,GAM,2799727.0,Federico Román,Nueva Esperanza,740.0,2068.0,1598.0,874.0,724.0,1752.0193992490613
1914,Gobierno Autónomo Municipal de Villa Nueva (Loma Alta),Pando,municipal,GAM,4971902.0,Federico Román,Villa Nueva,993.0,2801.0,2511.0,1346.0,1165.0,1980.0485862206292
1915,Gobierno Autónomo Municipal de Santos Mercado,Pando,municipal,GAM,4257745.0,Federico Román,Santos Mercado,509.0,2165.0,2347.0,1306.0,1041.0,1814.1222837665105
