codigo_entidad,nombre_entidad_sigep,departamento,key_sigep,municipio_ine_sugerido,poblacion_2024,score_aprox,municipio_ine_final
1104,Gobierno Autónomo Municipal de Villa Azurduy,Chuquisaca,villa azurduy,Azurduy,7903,0.7,
1104,Gobierno Autónomo Municipal de Villa Azurduy,Chuquisaca,villa azurduy,Villa Charcas,14282,0.6154,
1104,Gobierno Autónomo Municipal de Villa Azurduy,Chuquisaca,villa azurduy,Villa Abecia,5375,0.56,
1104,Gobierno Autónomo Municipal de Villa Azurduy,Chuquisaca,villa azurduy,El Villar,5654,0.5455,
1104,Gobierno Autónomo Municipal de Villa Azurduy,Chuquisaca,villa azurduy,Villa Serrano,9107,0.5385,
1104,Gobierno Autónomo Municipal de Villa Azurduy,Chuquisaca,villa azurduy,Villa Vaca Guzmán,13282,0.5333,
1104,Gobierno Autónomo Municipal de Villa Azurduy,Chuquisaca,villa azurduy,Padilla,9192,0.4,
1104,Gobierno Autónomo Municipal de Villa Azurduy,Chuquisaca,villa azurduy,Las Carreras,5016,0.4,
1106,Gobierno Autónomo Municipal de Villa Zudañez (Tacopaya),Chuquisaca,villa zudanez,Zudáñez,13694,0.7,
1106,Gobierno Autónomo Municipal de Villa Zudañez (Tacopaya),Chuquisaca,villa zudanez,Villa Abecia,5375,0.64,
1106,Gobierno Autónomo Municipal de Villa Zudañez (Tacopaya),Chuquisaca,villa zudanez,Villa Serrano,9107,0.6154,
1106,Gobierno Autónomo Municipal de Villa Zudañez (Tacopaya),Chuquisaca,villa zudanez,Villa Vaca Guzmán,13282,0.6,
1106,Gobierno Autónomo Municipal de Villa Zudañez (Tacopaya),Chuquisaca,villa zudanez,Villa Charcas,14282,0.5385,
1106,Gobierno Autónomo Municipal de Villa Zudañez (Tacopaya),Chuquisaca,villa zudanez,El Villar,5654,0.4545,
1106,Gobierno Autónomo Municipal de Villa Zudañez (Tacopaya),Chuquisaca,villa zudanez,Padilla,9192,0.4,
1106,Gobierno Autónomo Municipal de Villa Zudañez (Tacopaya),Chuquisaca,villa zudanez,Las Carreras,5016,0.4,
1108,Gobierno Autónomo Municipal de Villa Mojocoya,Chuquisaca,villa mojocoya,Mojocoya,9055,0.7273,
1108,Gobierno Autónomo Municipal de Villa Mojocoya,Chuquisaca,villa mojocoya,Villa Charcas,14282,0.5926,
1108,Gobierno Autónomo Municipal de Villa Mojocoya,Chuquisaca,villa mojocoya,Villa Abecia,5375,0.6154,
1108,Gobierno Autónomo Municipal de Villa Mojocoya,Chuquisaca,villa mojocoya,Villa Serrano,9107,0.5185,
1108,Gobierno Autónomo Municipal de Villa Mojocoya,Chuquisaca,villa mojocoya,Villa Vaca Guzmán,13282,0.5161,
1108,Gobierno Autónomo Municipal de Villa Mojocoya,Chuquisaca,villa mojocoya,El Villar,5654,0.4348,
1108,Gobierno Autónomo Municipal de Villa Mojocoya,Chuquisaca,villa mojocoya,Las Carreras,5016,0.3846,
1108,Gobierno Autónomo Municipal de Villa Mojocoya,Chuquisaca,villa mojocoya,Padilla,9192,0.381,
1113,Gobierno Autónomo Municipal de Villa Alcalá,Chuquisaca,villa alcala,Villa Abecia,5375,0.75,
1113,Gobierno Autónomo Municipal de Villa Alcalá,Chuquisaca,villa alcala,Villa Charcas,14282,0.72,
1113,Gobierno Autónomo Municipal de Villa Alcalá,Chuquisaca,villa alcala,Villa Vaca Guzmán,13282,0.6897,
1113,Gobierno Autónomo Municipal de Villa Alcalá,Chuquisaca,villa alcala,Alcalá,3768,0.6667,
1113,Gobierno Autónomo Municipal de Villa Alcalá,Chuquisaca,villa alcala,Villa Serrano,9107,0.56,
1113,Gobierno Autónomo Municipal de Villa Alcalá,Chuquisaca,villa alcala,Las Carreras,5016,0.5,
1113,Gobierno Autónomo Municipal de Villa Alcalá,Chuquisaca,villa alcala,San Lucas,26715,0.2857,
1113,Gobierno Autónomo Municipal de Villa Alcalá,Chuquisaca,villa alcala,El Villar,5654,0.4762,
1116,Gobierno Autónomo Municipal de San Pablo de Huacareta,Chuquisaca,san pablo de huacareta,Huacareta,7200,0.5806,
1116,Gobierno Autónomo Municipal de San Pablo de Huacareta,Chuquisaca,san pablo de huacareta,San Lucas,26715,0.5161,
1116,Gobierno Autónomo Municipal de San Pablo de Huacareta,Chuquisaca,san pablo de huacareta,Huacaya (Autonomía Guaraní Chaqueño de Huacaya),2547,0.4138,
1116,Gobierno Autónomo Municipal de San Pablo de Huacareta,Chuquisaca,san pablo de huacareta,Villa Abecia,5375,0.3529,
1116,Gobierno Autónomo Municipal de San Pablo de Huacareta,Chuquisaca,san pablo de huacareta,Las Carreras,5016,0.4118,
1116,Gobierno Autónomo Municipal de San Pablo de Huacareta,Chuquisaca,san pablo de huacareta,Macharetí,7235,0.3871,
1116,Gobierno Autónomo Municipal de San Pablo de Huacareta,Chuquisaca,san pablo de huacareta,Sucre,296746,0.3704,
1116,Gobierno Autónomo Municipal de San Pablo de Huacareta,Chuquisaca,san pablo de huacareta,Alcalá,3768,0.3571,
1123,Gobierno Autónomo Municipal de Camataqui (Villa Abecia),Chuquisaca,camataqui,Camargo,14713,0.5,
1123,Gobierno Autónomo Municipal de Camataqui (Villa Abecia),Chuquisaca,camataqui,Yamparáez,8480,0.4444,
1123,Gobierno Autónomo Municipal de Camataqui (Villa Abecia),Chuquisaca,camataqui,Macharetí,7235,0.4444,
1123,Gobierno Autónomo Municipal de Camataqui (Villa Abecia),Chuquisaca,camataqui,Incahuasi,16484,0.4444,
1123,Gobierno Autónomo Municipal de Camataqui (Villa Abecia),Chuquisaca,camataqui,Huacareta,7200,0.4444,
1123,Gobierno Autónomo Municipal de Camataqui (Villa Abecia),Chuquisaca,camataqui,Monteagudo,24546,0.2105,
1123,Gobierno Autónomo Municipal de Camataqui (Villa Abecia),Chuquisaca,camataqui,Alcalá,3768,0.4,
1123,Gobierno Autónomo Municipal de Camataqui (Villa Abecia),Chuquisaca,camataqui,Tarvita,16812,0.375,
1201,Gobierno Autónomo Municipal de La Paz,La Paz,la paz,Laja,38652,0.6,
1201,Gobierno Autónomo Municipal de La Paz,La Paz,la paz,La Asunta,45587,0.5333,
1201,Gobierno Autónomo Municipal de La Paz,La Paz,la paz,Papel Pampa,6649,0.4706,
1201,Gobierno Autónomo Municipal de La Paz,La Paz,la paz,El Alto,885825,0.3077,
1201,Gobierno Autónomo Municipal de La Paz,La Paz,la paz,Collana,5526,0.4615,
1201,Gobierno Autónomo Municipal de La Paz,La Paz,la paz,Ayo Ayo,11258,0.4615,
1201,Gobierno Autónomo Municipal de La Paz,La Paz,la paz,Mecapaca,20446,0.4286,
1201,Gobierno Autónomo Municipal de La Paz,La Paz,la paz,Aucapata,6721,0.4286,
1204,Gobierno Autónomo Municipal Ecológico Productivo de Achocalla,La Paz,ecologico productivo de achocalla,Santiago de Machaca,6805,0.4615,
1204,Gobierno Autónomo Municipal Ecológico Productivo de Achocalla,La Paz,ecologico productivo de achocalla,Santiago de Callapa,8037,0.4615,
1204,Gobierno Autónomo Municipal Ecológico Productivo de Achocalla,La Paz,ecologico productivo de achocalla,Jesús de Machaka,17016,0.449,
1204,Gobierno Autónomo Municipal Ecológico Productivo de Achocalla,La Paz,ecologico productivo de achocalla,Achocalla,46188,0.4286,
1204,Gobierno Autónomo Municipal Ecológico Productivo de Achocalla,La Paz,ecologico productivo de achocalla,La (Marka) San Andrés de Machaca,7936,0.3509,
1204,Gobierno Autónomo Municipal Ecológico Productivo de Achocalla,La Paz,ecologico productivo de achocalla,Santiago de Huata,9287,0.36,
1204,Gobierno Autónomo Municipal Ecológico Productivo de Achocalla,La Paz,ecologico productivo de achocalla,San Pedro de Curahuara,9217,0.4364,
1204,Gobierno Autónomo Municipal Ecológico Productivo de Achocalla,La Paz,ecologico productivo de achocalla,Puerto Mayor de Carabuco,17336,0.386,
1205,Gobierno Autónomo Municipal de El Alto de La Paz,La Paz,el alto de la paz,Nuestra Señora de La Paz,757431,0.6341,
1205,Gobierno Autónomo Municipal de El Alto de La Paz,La Paz,el alto de la paz,Santiago de Callapa,8037,0.6111,
1205,Gobierno Autónomo Municipal de El Alto de La Paz,La Paz,el alto de la paz,El Alto,885825,0.5833,
1205,Gobierno Autónomo Municipal de El Alto de La Paz,La Paz,el alto de la paz,Santiago de Huata,9287,0.5294,
1205,Gobierno Autónomo Municipal de El Alto de La Paz,La Paz,el alto de la paz,Santiago de Machaca,6805,0.5,
1205,Gobierno Autónomo Municipal de El Alto de La Paz,La Paz,el alto de la paz,Alto Beni,10585,0.4615,
1205,Gobierno Autónomo Municipal de El Alto de La Paz,La Paz,el alto de la paz,Puerto Mayor de Carabuco,17336,0.439,
1205,Gobierno Autónomo Municipal de El Alto de La Paz,La Paz,el alto de la paz,La (Marka) San Andrés de Machaca,7936,0.439,
1207,Gobierno Autónomo Municipal de Guaqui,La Paz,guaqui,Quime,10887,0.5455,
1207,Gobierno Autónomo Municipal de Guaqui,La Paz,guaqui,Sapahaqui,16497,0.5333,
1207,Gobierno Autónomo Municipal de Guaqui,La Paz,guaqui,Tito Yupanqui,7525,0.5263,
1207,Gobierno Autónomo Municipal de Guaqui,La Paz,guaqui,Guanay,16386,0.5,
1207,Gobierno Autónomo Municipal de Guaqui,La Paz,guaqui,Caquiaviri,15570,0.5,
1207,Gobierno Autónomo Municipal de Guaqui,La Paz,guaqui,Tipuani,7716,0.4615,
1207,Gobierno Autónomo Municipal de Guaqui,La Paz,guaqui,Huarina,8679,0.4615,
1207,Gobierno Autónomo Municipal de Guaqui,La Paz,guaqui,Quiabaya,4224,0.4286,
1211,Gobierno Autónomo Municipal de Sica Sica (Villa Aroma),La Paz,sica sica,Sicasica,33885,0.9412,
1211,Gobierno Autónomo Municipal de Sica Sica (Villa Aroma),La Paz,sica sica,Viacha,113554,0.4,
1211,Gobierno Autónomo Municipal de Sica Sica (Villa Aroma),La Paz,sica sica,Ichoca,9552,0.5333,
1211,Gobierno Autónomo Municipal de Sica Sica (Villa Aroma),La Paz,sica sica,Chua Cocani,7226,0.3,
1211,Gobierno Autónomo Municipal de Sica Sica (Villa Aroma),La Paz,sica sica,Cairoma,13598,0.5,
1211,Gobierno Autónomo Municipal de Sica Sica (Villa Aroma),La Paz,sica sica,Tacacoma,9761,0.4706,
1211,Gobierno Autónomo Municipal de Sica Sica (Villa Aroma),La Paz,sica sica,Mecapaca,20446,0.4706,
1211,Gobierno Autónomo Municipal de Sica Sica (Villa Aroma),La Paz,sica sica,Calamarca,15327,0.4444,
1225,Gobierno Autónomo Municipal de Ancoraimes,La Paz,ancoraimes,Villa Ancoraimes,16953,0.7692,
1225,Gobierno Autónomo Municipal de Ancoraimes,La Paz,ancoraimes,Catacora,5351,0.5556,
1225,Gobierno Autónomo Municipal de Ancoraimes,La Paz,ancoraimes,Chua Cocani,7226,0.2857,
1225,Gobierno Autónomo Municipal de Ancoraimes,La Paz,ancoraimes,Coroico,27711,0.4706,
1225,Gobierno Autónomo Municipal de Ancoraimes,La Paz,ancoraimes,Cairoma,13598,0.4706,
1225,Gobierno Autónomo Municipal de Ancoraimes,La Paz,ancoraimes,Tacacoma,9761,0.4444,
1225,Gobierno Autónomo Municipal de Ancoraimes,La Paz,ancoraimes,Pucarani,49850,0.3333,
1225,Gobierno Autónomo Municipal de Ancoraimes,La Paz,ancoraimes,Coripata,23530,0.4444,
1248,Gobierno Autónomo Municipal de Carabuco,La Paz,carabuco,Taraco,7540,0.7143,
1248,Gobierno Autónomo Municipal de Carabuco,La Paz,carabuco,Catacora,5351,0.5,
1248,Gobierno Autónomo Municipal de Carabuco,La Paz,carabuco,Calacoto,12219,0.625,
1248,Gobierno Autónomo Municipal de Carabuco,La Paz,carabuco,Charaña,4221,0.5333,
1248,Gobierno Autónomo Municipal de Carabuco,La Paz,carabuco,Cairoma,13598,0.5333,
1248,Gobierno Autónomo Municipal de Carabuco,La Paz,carabuco,Yaco,12296,0.5,
1248,Gobierno Autónomo Municipal de Carabuco,La Paz,carabuco,Tacacoma,9761,0.5,
1248,Gobierno Autónomo Municipal de Carabuco,La Paz,carabuco,Puerto Mayor de Carabuco,17336,0.5,
1269,Gobierno Autónomo Municipal de General Juan José Pérez (Charazani),La Paz,general juan jose perez,Puerto Pérez,7900,0.5143,
1269,Gobierno Autónomo Municipal de General Juan José Pérez (Charazani),La Paz,general juan jose perez,Nuestra Señora de La Paz,757431,0.383,
1269,Gobierno Autónomo Municipal de General Juan José Pérez (Charazani),La Paz,general juan jose perez,Nazacara de Pacajes,4022,0.381,
1269,Gobierno Autónomo Municipal de General Juan José Pérez (Charazani),La Paz,general juan jose perez,Villa Ancoraimes,16953,0.2051,
1269,Gobierno Autónomo Municipal de General Juan José Pérez (Charazani),La Paz,general juan jose perez,Desaguadero,7897,0.2353,
1269,Gobierno Autónomo Municipal de General Juan José Pérez (Charazani),La Paz,general juan jose perez,Puerto Acosta,14012,0.2778,
1269,Gobierno Autónomo Municipal de General Juan José Pérez (Charazani),La Paz,general juan jose perez,El Alto,885825,0.2667,
1269,Gobierno Autónomo Municipal de General Juan José Pérez (Charazani),La Paz,general juan jose perez,San Pedro de Tiquina,9164,0.2791,
1278,Gobierno Autónomo Municipal de San Andrés de Machaca,La Paz,san andres de machaca,La (Marka) San Andrés de Machaca,7936,0.9333,
1278,Gobierno Autónomo Municipal de San Andrés de Machaca,La Paz,san andres de machaca,Santiago de Machaca,6805,0.75,
1278,Gobierno Autónomo Municipal de San Andrés de Machaca,La Paz,san andres de machaca,Jesús de Machaka,17016,0.6486,
1278,Gobierno Autónomo Municipal de San Andrés de Machaca,La Paz,san andres de machaca,San Pedro de Curahuara,9217,0.6512,
1278,Gobierno Autónomo Municipal de San Andrés de Machaca,La Paz,san andres de machaca,Santiago de Huata,9287,0.5263,
1278,Gobierno Autónomo Municipal de San Andrés de Machaca,La Paz,san andres de machaca,San Pedro de Tiquina,9164,0.5366,
1278,Gobierno Autónomo Municipal de San Andrés de Machaca,La Paz,san andres de machaca,Santiago de Callapa,8037,0.5,
1278,Gobierno Autónomo Municipal de San Andrés de Machaca,La Paz,san andres de machaca,Nazacara de Pacajes,4022,0.5,
1279,Gobierno Autónomo Municipal de Jesús de Machaca,La Paz,jesus de machaca,Jesús de Machaka,17016,0.9375,
1279,Gobierno Autónomo Municipal de Jesús de Machaca,La Paz,jesus de machaca,Santiago de Machaca,6805,0.6857,
1279,Gobierno Autónomo Municipal de Jesús de Machaca,La Paz,jesus de machaca,La (Marka) San Andrés de Machaca,7936,0.65,
1279,Gobierno Autónomo Municipal de Jesús de Machaca,La Paz,jesus de machaca,Santiago de Huata,9287,0.4242,
1279,Gobierno Autónomo Municipal de Jesús de Machaca,La Paz,jesus de machaca,Achacachi,47257,0.48,
1279,Gobierno Autónomo Municipal de Jesús de Machaca,La Paz,jesus de machaca,Nuestra Señora de La Paz,757431,0.45,
1279,Gobierno Autónomo Municipal de Jesús de Machaca,La Paz,jesus de machaca,San Pedro de Curahuara,9217,0.4737,
1279,Gobierno Autónomo Municipal de Jesús de Machaca,La Paz,jesus de machaca,Mecapaca,20446,0.4167,
1303,Gobierno Autónomo Municipal de Sipe Sipe,Cochabamba,sipe sipe,Sipesipe,55908,0.9412,
1303,Gobierno Autónomo Municipal de Sipe Sipe,Cochabamba,sipe sipe,Puerto Villarroel,64595,0.1538,
1303,Gobierno Autónomo Municipal de Sipe Sipe,Cochabamba,sipe sipe,Villa Rivero,8599,0.1905,
1303,Gobierno Autónomo Municipal de Sipe Sipe,Cochabamba,sipe sipe,Aiquile,23123,0.25,
1303,Gobierno Autónomo Municipal de Sipe Sipe,Cochabamba,sipe sipe,Pasorapa,6475,0.2353,
1303,Gobierno Autónomo Municipal de Sipe Sipe,Cochabamba,sipe sipe,Vila Vila,5244,0.3333,
1303,Gobierno Autónomo Municipal de Sipe Sipe,Cochabamba,sipe sipe,Santiváñez,7940,0.3158,
1303,Gobierno Autónomo Municipal de Sipe Sipe,Cochabamba,sipe sipe,San Benito,13054,0.2105,
1310,Gobierno Autónomo Municipal de Independencia,Cochabamba,independencia,Sipesipe,55908,0.381,
1310,Gobierno Autónomo Municipal de Independencia,Cochabamba,independencia,San Benito,13054,0.3478,
1310,Gobierno Autónomo Municipal de Independencia,Cochabamba,independencia,Entre Ríos,45780,0.3478,
1310,Gobierno Autónomo Municipal de Independencia,Cochabamba,independencia,Cliza,21155,0.2222,
1310,Gobierno Autónomo Municipal de Independencia,Cochabamba,independencia,Sicaya,3980,0.3158,
1310,Gobierno Autónomo Municipal de Independencia,Cochabamba,independencia,Punata,35248,0.2105,
1310,Gobierno Autónomo Municipal de Independencia,Cochabamba,independencia,Pocona,12258,0.2105,
1310,Gobierno Autónomo Municipal de Independencia,Cochabamba,independencia,Omereque,6700,0.2857,
1421,Gobierno Autónomo Municipal de Yunguyo de Litoral,Oruro,yunguyo de litoral,Yunguyo del Litoral,875,0.973,
1421,Gobierno Autónomo Municipal de Yunguyo de Litoral,Oruro,yunguyo de litoral,Santiago de Huari,13502,0.4571,
1421,Gobierno Autónomo Municipal de Yunguyo de Litoral,Oruro,yunguyo de litoral,Santuario de Quillacas,5161,0.4,
1421,Gobierno Autónomo Municipal de Yunguyo de Litoral,Oruro,yunguyo de litoral,Santiago de Huayllamarca,5996,0.4762,
1421,Gobierno Autónomo Municipal de Yunguyo de Litoral,Oruro,yunguyo de litoral,Totora,6637,0.4167,
1421,Gobierno Autónomo Municipal de Yunguyo de Litoral,Oruro,yunguyo de litoral,Curahuara de Carangas,6683,0.4103,
1421,Gobierno Autónomo Municipal de Yunguyo de Litoral,Oruro,yunguyo de litoral,Belén de Andamarca,3061,0.3889,
1421,Gobierno Autónomo Municipal de Yunguyo de Litoral,Oruro,yunguyo de litoral,Cruz de Machacamarca,1517,0.3684,
1434,Gobierno Autónomo Municipal de Huayllamarca (Santiago de Huayllamarca),Oruro,huayllamarca,Santiago de Huayllamarca,5996,0.6667,
1434,Gobierno Autónomo Municipal de Huayllamarca (Santiago de Huayllamarca),Oruro,huayllamarca,Andamarca,6311,0.6667,
1434,Gobierno Autónomo Municipal de Huayllamarca (Santiago de Huayllamarca),Oruro,huayllamarca,Challapata,35427,0.6364,
1434,Gobierno Autónomo Municipal de Huayllamarca (Santiago de Huayllamarca),Oruro,huayllamarca,Machacamarca,6120,0.6667,
1434,Gobierno Autónomo Municipal de Huayllamarca (Santiago de Huayllamarca),Oruro,huayllamarca,Huachacalla,4011,0.5217,
1434,Gobierno Autónomo Municipal de Huayllamarca (Santiago de Huayllamarca),Oruro,huayllamarca,Cruz de Machacamarca,1517,0.5,
1434,Gobierno Autónomo Municipal de Huayllamarca (Santiago de Huayllamarca),Oruro,huayllamarca,Belén de Andamarca,3061,0.4667,
1434,Gobierno Autónomo Municipal de Huayllamarca (Santiago de Huayllamarca),Oruro,huayllamarca,Santuario de Quillacas,5161,0.4118,
1435,Gobierno Autónomo Municipal de Soracachi,Oruro,soracachi,Esmeralda,3882,0.4444,
1435,Gobierno Autónomo Municipal de Soracachi,Oruro,soracachi,Uru Chipaya (Nación Originaria Uru Chipaya),2355,0.4,
1435,Gobierno Autónomo Municipal de Soracachi,Oruro,soracachi,Totora,6637,0.4,
1435,Gobierno Autónomo Municipal de Soracachi,Oruro,soracachi,Sabaya,15504,0.4,
1435,Gobierno Autónomo Municipal de Soracachi,Oruro,soracachi,Escara,4231,0.4,
1435,Gobierno Autónomo Municipal de Soracachi,Oruro,soracachi,Caracollo,22850,0.3333,
1435,Gobierno Autónomo Municipal de Soracachi,Oruro,soracachi,Andamarca,6311,0.3333,
1435,Gobierno Autónomo Municipal de Soracachi,Oruro,soracachi,Santuario de Quillacas,5161,0.3226,
1515,Gobierno Autónomo Municipal de San Pedro de Buena Vista,Potosí,san pedro de buena vista,San Pedro de Quemes,1621,0.7442,
1515,Gobierno Autónomo Municipal de San Pedro de Buena Vista,Potosí,san pedro de buena vista,San Pedro de Macha,21011,0.7143,
1515,Gobierno Autónomo Municipal de San Pedro de Buena Vista,Potosí,san pedro de buena vista,San Pedro,28416,0.5455,
1515,Gobierno Autónomo Municipal de San Pedro de Buena Vista,Potosí,san pedro de buena vista,San Antonio de Esmoruco,1936,0.4255,
1515,Gobierno Autónomo Municipal de San Pedro de Buena Vista,Potosí,san pedro de buena vista,San Agustín,2126,0.4,
1515,Gobierno Autónomo Municipal de San Pedro de Buena Vista,Potosí,san pedro de buena vista,San Pablo,3150,0.3636,
1515,Gobierno Autónomo Municipal de San Pedro de Buena Vista,Potosí,san pedro de buena vista,Pocoata,32641,0.1935,
1515,Gobierno Autónomo Municipal de San Pedro de Buena Vista,Potosí,san pedro de buena vista,Puna,16389,0.2857,
1523,Gobierno Autónomo Municipal de San Pablo de Lípez,Potosí,san pablo de lipez,San Pablo,3150,0.6667,
1523,Gobierno Autónomo Municipal de San Pablo de Lípez,Potosí,san pablo de lipez,San Pedro de Quemes,1621,0.5946,
1523,Gobierno Autónomo Municipal de San Pablo de Lípez,Potosí,san pablo de lipez,San Pedro de Macha,21011,0.5556,
1523,Gobierno Autónomo Municipal de San Pablo de Lípez,Potosí,san pablo de lipez,San Antonio de Esmoruco,1936,0.5366,
1523,Gobierno Autónomo Municipal de San Pablo de Lípez,Potosí,san pablo de lipez,San Pedro,28416,0.4444,
1523,Gobierno Autónomo Municipal de San Pablo de Lípez,Potosí,san pablo de lipez,San Agustín,2126,0.4138,
1523,Gobierno Autónomo Municipal de San Pablo de Lípez,Potosí,san pablo de lipez,"Caiza ""D""",12999,0.32,
1523,Gobierno Autónomo Municipal de San Pablo de Lípez,Potosí,san pablo de lipez,TIOC-Jatun Ayllu Yura,5819,0.3077,
1606,Gobierno Autónomo Municipal de Villamontes,Tarija,villamontes,Villa Montes,46071,0.9565,
1606,Gobierno Autónomo Municipal de Villamontes,Tarija,villamontes,El Puente,9523,0.4,
1606,Gobierno Autónomo Municipal de Villamontes,Tarija,villamontes,Entre Ríos,20864,0.381,
1606,Gobierno Autónomo Municipal de Villamontes,Tarija,villamontes,Uriondo,15923,0.3333,
1606,Gobierno Autónomo Municipal de Villamontes,Tarija,villamontes,Tarija,238749,0.2353,
1606,Gobierno Autónomo Municipal de Villamontes,Tarija,villamontes,Yacuiba,97634,0.2222,
1606,Gobierno Autónomo Municipal de Villamontes,Tarija,villamontes,Padcaya,17817,0.1111,
1606,Gobierno Autónomo Municipal de Villamontes,Tarija,villamontes,Bermejo,36970,0.2222,
1717,Gobierno Autónomo Municipal de Santa Rosa del Sara,Santa Cruz,santa rosa del sara,Santa Cruz de la Sierra,1610982,0.7143,
1717,Gobierno Autónomo Municipal de Santa Rosa del Sara,Santa Cruz,santa rosa del sara,Santa Rosa,17999,0.6897,
1717,Gobierno Autónomo Municipal de Santa Rosa del Sara,Santa Cruz,santa rosa del sara,San Rafael,8842,0.5517,
1717,Gobierno Autónomo Municipal de Santa Rosa del Sara,Santa Cruz,santa rosa del sara,San José,40974,0.5185,
1717,Gobierno Autónomo Municipal de Santa Rosa del Sara,Santa Cruz,santa rosa del sara,San Antonio de Lomerio,6364,0.4878,
1717,Gobierno Autónomo Municipal de Santa Rosa del Sara,Santa Cruz,santa rosa del sara,San Javier,14888,0.3448,
1717,Gobierno Autónomo Municipal de Santa Rosa del Sara,Santa Cruz,santa rosa del sara,Ascención de Guarayos,34079,0.5,
1717,Gobierno Autónomo Municipal de Santa Rosa del Sara,Santa Cruz,santa rosa del sara,San Ramón,8541,0.4286,
1727,Gobierno Autónomo Municipal de Moro Moro,Santa Cruz,moro moro,Moromoro,2793,0.9412,
1727,Gobierno Autónomo Municipal de Moro Moro,Santa Cruz,moro moro,Roboré,18763,0.2667,
1727,Gobierno Autónomo Municipal de Moro Moro,Santa Cruz,moro moro,Porongo,23126,0.5,
1727,Gobierno Autónomo Municipal de Moro Moro,Santa Cruz,moro moro,Montero,126886,0.5,
1727,Gobierno Autónomo Municipal de Moro Moro,Santa Cruz,moro moro,Puerto Quijarro,17974,0.25,
1727,Gobierno Autónomo Municipal de Moro Moro,Santa Cruz,moro moro,San Antonio de Lomerio,6364,0.3226,
1727,Gobierno Autónomo Municipal de Moro Moro,Santa Cruz,moro moro,Mineros,23110,0.375,
1727,Gobierno Autónomo Municipal de Moro Moro,Santa Cruz,moro moro,El Carmen Rivero Tórrez,8816,0.375,
1728,Gobierno Autónomo Municipal de Postrer Valle,Santa Cruz,postrer valle,Postrervalle,1806,0.96,
1728,Gobierno Autónomo Municipal de Postrer Valle,Santa Cruz,postrer valle,Puerto Suárez,17417,0.3846,
1728,Gobierno Autónomo Municipal de Postrer Valle,Santa Cruz,postrer valle,Trigal,2359,0.4211,
1728,Gobierno Autónomo Municipal de Postrer Valle,Santa Cruz,postrer valle,Vallegrande,17249,0.4167,
1728,Gobierno Autónomo Municipal de Postrer Valle,Santa Cruz,postrer valle,Portachuelo,20743,0.4167,
1728,Gobierno Autónomo Municipal de Postrer Valle,Santa Cruz,postrer valle,Montero,126886,0.4,
1728,Gobierno Autónomo Municipal de Postrer Valle,Santa Cruz,postrer valle,Gutiérrez (Autonomía Indígena Kereimba Iyaambae),14389,0.2727,
1728,Gobierno Autónomo Municipal de Postrer Valle,Santa Cruz,postrer valle,Puerto Quijarro,17974,0.3571,
1731,Gobierno Autónomo Municipal de Pampa Grande,Santa Cruz,pampa grande,Pampagrande,9692,0.9565,
1731,Gobierno Autónomo Municipal de Pampa Grande,Santa Cruz,pampa grande,Vallegrande,17249,0.6087,
1731,Gobierno Autónomo Municipal de Pampa Grande,Santa Cruz,pampa grande,Mairana,12735,0.4211,
1731,Gobierno Autónomo Municipal de Pampa Grande,Santa Cruz,pampa grande,Samaipata,11843,0.2857,
1731,Gobierno Autónomo Municipal de Pampa Grande,Santa Cruz,pampa grande,La Guardia,147726,0.4545,
1731,Gobierno Autónomo Municipal de Pampa Grande,Santa Cruz,pampa grande,Warnes,151248,0.4444,
1731,Gobierno Autónomo Municipal de Pampa Grande,Santa Cruz,pampa grande,Pucará,2015,0.4444,
1731,Gobierno Autónomo Municipal de Pampa Grande,Santa Cruz,pampa grande,Yapacaní,57794,0.4,
1735,Gobierno Autónomo Municipal de General Agustín Saavedra,Santa Cruz,general agustin saavedra,General Saavedra,16598,0.8,
1735,Gobierno Autónomo Municipal de General Agustín Saavedra,Santa Cruz,general agustin saavedra,La Guardia,147726,0.3529,
1735,Gobierno Autónomo Municipal de General Agustín Saavedra,Santa Cruz,general agustin saavedra,Buena Vista,13651,0.4,
1735,Gobierno Autónomo Municipal de General Agustín Saavedra,Santa Cruz,general agustin saavedra,El Carmen Rivero Tórrez,8816,0.2979,
1735,Gobierno Autónomo Municipal de General Agustín Saavedra,Santa Cruz,general agustin saavedra,Puerto Suárez,17417,0.3784,
1735,Gobierno Autónomo Municipal de General Agustín Saavedra,Santa Cruz,general agustin saavedra,Gutiérrez (Autonomía Indígena Kereimba Iyaambae),14389,0.2424,
1735,Gobierno Autónomo Municipal de General Agustín Saavedra,Santa Cruz,general agustin saavedra,Ascención de Guarayos,34079,0.2667,
1735,Gobierno Autónomo Municipal de General Agustín Saavedra,Santa Cruz,general agustin saavedra,San Javier,14888,0.1765,
1807,Gobierno Autónomo Municipal de Puerto Rurrenabaque,Beni,puerto rurrenabaque,Puerto Menor de Rurrenabaque,21240,0.8085,
1807,Gobierno Autónomo Municipal de Puerto Rurrenabaque,Beni,puerto rurrenabaque,Puerto Siles,1091,0.5161,
1807,Gobierno Autónomo Municipal de Puerto Rurrenabaque,Beni,puerto rurrenabaque,TIOC-Territorio Indígena Multiétnico,3973,0.3636,
1807,Gobierno Autónomo Municipal de Puerto Rurrenabaque,Beni,puerto rurrenabaque,Baures,7488,0.24,
1807,Gobierno Autónomo Municipal de Puerto Rurrenabaque,Beni,puerto rurrenabaque,Trinidad,128589,0.2222,
1807,Gobierno Autónomo Municipal de Puerto Rurrenabaque,Beni,puerto rurrenabaque,Santa Ana,18088,0.2857,
1807,Gobierno Autónomo Municipal de Puerto Rurrenabaque,Beni,puerto rurrenabaque,Riberalta,110302,0.2857,
1807,Gobierno Autónomo Municipal de Puerto Rurrenabaque,Beni,puerto rurrenabaque,Huacaraje,4630,0.1429,
1911,Gobierno Autónomo Municipal de Santa Rosa del Abuná,Pando,santa rosa del abuna,Santa Rosa,2889,0.6667,
1911,Gobierno Autónomo Municipal de Santa Rosa del Abuná,Pando,santa rosa del abuna,Santos Mercado,2347,0.4706,
1911,Gobierno Autónomo Municipal de Santa Rosa del Abuná,Pando,santa rosa del abuna,San Pedro,3518,0.4138,
1911,Gobierno Autónomo Municipal de Santa Rosa del Abuná,Pando,santa rosa del abuna,Nueva Esperanza,1598,0.2286,
1911,Gobierno Autónomo Municipal de Santa Rosa del Abuná,Pando,santa rosa del abuna,San Lorenzo,9832,0.3871,
1911,Gobierno Autónomo Municipal de Santa Rosa del Abuná,Pando,santa rosa del abuna,Sena,10522,0.3333,
1911,Gobierno Autónomo Municipal de Santa Rosa del Abuná,Pando,santa rosa del abuna,Filadelfia,8045,0.3333,
1911,Gobierno Autónomo Municipal de Santa Rosa del Abuná,Pando,santa rosa del abuna,Villa Nueva,2511,0.1935,
