departamento_pob2021,municipio_pob2021,codigo_entidad,nota
Chuquisaca,Muyupampa,1126,Muyupampa corresponde a Villa Vaca Guzmán
Chuquisaca,Huacaya,3101,Huacaya vinculado a GAIOC Guaraní Chaqueño
La Paz,Coro Coro,1238,Diferencia ortográfica Coro Coro / Corocoro
Cochabamba,Cuchumuela,1319,Cuchumuela corresponde a Villa Gualberto Villarroel
Oruro,Chipaya,3401,Chipaya vinculado a GAIOC Nación Originaria Uru Chipaya
Oruro,San Pedro de Totora,1413,San Pedro de Totora corresponde a Totora Oruro
Tarija,Villa San Lorenzo,1609,Villa San Lorenzo corresponde a San Lorenzo
Santa Cruz,Gutiérrez,3702,Gutiérrez vinculado a GAIOC Kereimba Iyaambae
Beni,Santa Ana de Yacuma,1810,Santa Ana de Yacuma corresponde a Santa Ana
