codigo,nivel,padre,nombre,label
10000,1,,SERVICIOS PERSONALES,10000 - SERVICIOS PERSONALES
11000,2,10000,Empleados Permanentes,11000 - Empleados Permanentes
11100,3,11000,Haberes Básicos.,11100 - Haberes Básicos.
11200,3,11000,Bono de Antigüedad.,11200 - Bono de Antigüedad.
11210,4,11200,Categorías Magisterio,11210 - Categorías Magisterio
11220,4,11200,Bono de Antigüedad,11220 - Bono de Antigüedad
11300,3,11000,Bonificaciones.,11300 - Bonificaciones.
11310,4,11300,Bono de Frontera,11310 - Bono de Frontera
11320,4,11300,Remuneraciones Colaterales Médicas y de Trabajadores en Salud,11320 - Remuneraciones Colaterales Médicas y de Trabajadores en Salud
11321,5,11320,Categorías Médicas,11321 - Categorías Médicas
11322,5,11320,Escalafón Médico,11322 - Escalafón Médico
11323,5,11320,Escalafón de los Trabajadores en Salud,11323 - Escalafón de los Trabajadores en Salud
11324,5,11320,Otras Remuneraciones,11324 - Otras Remuneraciones
11330,4,11300,Otras Bonificaciones,11330 - Otras Bonificaciones
11331,5,11330,Pago Variable,11331 - Pago Variable
11332,5,11330,Pago Adicional Fijo,11332 - Pago Adicional Fijo
11339,5,11330,Otras Bonificaciones,11339 - Otras Bonificaciones
11400,3,11000,Aguinaldos,11400 - Aguinaldos
11500,3,11000,Primas y Bono de Producción,11500 - Primas y Bono de Producción
11510,4,11500,Primas,11510 - Primas
11520,4,11500,Bono de Producción,11520 - Bono de Producción
11600,3,11000,Asignaciones Familiares,11600 - Asignaciones Familiares
11700,3,11000,Sueldos,11700 - Sueldos
11800,3,11000,Dietas,11800 - Dietas
11810,4,11800,Dietas de Directorio,11810 - Dietas de Directorio
11820,4,11800,Otras Dietas,11820 - Otras Dietas
11900,3,11000,Otros Servicios Personales,11900 - Otros Servicios Personales
11910,4,11900,Horas Extraordinarias,11910 - Horas Extraordinarias
11920,4,11900,Vacaciones no Utilizadas,11920 - Vacaciones no Utilizadas
11930,4,11900,Incentivos Económicos,11930 - Incentivos Económicos
11940,4,11900,Suplencias,11940 - Suplencias
12000,2,10000,Empleados No Permanentes,12000 - Empleados No Permanentes
12100,3,12000,Personal Eventual,12100 - Personal Eventual
13000,2,10000,Previsión Social,13000 - Previsión Social
13100,3,13000,Aporte Patronal al Seguro Social,13100 - Aporte Patronal al Seguro Social
13110,4,13100,Régimen de Corto Plazo (Salud),13110 - Régimen de Corto Plazo (Salud)
13120,4,13100,Prima de Riesgo Profesional Régimen de Largo Plazo,13120 - Prima de Riesgo Profesional Régimen de Largo Plazo
13130,4,13100,Aporte Patronal Fondo Solidario Régimen de Largo Plazo,13130 - Aporte Patronal Fondo Solidario Régimen de Largo Plazo
13131,5,13130,Aporte Patronal Solidario 3.5%,13131 - Aporte Patronal Solidario 3.5%
13132,5,13130,Aporte Patronal Minero Solidario 2.3%,13132 - Aporte Patronal Minero Solidario 2.3%
13200,3,13000,Aporte Patronal para Vivienda,13200 - Aporte Patronal para Vivienda
14000,2,10000,Otros,14000 - Otros
14100,3,14000,Otros,14100 - Otros
15000,2,10000,Previsiones para Incremento de Gastos en Servicios Personales,15000 - Previsiones para Incremento de Gastos en Servicios Personales
15100,3,15000,Incremento Salarial,15100 - Incremento Salarial
15200,3,15000,Crecimiento Vegetativo,15200 - Crecimiento Vegetativo
15300,3,15000,Creación de Ítems,15300 - Creación de Ítems
15400,3,15000,Otras Previsiones,15400 - Otras Previsiones
20000,1,,SERVICIOS NO PERSONALES,20000 - SERVICIOS NO PERSONALES
21000,2,20000,Servicios Básicos,21000 - Servicios Básicos
21100,3,21000,Comunicaciones,21100 - Comunicaciones
21200,3,21000,Energía Eléctrica,21200 - Energía Eléctrica
21300,3,21000,Agua,21300 - Agua
21400,3,21000,Telefonía,21400 - Telefonía
21500,3,21000,Gas Domiciliario,21500 - Gas Domiciliario
21600,3,21000,Internet,21600 - Internet
22000,2,20000,Servicios de Transporte y Seguros,22000 - Servicios de Transporte y Seguros
22100,3,22000,Pasajes,22100 - Pasajes
22110,4,22100,Pasajes al Interior del País,22110 - Pasajes al Interior del País
22120,4,22100,Pasajes al Exterior del País,22120 - Pasajes al Exterior del País
22200,3,22000,Viáticos,22200 - Viáticos
22210,4,22200,Viáticos por Viajes al Interior del País.,22210 - Viáticos por Viajes al Interior del País.
22220,4,22200,Viáticos por Viajes al Exterior del País.,22220 - Viáticos por Viajes al Exterior del País.
22300,3,22000,Fletes y Almacenamiento,22300 - Fletes y Almacenamiento
22400,3,22000,Gastos de Instalación y Retorno,22400 - Gastos de Instalación y Retorno
22500,3,22000,Seguros,22500 - Seguros
22600,3,22000,Transporte de Personal,22600 - Transporte de Personal
23000,2,20000,Alquileres,23000 - Alquileres
23100,3,23000,Alquiler de Inmuebles,23100 - Alquiler de Inmuebles
23200,3,23000,Alquiler de Equipos y Maquinarias,23200 - Alquiler de Equipos y Maquinarias
23300,3,23000,Alquiler de Tierras y Terrenos,23300 - Alquiler de Tierras y Terrenos
23400,3,23000,Otros Alquileres,23400 - Otros Alquileres
24000,2,20000,"Instalación, Mantenimiento y Reparaciones","24000 - Instalación, Mantenimiento y Reparaciones"
24100,3,24000,"Mantenimiento y Reparación de Inmuebles, Muebles y Equipos","24100 - Mantenimiento y Reparación de Inmuebles, Muebles y Equipos"
24110,4,24100,Mantenimiento y Reparación de Inmuebles,24110 - Mantenimiento y Reparación de Inmuebles
24120,4,24100,"Mantenimiento y Reparación de Vehículos, Maquinaria y Equipos","24120 - Mantenimiento y Reparación de Vehículos, Maquinaria y Equipos"
24130,4,24100,Mantenimiento y Reparación de Muebles y Enseres,24130 - Mantenimiento y Reparación de Muebles y Enseres
24200,3,24000,Mantenimiento y Reparación de Vías de Comunicación,24200 - Mantenimiento y Reparación de Vías de Comunicación
24300,3,24000,"Otros Gastos por Concepto de Instalación, Mantenimiento y Reparación","24300 - Otros Gastos por Concepto de Instalación, Mantenimiento y Reparación"
25000,2,20000,Servicios Profesionales y Comerciales,25000 - Servicios Profesionales y Comerciales
25100,3,25000,"Médicos, Sanitarios y Sociales","25100 - Médicos, Sanitarios y Sociales"
25120,4,25100,Gastos Especializados por Atención Médica y Otros,25120 - Gastos Especializados por Atención Médica y Otros
25130,4,25100,Gastos por Afiliación de Estudiantes Universitarios al Seguro Social,25130 - Gastos por Afiliación de Estudiantes Universitarios al Seguro Social
25200,3,25000,"Estudios, Investigaciones, Auditorías Externas y Revalorizaciones","25200 - Estudios, Investigaciones, Auditorías Externas y Revalorizaciones"
25210,4,25200,Consultorías por Producto,25210 - Consultorías por Producto
25220,4,25200,Consultores Individuales de Línea,25220 - Consultores Individuales de Línea
25230,4,25200,Auditorías Externas,25230 - Auditorías Externas
25300,3,25000,Comisiones y Gastos Bancarios,25300 - Comisiones y Gastos Bancarios
25400,3,25000,"Lavandería, Limpieza e Higiene","25400 - Lavandería, Limpieza e Higiene"
25500,3,25000,Publicidad,25500 - Publicidad
25600,3,25000,"Servicios de Imprenta, Fotocopiado y Fotográficos","25600 - Servicios de Imprenta, Fotocopiado y Fotográficos"
25700,3,25000,Capacitación del Personal,25700 - Capacitación del Personal
25800,3,25000,Estudios e Investigaciones para Proyectos de Inversión No Capitalizables,25800 - Estudios e Investigaciones para Proyectos de Inversión No Capitalizables
25810,4,25800,Consultorías por Producto,25810 - Consultorías por Producto
25820,4,25800,Consultores Individuales de Línea,25820 - Consultores Individuales de Línea
25900,3,25000,Servicios Manuales,25900 - Servicios Manuales
26000,2,20000,Otros Servicios No Personales,26000 - Otros Servicios No Personales
26200,3,26000,Gastos Judiciales,26200 - Gastos Judiciales
26300,3,26000,Derechos sobre Bienes Intangibles,26300 - Derechos sobre Bienes Intangibles
26500,3,26000,Conjueces y Jueces Ciudadanos,26500 - Conjueces y Jueces Ciudadanos
26600,3,26000,"Servicio de Seguridad de los Batallones de Seguridad Física de la Policía Boliviana, las","26600 - Servicio de Seguridad de los Batallones de Seguridad Física de la Policía Boliviana, las"
26610,4,26600,Servicios Públicos,26610 - Servicios Públicos
26620,4,26600,Servicios Privados,26620 - Servicios Privados
26630,4,26600,Servicios por Traslado de Valores,26630 - Servicios por Traslado de Valores
26640,4,26600,Compensación Económica,26640 - Compensación Económica
26700,3,26000,Servicios de Laboratorios Especializados,26700 - Servicios de Laboratorios Especializados
26900,3,26000,Otros Servicios No Personales,26900 - Otros Servicios No Personales
26910,4,26900,Gastos de Representación,26910 - Gastos de Representación
26920,4,26900,Fallas de Caja,26920 - Fallas de Caja
26930,4,26900,Pago por Trabajos Dirigidos y Pasantías,26930 - Pago por Trabajos Dirigidos y Pasantías
26940,4,26900,Compensación Costo de Vida,26940 - Compensación Costo de Vida
26950,4,26900,Aguinaldo “Esfuerzo por Bolivia”,26950 - Aguinaldo “Esfuerzo por Bolivia”
26990,4,26900,Otros,26990 - Otros
27000,2,20000,Gastos por Servicios Especializados por la Actividad Extractiva de Recursos Naturales del,27000 - Gastos por Servicios Especializados por la Actividad Extractiva de Recursos Naturales del
27100,3,27000,"Servicios por la Extracción, Transformación y Conversión de los Recursos Naturales de","27100 - Servicios por la Extracción, Transformación y Conversión de los Recursos Naturales de"
27110,4,27100,Pago por Costos Incurridos,27110 - Pago por Costos Incurridos
27120,4,27100,Pago por Utilidades,27120 - Pago por Utilidades
30000,1,,MATERIALES Y SUMINISTROS,30000 - MATERIALES Y SUMINISTROS
31000,2,30000,Alimentos y Productos Agroforestales,31000 - Alimentos y Productos Agroforestales
31100,3,31000,"Alimentos y Bebidas para Personas, Desayuno Escolar y Otros","31100 - Alimentos y Bebidas para Personas, Desayuno Escolar y Otros"
31110,4,31100,"Gastos por Refrigerios al Personal Permanente, Eventual y Consultores","31110 - Gastos por Refrigerios al Personal Permanente, Eventual y Consultores"
31120,4,31100,Gastos por Alimentación y Otros Similares,31120 - Gastos por Alimentación y Otros Similares
31130,4,31100,Alimentación Complementaria Escolar,31130 - Alimentación Complementaria Escolar
31140,4,31100,"Alimentación Hospitalaria, Penitenciaria, Aeronaves y Otras Específicas","31140 - Alimentación Hospitalaria, Penitenciaria, Aeronaves y Otras Específicas"
31150,4,31100,Alimentos y Bebidas para la atención de emergencias y desastres naturales.,31150 - Alimentos y Bebidas para la atención de emergencias y desastres naturales.
31200,3,31000,Alimentos para Animales,31200 - Alimentos para Animales
31300,3,31000,"Productos Agrícolas, Pecuarios y Forestales","31300 - Productos Agrícolas, Pecuarios y Forestales"
32000,2,30000,"Productos de Papel, Cartón e Impresos","32000 - Productos de Papel, Cartón e Impresos"
32100,3,32000,Papel,32100 - Papel
32200,3,32000,Productos de Artes Gráficas,32200 - Productos de Artes Gráficas
32300,3,32000,"Libros, Manuales y Revistas","32300 - Libros, Manuales y Revistas"
32400,3,32000,Textos de Enseñanza,32400 - Textos de Enseñanza
32500,3,32000,Periódicos y Boletines,32500 - Periódicos y Boletines
33000,2,30000,Textiles y Vestuario,33000 - Textiles y Vestuario
33100,3,33000,"Hilados, Telas, Fibras y Algodón","33100 - Hilados, Telas, Fibras y Algodón"
33200,3,33000,Confecciones Textiles,33200 - Confecciones Textiles
33300,3,33000,Prendas de Vestir,33300 - Prendas de Vestir
33400,3,33000,Calzados,33400 - Calzados
34000,2,30000,"Combustibles, Productos Químicos, Farmacéuticos y Otras Fuentes de Energía","34000 - Combustibles, Productos Químicos, Farmacéuticos y Otras Fuentes de Energía"
34100,3,34000,"Combustibles, Lubricantes, Derivados y otras Fuentes de Energía","34100 - Combustibles, Lubricantes, Derivados y otras Fuentes de Energía"
34110,4,34100,"Combustibles, Lubricantes y Derivados para consumo","34110 - Combustibles, Lubricantes y Derivados para consumo"
34120,4,34100,"Combustibles, Lubricantes y Derivados para comercialización","34120 - Combustibles, Lubricantes y Derivados para comercialización"
34130,4,34100,Energía Eléctrica para Comercialización,34130 - Energía Eléctrica para Comercialización
34200,3,34000,Productos Químicos y Farmacéuticos,34200 - Productos Químicos y Farmacéuticos
34300,3,34000,Llantas y Neumáticos,34300 - Llantas y Neumáticos
34400,3,34000,Productos de Cuero y Caucho,34400 - Productos de Cuero y Caucho
34500,3,34000,Productos de Minerales no Metálicos y Plásticos,34500 - Productos de Minerales no Metálicos y Plásticos
34600,3,34000,Productos Metálicos,34600 - Productos Metálicos
34700,3,34000,Minerales,34700 - Minerales
34800,3,34000,Herramientas Menores,34800 - Herramientas Menores
34900,3,34000,Material y Equipo Militar,34900 - Material y Equipo Militar
39000,2,30000,Productos Varios,39000 - Productos Varios
39100,3,39000,Material de Limpieza e Higiene,39100 - Material de Limpieza e Higiene
39200,3,39000,Material Deportivo y Recreativo,39200 - Material Deportivo y Recreativo
39300,3,39000,Utensilios de Cocina y Comedor,39300 - Utensilios de Cocina y Comedor
39400,3,39000,Instrumental Menor Médico-Quirúrgico,39400 - Instrumental Menor Médico-Quirúrgico
39500,3,39000,Útiles de Escritorio y Oficina,39500 - Útiles de Escritorio y Oficina
39600,3,39000,"Útiles Educacionales, Culturales y de Capacitación","39600 - Útiles Educacionales, Culturales y de Capacitación"
39700,3,39000,Útiles y Materiales Eléctricos,39700 - Útiles y Materiales Eléctricos
39800,3,39000,Otros Repuestos y Accesorios,39800 - Otros Repuestos y Accesorios
39900,3,39000,Otros Materiales y Suministros,39900 - Otros Materiales y Suministros
39910,4,39900,Acuñación de Monedas e Impresión de Billetes,39910 - Acuñación de Monedas e Impresión de Billetes
39911,5,39910,Acuñación de monedas,39911 - Acuñación de monedas
39912,5,39910,Impresión de billetes,39912 - Impresión de billetes
39990,4,39900,Otros Materiales y Suministros,39990 - Otros Materiales y Suministros
40000,1,,ACTIVOS REALES,40000 - ACTIVOS REALES
41000,2,40000,Inmobiliarios,41000 - Inmobiliarios
41100,3,41000,Edificios,41100 - Edificios
41200,3,41000,Tierras y Terrenos,41200 - Tierras y Terrenos
41300,3,41000,Otras Adquisiciones,41300 - Otras Adquisiciones
42000,2,40000,Construcciones,42000 - Construcciones
42200,3,42000,Construcciones y Mejoras de Bienes Públicos Nacionales de Dominio Privado,42200 - Construcciones y Mejoras de Bienes Públicos Nacionales de Dominio Privado
42210,4,42200,Construcciones y Mejoras de Viviendas,42210 - Construcciones y Mejoras de Viviendas
42220,4,42200,Construcciones y Mejoras para Defensa y Seguridad,42220 - Construcciones y Mejoras para Defensa y Seguridad
42230,4,42200,Otras Construcciones y Mejoras de Bienes Públicos de Dominio Privado,42230 - Otras Construcciones y Mejoras de Bienes Públicos de Dominio Privado
42240,4,42200,Supervisión de Construcciones y Mejoras de Bienes Públicos de Dominio Privado,42240 - Supervisión de Construcciones y Mejoras de Bienes Públicos de Dominio Privado
42300,3,42000,Construcciones y Mejoras de Bienes Nacionales de Dominio Público,42300 - Construcciones y Mejoras de Bienes Nacionales de Dominio Público
42310,4,42300,Construcciones y Mejoras de Bienes de Dominio Público,42310 - Construcciones y Mejoras de Bienes de Dominio Público
42320,4,42300,Supervisión de Construcciones y Mejoras de Bienes de Dominio Público,42320 - Supervisión de Construcciones y Mejoras de Bienes de Dominio Público
42400,3,42000,Construcciones y Mejoras de Bienes Públicos Nacionales de Dominio Privado - Llave en,42400 - Construcciones y Mejoras de Bienes Públicos Nacionales de Dominio Privado - Llave en
42500,3,42000,Construcciones y Mejoras de Bienes Públicos Nacionales de Dominio Público - Llave en,42500 - Construcciones y Mejoras de Bienes Públicos Nacionales de Dominio Público - Llave en
43000,2,40000,Maquinaria y Equipo,43000 - Maquinaria y Equipo
43100,3,43000,Equipo de Oficina y Muebles,43100 - Equipo de Oficina y Muebles
43110,4,43100,Equipo de Oficina y Muebles,43110 - Equipo de Oficina y Muebles
43120,4,43100,Equipo de Computación,43120 - Equipo de Computación
43200,3,43000,Maquinaria y Equipo de Producción,43200 - Maquinaria y Equipo de Producción
43300,3,43000,"Equipo de Transporte, Tracción y Elevación","43300 - Equipo de Transporte, Tracción y Elevación"
43310,4,43300,Vehículos Livianos para Funciones Administrativas,43310 - Vehículos Livianos para Funciones Administrativas
43320,4,43300,Vehículos Livianos para Proyectos de Inversión Pública,43320 - Vehículos Livianos para Proyectos de Inversión Pública
43330,4,43300,Maquinaria y Equipo de Transporte,43330 - Maquinaria y Equipo de Transporte
43340,4,43300,Equipo de Elevación,43340 - Equipo de Elevación
43400,3,43000,Equipo Médico y de Laboratorio,43400 - Equipo Médico y de Laboratorio
43500,3,43000,Equipo de Comunicación,43500 - Equipo de Comunicación
43600,3,43000,Equipo Educacional y Recreativo,43600 - Equipo Educacional y Recreativo
43700,3,43000,Otra Maquinaria y Equipo,43700 - Otra Maquinaria y Equipo
46000,2,40000,Estudios y Proyectos para Inversión,46000 - Estudios y Proyectos para Inversión
46100,3,46000,Para Construcciones de Bienes Públicos de Dominio Privado,46100 - Para Construcciones de Bienes Públicos de Dominio Privado
46110,4,46100,Consultoría por Producto para Construcciones de Bienes Públicos de Dominio,46110 - Consultoría por Producto para Construcciones de Bienes Públicos de Dominio
46120,4,46100,Consultoría de Línea para Construcciones de Bienes Públicos de Dominio,46120 - Consultoría de Línea para Construcciones de Bienes Públicos de Dominio
46200,3,46000,Para Construcciones de Bienes de Dominio Público,46200 - Para Construcciones de Bienes de Dominio Público
46210,4,46200,Consultoría por Producto para Construcciones de Bienes Públicos de Dominio,46210 - Consultoría por Producto para Construcciones de Bienes Públicos de Dominio
46220,4,46200,Consultoría de Línea para Construcciones de Bienes Públicos de Dominio Público.,46220 - Consultoría de Línea para Construcciones de Bienes Públicos de Dominio Público.
46300,3,46000,"Consultoría para capacitación, transferencia de tecnología y organización para procesos","46300 - Consultoría para capacitación, transferencia de tecnología y organización para procesos"
46310,4,46300,Consultoría por Producto,46310 - Consultoría por Producto
46320,4,46300,Consultoría de Línea,46320 - Consultoría de Línea
49000,2,40000,Otros Activos,49000 - Otros Activos
49100,3,49000,Activos Intangibles,49100 - Activos Intangibles
49300,3,49000,Activos de Origen Animal,49300 - Activos de Origen Animal
49400,3,49000,Activos Museológicos y Culturales,49400 - Activos Museológicos y Culturales
49500,3,49000,Activos de Origen Vegetal,49500 - Activos de Origen Vegetal
49900,3,49000,Otros,49900 - Otros
50000,1,,ACTIVOS FINANCIEROS,50000 - ACTIVOS FINANCIEROS
51000,2,50000,"Compra de Acciones, Participaciones de Capital e Inversiones","51000 - Compra de Acciones, Participaciones de Capital e Inversiones"
51100,3,51000,Acciones y Participaciones de Capital en Empresas Privadas Nacionales,51100 - Acciones y Participaciones de Capital en Empresas Privadas Nacionales
51200,3,51000,Acciones y Participaciones de Capital en Empresas Públicas Nacionales,51200 - Acciones y Participaciones de Capital en Empresas Públicas Nacionales
51300,3,51000,Acciones y Participaciones de Capital en Empresas Públicas Territoriales,51300 - Acciones y Participaciones de Capital en Empresas Públicas Territoriales
51310,4,51300,Del Gobierno Autónomo Departamental,51310 - Del Gobierno Autónomo Departamental
51320,4,51300,Del Gobierno Autónomo Municipal,51320 - Del Gobierno Autónomo Municipal
51330,4,51300,Del Gobierno Autónomo Indígena Originario Campesino,51330 - Del Gobierno Autónomo Indígena Originario Campesino
51340,4,51300,Del Gobierno Autónomo Regional,51340 - Del Gobierno Autónomo Regional
51500,3,51000,Acciones y Participaciones de Capital en Instituciones Públicas Financieras No Bancarias,51500 - Acciones y Participaciones de Capital en Instituciones Públicas Financieras No Bancarias
51600,3,51000,Acciones y Participaciones de Capital en Instituciones Públicas Financieras Bancarias,51600 - Acciones y Participaciones de Capital en Instituciones Públicas Financieras Bancarias
51700,3,51000,Acciones y Participaciones de Capital en Organismos Internacionales,51700 - Acciones y Participaciones de Capital en Organismos Internacionales
51800,3,51000,Otras Acciones y Participaciones de Capital en el Exterior,51800 - Otras Acciones y Participaciones de Capital en el Exterior
51900,3,51000,Inversiones en el Exterior,51900 - Inversiones en el Exterior
52000,2,50000,Concesión de Préstamos a Corto Plazo al Sector Público No Financiero,52000 - Concesión de Préstamos a Corto Plazo al Sector Público No Financiero
52100,3,52000,Concesión de Préstamos a Corto Plazo a los Órganos del Estado Plurinacional,52100 - Concesión de Préstamos a Corto Plazo a los Órganos del Estado Plurinacional
52200,3,52000,Concesión de Préstamos a Corto Plazo a Instituciones Públicas Descentralizadas,52200 - Concesión de Préstamos a Corto Plazo a Instituciones Públicas Descentralizadas
52400,3,52000,Concesión de Préstamos a Corto Plazo a Entidades Territoriales Autónomas,52400 - Concesión de Préstamos a Corto Plazo a Entidades Territoriales Autónomas
52410,4,52400,Gobierno Autónomo Departamental,52410 - Gobierno Autónomo Departamental
52420,4,52400,Gobierno Autónomo Municipal,52420 - Gobierno Autónomo Municipal
52430,4,52400,Gobierno Autónomo Indígena Originario Campesino,52430 - Gobierno Autónomo Indígena Originario Campesino
52440,4,52400,Gobierno Autónomo Regional,52440 - Gobierno Autónomo Regional
52600,3,52000,Concesión de Préstamos a Corto Plazo a Instituciones de Seguridad Social,52600 - Concesión de Préstamos a Corto Plazo a Instituciones de Seguridad Social
52700,3,52000,Concesión de Préstamos a Corto Plazo a Empresas Públicas Nacionales,52700 - Concesión de Préstamos a Corto Plazo a Empresas Públicas Nacionales
52800,3,52000,Concesión de Préstamos a Corto Plazo a Empresas Públicas Territoriales,52800 - Concesión de Préstamos a Corto Plazo a Empresas Públicas Territoriales
52810,4,52800,Del Gobierno Autónomo Departamental,52810 - Del Gobierno Autónomo Departamental
52820,4,52800,Del Gobierno Autónomo Municipal,52820 - Del Gobierno Autónomo Municipal
52830,4,52800,Del Gobierno Autónomo Indígena Originario Campesino,52830 - Del Gobierno Autónomo Indígena Originario Campesino
52840,4,52800,Del Gobierno Autónomo Regional,52840 - Del Gobierno Autónomo Regional
53000,2,50000,Concesión de Préstamos a Largo Plazo al Sector Público No Financiero,53000 - Concesión de Préstamos a Largo Plazo al Sector Público No Financiero
53100,3,53000,Concesión de Préstamos a Largo Plazo a los Órganos del Estado Plurinacional,53100 - Concesión de Préstamos a Largo Plazo a los Órganos del Estado Plurinacional
53200,3,53000,Concesión de Préstamos a Largo Plazo a Instituciones Públicas Descentralizadas,53200 - Concesión de Préstamos a Largo Plazo a Instituciones Públicas Descentralizadas
53400,3,53000,Concesión de Préstamos a Largo Plazo a Entidades Territoriales Autónomas,53400 - Concesión de Préstamos a Largo Plazo a Entidades Territoriales Autónomas
53410,4,53400,Gobierno Autónomo Departamental,53410 - Gobierno Autónomo Departamental
53420,4,53400,Gobierno Autónomo Municipal,53420 - Gobierno Autónomo Municipal
53430,4,53400,Gobierno Autónomo Indígena Originario Campesino,53430 - Gobierno Autónomo Indígena Originario Campesino
53440,4,53400,Gobierno Autónomo Regional,53440 - Gobierno Autónomo Regional
53600,3,53000,Concesión de Préstamos a Largo Plazo a Instituciones de Seguridad Social,53600 - Concesión de Préstamos a Largo Plazo a Instituciones de Seguridad Social
53700,3,53000,Concesión de Préstamos a Largo Plazo a Empresas Públicas Nacionales,53700 - Concesión de Préstamos a Largo Plazo a Empresas Públicas Nacionales
53800,3,53000,Concesión de Préstamos a Largo Plazo a Empresas Públicas Territoriales,53800 - Concesión de Préstamos a Largo Plazo a Empresas Públicas Territoriales
53810,4,53800,Del Gobierno Autónomo Departamental,53810 - Del Gobierno Autónomo Departamental
53820,4,53800,Del Gobierno Autónomo Municipal,53820 - Del Gobierno Autónomo Municipal
53830,4,53800,Del Gobierno Autónomo Indígena Originario Campesino,53830 - Del Gobierno Autónomo Indígena Originario Campesino
53840,4,53800,Del Gobierno Autónomo Regional,53840 - Del Gobierno Autónomo Regional
54000,2,50000,Concesión de Préstamos al Sector Público Financiero y a los Sectores Privado y del Exterior,54000 - Concesión de Préstamos al Sector Público Financiero y a los Sectores Privado y del Exterior
54100,3,54000,Concesión de Préstamos a Corto Plazo a Instituciones Públicas Financieras No Bancarias,54100 - Concesión de Préstamos a Corto Plazo a Instituciones Públicas Financieras No Bancarias
54200,3,54000,Concesión de Préstamos a Corto Plazo a Instituciones Públicas Financieras Bancarias,54200 - Concesión de Préstamos a Corto Plazo a Instituciones Públicas Financieras Bancarias
54300,3,54000,Concesión de Préstamos a Corto Plazo al Sector Privado,54300 - Concesión de Préstamos a Corto Plazo al Sector Privado
54400,3,54000,Concesión de Préstamos a Corto Plazo al Exterior,54400 - Concesión de Préstamos a Corto Plazo al Exterior
54600,3,54000,Concesión de Préstamos a Largo Plazo a Instituciones Públicas Financieras No Bancarias,54600 - Concesión de Préstamos a Largo Plazo a Instituciones Públicas Financieras No Bancarias
54700,3,54000,Concesión de Préstamos a Largo Plazo a Instituciones Públicas Financieras Bancarias,54700 - Concesión de Préstamos a Largo Plazo a Instituciones Públicas Financieras Bancarias
54800,3,54000,Concesión de Préstamos a Largo Plazo al Sector Privado,54800 - Concesión de Préstamos a Largo Plazo al Sector Privado
54900,3,54000,Concesión de Préstamos a Largo Plazo al Exterior,54900 - Concesión de Préstamos a Largo Plazo al Exterior
55000,2,50000,Compra de Títulos y Valores,55000 - Compra de Títulos y Valores
55100,3,55000,Títulos y Valores a Corto Plazo,55100 - Títulos y Valores a Corto Plazo
55110,4,55100,Letras del Tesoro,55110 - Letras del Tesoro
55120,4,55100,Bonos del Tesoro,55120 - Bonos del Tesoro
55130,4,55100,Otros,55130 - Otros
55200,3,55000,Títulos y Valores a Largo Plazo,55200 - Títulos y Valores a Largo Plazo
55210,4,55200,Letras del Tesoro,55210 - Letras del Tesoro
55220,4,55200,Bonos del Tesoro,55220 - Bonos del Tesoro
55230,4,55200,Otros,55230 - Otros
56000,2,50000,Constitución de Fideicomisos y Servicios Financieros,56000 - Constitución de Fideicomisos y Servicios Financieros
56100,3,56000,Colocación de Fondos en Fideicomiso,56100 - Colocación de Fondos en Fideicomiso
56200,3,56000,Concesiones de Recursos de Fideicomisos,56200 - Concesiones de Recursos de Fideicomisos
56300,3,56000,Colocación de Fondos por Servicios Financieros,56300 - Colocación de Fondos por Servicios Financieros
57000,2,50000,Incremento de Disponibilidades,57000 - Incremento de Disponibilidades
57100,3,57000,Incremento de Caja y Bancos,57100 - Incremento de Caja y Bancos
57200,3,57000,Incremento de Inversiones Temporales,57200 - Incremento de Inversiones Temporales
58000,2,50000,Incremento de Cuentas y Documentos por Cobrar y Otros Activos Financieros,58000 - Incremento de Cuentas y Documentos por Cobrar y Otros Activos Financieros
58100,3,58000,Incremento de Cuentas por Cobrar a Corto Plazo,58100 - Incremento de Cuentas por Cobrar a Corto Plazo
58200,3,58000,Incremento de Documentos por Cobrar y Otros Activos Financieros a Corto Plazo,58200 - Incremento de Documentos por Cobrar y Otros Activos Financieros a Corto Plazo
58210,4,58200,Incremento de Documentos por Cobrar a Corto Plazo,58210 - Incremento de Documentos por Cobrar a Corto Plazo
58220,4,58200,Incremento de Otros Activos Financieros a Corto Plazo,58220 - Incremento de Otros Activos Financieros a Corto Plazo
58300,3,58000,Incremento de Cuentas por Cobrar a Largo Plazo,58300 - Incremento de Cuentas por Cobrar a Largo Plazo
58400,3,58000,Incremento de Documentos por Cobrar y Otros Activos Financieros a Largo Plazo,58400 - Incremento de Documentos por Cobrar y Otros Activos Financieros a Largo Plazo
58410,4,58400,Incremento de Documentos por Cobrar a Largo Plazo,58410 - Incremento de Documentos por Cobrar a Largo Plazo
58420,4,58400,Incremento de Otros Activos Financieros a Largo Plazo,58420 - Incremento de Otros Activos Financieros a Largo Plazo
59000,2,50000,Afectaciones al Tesoro General de la Nación,59000 - Afectaciones al Tesoro General de la Nación
59100,3,59000,Afectaciones al Tesoro General de la Nación,59100 - Afectaciones al Tesoro General de la Nación
60000,1,,SERVICIO DE LA DEUDA PÚBLICA Y DISMINUCIÓN DE OTROS PASIVOS,60000 - SERVICIO DE LA DEUDA PÚBLICA Y DISMINUCIÓN DE OTROS PASIVOS
61000,2,60000,Servicio de la Deuda Pública Interna,61000 - Servicio de la Deuda Pública Interna
61100,3,61000,Amortización de la Deuda Pública Interna a Corto Plazo,61100 - Amortización de la Deuda Pública Interna a Corto Plazo
61200,3,61000,Intereses de la Deuda Pública Interna a Corto Plazo,61200 - Intereses de la Deuda Pública Interna a Corto Plazo
61300,3,61000,Comisiones y Otros Gastos de la Deuda Pública Interna a Corto Plazo,61300 - Comisiones y Otros Gastos de la Deuda Pública Interna a Corto Plazo
61400,3,61000,Intereses por Mora y Multas de la Deuda Pública Interna a Corto Plazo,61400 - Intereses por Mora y Multas de la Deuda Pública Interna a Corto Plazo
61600,3,61000,Amortización de la Deuda Pública Interna a Largo Plazo,61600 - Amortización de la Deuda Pública Interna a Largo Plazo
61700,3,61000,Intereses de la Deuda Pública Interna a Largo Plazo,61700 - Intereses de la Deuda Pública Interna a Largo Plazo
61800,3,61000,Comisiones y Otros Gastos de la Deuda Pública Interna a Largo Plazo,61800 - Comisiones y Otros Gastos de la Deuda Pública Interna a Largo Plazo
61900,3,61000,Intereses por Mora y Multas de la Deuda Pública Interna a Largo Plazo,61900 - Intereses por Mora y Multas de la Deuda Pública Interna a Largo Plazo
62000,2,60000,Servicio de la Deuda Pública Externa,62000 - Servicio de la Deuda Pública Externa
62100,3,62000,Amortización de la Deuda Pública Externa a Corto Plazo,62100 - Amortización de la Deuda Pública Externa a Corto Plazo
62200,3,62000,Intereses de la Deuda Pública Externa a Corto Plazo,62200 - Intereses de la Deuda Pública Externa a Corto Plazo
62300,3,62000,Comisiones y Otros Gastos de la Deuda Pública Externa a Corto Plazo,62300 - Comisiones y Otros Gastos de la Deuda Pública Externa a Corto Plazo
62400,3,62000,Intereses por Mora y Multas de la Deuda Pública Externa a Corto Plazo,62400 - Intereses por Mora y Multas de la Deuda Pública Externa a Corto Plazo
62600,3,62000,Amortización de la Deuda Pública Externa a Largo Plazo,62600 - Amortización de la Deuda Pública Externa a Largo Plazo
62700,3,62000,Intereses de la Deuda Pública Externa a Largo Plazo,62700 - Intereses de la Deuda Pública Externa a Largo Plazo
62800,3,62000,Comisiones y Otros Gastos de la Deuda Pública Externa a Largo Plazo,62800 - Comisiones y Otros Gastos de la Deuda Pública Externa a Largo Plazo
62900,3,62000,Intereses por Mora y Multas de la Deuda Pública Externa a Largo Plazo,62900 - Intereses por Mora y Multas de la Deuda Pública Externa a Largo Plazo
63000,2,60000,Disminución de Cuentas por Pagar a Corto Plazo,63000 - Disminución de Cuentas por Pagar a Corto Plazo
63100,3,63000,Disminución de Cuentas por Pagar a Corto Plazo por Deudas Comerciales con Proveedores,63100 - Disminución de Cuentas por Pagar a Corto Plazo por Deudas Comerciales con Proveedores
63200,3,63000,Disminución de Cuentas por Pagar a Corto Plazo con Contratistas,63200 - Disminución de Cuentas por Pagar a Corto Plazo con Contratistas
63300,3,63000,Disminución de Cuentas por Pagar a Corto Plazo por Sueldos y Jornales,63300 - Disminución de Cuentas por Pagar a Corto Plazo por Sueldos y Jornales
63400,3,63000,Disminución de Cuentas por Pagar a Corto Plazo por Aportes Patronales,63400 - Disminución de Cuentas por Pagar a Corto Plazo por Aportes Patronales
63500,3,63000,Disminución de Cuentas por Pagar a Corto Plazo por Retenciones,63500 - Disminución de Cuentas por Pagar a Corto Plazo por Retenciones
63600,3,63000,"Disminución de Cuentas por Pagar a Corto Plazo por Impuestos, Regalías y Tasas","63600 - Disminución de Cuentas por Pagar a Corto Plazo por Impuestos, Regalías y Tasas"
63700,3,63000,Disminución de Cuentas por Pagar a Corto Plazo por Jubilaciones y Pensiones,63700 - Disminución de Cuentas por Pagar a Corto Plazo por Jubilaciones y Pensiones
63800,3,63000,Disminución de Cuentas por Pagar a Corto Plazo por Intereses,63800 - Disminución de Cuentas por Pagar a Corto Plazo por Intereses
63900,3,63000,Disminución de Otros Pasivos y Otras Cuentas por Pagar a Corto Plazo,63900 - Disminución de Otros Pasivos y Otras Cuentas por Pagar a Corto Plazo
64000,2,60000,Disminución de Cuentas por Pagar a Largo Plazo,64000 - Disminución de Cuentas por Pagar a Largo Plazo
64100,3,64000,Disminución de Cuentas por Pagar a Largo Plazo por Deudas Comerciales,64100 - Disminución de Cuentas por Pagar a Largo Plazo por Deudas Comerciales
64200,3,64000,Disminución de Otras Cuentas por Pagar a Largo Plazo,64200 - Disminución de Otras Cuentas por Pagar a Largo Plazo
65000,2,60000,Gastos Devengados No Pagados – TGN,65000 - Gastos Devengados No Pagados – TGN
65100,3,65000,Gastos Devengados No Pagados por Servicios Personales,65100 - Gastos Devengados No Pagados por Servicios Personales
65200,3,65000,"Gastos Devengados No Pagados por Servicios No Personales, Materiales y Suministros,","65200 - Gastos Devengados No Pagados por Servicios No Personales, Materiales y Suministros,"
65210,4,65200,Gastos Devengados No Pagados por Servicios No Personales,65210 - Gastos Devengados No Pagados por Servicios No Personales
65220,4,65200,Gastos Devengados No Pagados por Materiales y Suministros,65220 - Gastos Devengados No Pagados por Materiales y Suministros
65230,4,65200,Gastos Devengados No Pagados por Activos Reales,65230 - Gastos Devengados No Pagados por Activos Reales
65240,4,65200,Gastos Devengados No Pagados por Activos Financieros,65240 - Gastos Devengados No Pagados por Activos Financieros
65300,3,65000,Gastos Devengados No Pagados por Transferencias,65300 - Gastos Devengados No Pagados por Transferencias
65400,3,65000,Gastos Devengados No Pagados por Retenciones,65400 - Gastos Devengados No Pagados por Retenciones
65500,3,65000,Gastos Devengados No Pagados por Intereses Deuda Pública Interna,65500 - Gastos Devengados No Pagados por Intereses Deuda Pública Interna
65600,3,65000,Gastos Devengados No Pagados por Intereses Deuda Pública Externa,65600 - Gastos Devengados No Pagados por Intereses Deuda Pública Externa
65700,3,65000,Gastos Devengados No Pagados por Comisiones Deuda Pública Interna,65700 - Gastos Devengados No Pagados por Comisiones Deuda Pública Interna
65800,3,65000,Gastos Devengados No Pagados por Comisiones Deuda Pública Externa,65800 - Gastos Devengados No Pagados por Comisiones Deuda Pública Externa
65900,3,65000,Otros Gastos Devengados No Pagados,65900 - Otros Gastos Devengados No Pagados
66000,2,60000,Gastos Devengados No Pagados – Otras Fuentes,66000 - Gastos Devengados No Pagados – Otras Fuentes
66100,3,66000,Gastos Devengados No Pagados por Servicios Personales,66100 - Gastos Devengados No Pagados por Servicios Personales
66200,3,66000,"Gastos Devengados No Pagados por Servicios No Personales, Materiales y Suministros,","66200 - Gastos Devengados No Pagados por Servicios No Personales, Materiales y Suministros,"
66210,4,66200,Gastos Devengados No Pagados por Servicios No Personales,66210 - Gastos Devengados No Pagados por Servicios No Personales
66220,4,66200,Gastos Devengados No Pagados por Materiales y Suministros,66220 - Gastos Devengados No Pagados por Materiales y Suministros
66230,4,66200,Gastos Devengados No Pagados por Activos Reales,66230 - Gastos Devengados No Pagados por Activos Reales
66240,4,66200,Gastos Devengados No Pagados por Activos Financieros,66240 - Gastos Devengados No Pagados por Activos Financieros
66250,4,66200,Gastos Devengados No Pagados por Servicio de la Deuda,66250 - Gastos Devengados No Pagados por Servicio de la Deuda
66300,3,66000,Gastos Devengados No Pagados por Transferencias,66300 - Gastos Devengados No Pagados por Transferencias
66400,3,66000,Gastos Devengados No pagados por Retenciones,66400 - Gastos Devengados No pagados por Retenciones
66900,3,66000,Otros Gastos No Pagados,66900 - Otros Gastos No Pagados
67000,2,60000,Obligaciones por Afectaciones al Tesoro General de la Nación,67000 - Obligaciones por Afectaciones al Tesoro General de la Nación
67100,3,67000,Obligaciones por Afectaciones al Tesoro General de la Nación,67100 - Obligaciones por Afectaciones al Tesoro General de la Nación
68000,2,60000,Disminución de Otros Pasivos,68000 - Disminución de Otros Pasivos
68200,3,68000,Pago de Beneficios Sociales,68200 - Pago de Beneficios Sociales
69000,2,60000,Devolución de Fondos - Fideicomisos,69000 - Devolución de Fondos - Fideicomisos
69100,3,69000,Devolución de Fondos - Fideicomiso de Corto Plazo,69100 - Devolución de Fondos - Fideicomiso de Corto Plazo
69200,3,69000,Devolución de Fondos - Fideicomiso de Largo Plazo,69200 - Devolución de Fondos - Fideicomiso de Largo Plazo
70000,1,,TRANSFERENCIAS,70000 - TRANSFERENCIAS
71000,2,70000,Transferencias Corrientes al Sector Privado,71000 - Transferencias Corrientes al Sector Privado
71100,3,71000,Pensiones y Jubilaciones,71100 - Pensiones y Jubilaciones
71200,3,71000,Becas,71200 - Becas
71210,4,71200,Becas de Estudios Otorgadas a los Servidores Públicos,71210 - Becas de Estudios Otorgadas a los Servidores Públicos
71220,4,71200,Becas de Estudios Otorgadas a los Estudiantes Universitarios,71220 - Becas de Estudios Otorgadas a los Estudiantes Universitarios
71230,4,71200,Becas de Estudios Otorgadas a Particulares,71230 - Becas de Estudios Otorgadas a Particulares
71300,3,71000,"Donaciones, Ayudas Sociales y Premios a Personas","71300 - Donaciones, Ayudas Sociales y Premios a Personas"
71500,3,71000,Subsidios a Personas ó Instituciones Privadas,71500 - Subsidios a Personas ó Instituciones Privadas
71600,3,71000,Subsidios y Donaciones a Personas e Instituciones Privadas sin Fines de Lucro,71600 - Subsidios y Donaciones a Personas e Instituciones Privadas sin Fines de Lucro
71610,4,71600,A Personas e Instituciones Privadas sin Fines de Lucro,71610 - A Personas e Instituciones Privadas sin Fines de Lucro
71630,4,71600,Otros de Carácter Social Establecidos por Norma Legal,71630 - Otros de Carácter Social Establecidos por Norma Legal
71700,3,71000,Subvenciones Económicas a Empresas,71700 - Subvenciones Económicas a Empresas
71800,3,71000,Pensiones Vitalicias,71800 - Pensiones Vitalicias
71900,3,71000,Transferencias por las Compras de Control Tributario,71900 - Transferencias por las Compras de Control Tributario
72000,2,70000,Transferencias Corrientes al Sector Público No Financiero por Participación en Tributos,72000 - Transferencias Corrientes al Sector Público No Financiero por Participación en Tributos
72200,3,72000,"Transferencias Corrientes a Instituciones Públicas Descentralizadas, Universidades","72200 - Transferencias Corrientes a Instituciones Públicas Descentralizadas, Universidades"
72400,3,72000,Transferencias Corrientes al Gobierno Autónomo Departamental por Participación en,72400 - Transferencias Corrientes al Gobierno Autónomo Departamental por Participación en
72410,4,72400,Para Educación,72410 - Para Educación
72420,4,72400,Otras,72420 - Otras
72500,3,72000,Transferencias Corrientes a los Gobiernos Autónomos Municipales e Indígena Originario,72500 - Transferencias Corrientes a los Gobiernos Autónomos Municipales e Indígena Originario
72510,4,72500,Para Salud,72510 - Para Salud
72520,4,72500,Otras,72520 - Otras
73000,2,70000,Transferencias Corrientes al Sector Público No Financiero por Subsidios o Subvenciones,73000 - Transferencias Corrientes al Sector Público No Financiero por Subsidios o Subvenciones
73100,3,73000,Transferencias Corrientes al Órgano Ejecutivo del Estado Plurinacional por Subsidios o,73100 - Transferencias Corrientes al Órgano Ejecutivo del Estado Plurinacional por Subsidios o
73200,3,73000,"Transferencias Corrientes a los Órganos Legislativo, Judicial y Electoral, Entidades de","73200 - Transferencias Corrientes a los Órganos Legislativo, Judicial y Electoral, Entidades de"
73300,3,73000,Transferencias Corrientes del Fondo Compensatorio Nacional de Salud,73300 - Transferencias Corrientes del Fondo Compensatorio Nacional de Salud
73400,3,73000,Transferencias Corrientes a Entidades Territoriales Autónomas por Subsidios o,73400 - Transferencias Corrientes a Entidades Territoriales Autónomas por Subsidios o
73410,4,73400,Gobierno Autónomo Departamental,73410 - Gobierno Autónomo Departamental
73420,4,73400,Gobierno Autónomo Municipal,73420 - Gobierno Autónomo Municipal
73430,4,73400,Gobierno Autónomo Indígena Originario Campesino,73430 - Gobierno Autónomo Indígena Originario Campesino
73440,4,73400,Gobierno Autónomo Regional,73440 - Gobierno Autónomo Regional
73600,3,73000,Transferencias Corrientes a Instituciones de Seguridad Social por Subsidios o,73600 - Transferencias Corrientes a Instituciones de Seguridad Social por Subsidios o
73700,3,73000,Transferencias Corrientes a Empresas Públicas Nacionales por Subsidios o Subvenciones,73700 - Transferencias Corrientes a Empresas Públicas Nacionales por Subsidios o Subvenciones
73800,3,73000,Transferencias Corrientes a Empresas Públicas de las Entidades Territoriales Autónomas,73800 - Transferencias Corrientes a Empresas Públicas de las Entidades Territoriales Autónomas
73810,4,73800,Empresas Públicas Departamentales,73810 - Empresas Públicas Departamentales
73820,4,73800,Empresas Públicas Municipales,73820 - Empresas Públicas Municipales
73830,4,73800,Empresas Públicas Indígenas Originarias Campesinas,73830 - Empresas Públicas Indígenas Originarias Campesinas
73840,4,73800,Empresas Públicas Regionales,73840 - Empresas Públicas Regionales
74000,2,70000,Transferencias Corrientes al Sector Público Financiero,74000 - Transferencias Corrientes al Sector Público Financiero
74100,3,74000,Transferencias Corrientes a Instituciones Públicas Financieras No Bancarias,74100 - Transferencias Corrientes a Instituciones Públicas Financieras No Bancarias
74200,3,74000,Transferencias Corrientes a Instituciones Públicas Financieras Bancarias,74200 - Transferencias Corrientes a Instituciones Públicas Financieras Bancarias
75000,2,70000,Transferencias de Capital al Sector Privado,75000 - Transferencias de Capital al Sector Privado
75100,3,75000,Transferencias de Capital a Personas,75100 - Transferencias de Capital a Personas
75110,4,75100,En Efectivo,75110 - En Efectivo
75120,4,75100,En Especie,75120 - En Especie
75200,3,75000,Transferencias de Capital a Instituciones Privadas sin Fines de Lucro,75200 - Transferencias de Capital a Instituciones Privadas sin Fines de Lucro
75210,4,75200,A Instituciones Privadas sin Fines de Lucro,75210 - A Instituciones Privadas sin Fines de Lucro
75211,5,75210,En Efectivo,75211 - En Efectivo
75212,5,75210,En Especie,75212 - En Especie
75220,4,75200,Otras de carácter económico – productivo,75220 - Otras de carácter económico – productivo
75221,5,75220,En Efectivo,75221 - En Efectivo
75222,5,75220,En Especie,75222 - En Especie
75300,3,75000,Transferencias de Capital a Empresas Privadas,75300 - Transferencias de Capital a Empresas Privadas
75310,4,75300,En Efectivo,75310 - En Efectivo
75320,4,75300,En Especie,75320 - En Especie
77000,2,70000,Transferencias de Capital al Sector Público No Financiero por Subsidios o Subvenciones,77000 - Transferencias de Capital al Sector Público No Financiero por Subsidios o Subvenciones
77100,3,77000,Transferencias de Capital al Órgano Ejecutivo del Estado Plurinacional por Subsidios o,77100 - Transferencias de Capital al Órgano Ejecutivo del Estado Plurinacional por Subsidios o
77200,3,77000,"Transferencias de Capital a los Órganos Legislativo, Judicial y Electoral, Entidades de","77200 - Transferencias de Capital a los Órganos Legislativo, Judicial y Electoral, Entidades de"
77400,3,77000,Transferencias de Capital a los Gobiernos Autónomos Departamentales y Regional por,77400 - Transferencias de Capital a los Gobiernos Autónomos Departamentales y Regional por
77410,4,77400,Al Gobierno Autónomo Departamental,77410 - Al Gobierno Autónomo Departamental
77440,4,77400,Al Gobierno Autónomo Regional,77440 - Al Gobierno Autónomo Regional
77500,3,77000,Transferencias de Capital a los Gobiernos Autónomos Municipales e Indígena Originario,77500 - Transferencias de Capital a los Gobiernos Autónomos Municipales e Indígena Originario
77520,4,77500,Por Patentes Petroleras,77520 - Por Patentes Petroleras
77530,4,77500,Otras,77530 - Otras
77600,3,77000,Transferencias de Capital a Instituciones de Seguridad Social por Subsidios o Subvenciones,77600 - Transferencias de Capital a Instituciones de Seguridad Social por Subsidios o Subvenciones
77700,3,77000,Transferencias de Capital a Empresas Públicas Nacionales por Subsidios o Subvenciones,77700 - Transferencias de Capital a Empresas Públicas Nacionales por Subsidios o Subvenciones
77800,3,77000,Transferencias de Capital a Empresas Públicas de las Entidades Territoriales Autónomas,77800 - Transferencias de Capital a Empresas Públicas de las Entidades Territoriales Autónomas
77810,4,77800,A Empresas Públicas Departamentales,77810 - A Empresas Públicas Departamentales
77820,4,77800,A Empresas Públicas Municipales,77820 - A Empresas Públicas Municipales
77830,4,77800,A Empresas Públicas Indígenas Originarias y Campesinas,77830 - A Empresas Públicas Indígenas Originarias y Campesinas
77840,4,77800,A Empresas Públicas Regionales,77840 - A Empresas Públicas Regionales
78000,2,70000,Transferencias de Capital al Sector Público Financiero,78000 - Transferencias de Capital al Sector Público Financiero
78100,3,78000,Transferencias de Capital a Instituciones Públicas Financieras No Bancarias,78100 - Transferencias de Capital a Instituciones Públicas Financieras No Bancarias
78200,3,78000,Transferencias de Capital a Instituciones Públicas Financieras Bancarias,78200 - Transferencias de Capital a Instituciones Públicas Financieras Bancarias
79000,2,70000,"Transferencias a Gobiernos Extranjeros, Organismos Internacionales y otros","79000 - Transferencias a Gobiernos Extranjeros, Organismos Internacionales y otros"
79100,3,79000,Transferencias Corrientes a Gobiernos Extranjeros y Organismos Internacionales por,79100 - Transferencias Corrientes a Gobiernos Extranjeros y Organismos Internacionales por
79200,3,79000,Transferencias Corrientes a Gobiernos Extranjeros y Organismos Internacionales por,79200 - Transferencias Corrientes a Gobiernos Extranjeros y Organismos Internacionales por
79300,3,79000,Otras Transferencias Corrientes al Exterior,79300 - Otras Transferencias Corrientes al Exterior
79310,4,79300,Transferencias al Exterior en Efectivo,79310 - Transferencias al Exterior en Efectivo
79320,4,79300,Transferencias al Exterior en Especie,79320 - Transferencias al Exterior en Especie
79400,3,79000,Transferencias de Capital al Exterior,79400 - Transferencias de Capital al Exterior
79500,3,79000,Transferencias a Organismos Internacionales,79500 - Transferencias a Organismos Internacionales
80000,1,,"IMPUESTOS, REGALÍAS Y TASAS","80000 - IMPUESTOS, REGALÍAS Y TASAS"
81000,2,80000,Renta Interna,81000 - Renta Interna
81100,3,81000,Impuesto sobre las Utilidades de las Empresas,81100 - Impuesto sobre las Utilidades de las Empresas
81200,3,81000,Impuesto a las Transacciones,81200 - Impuesto a las Transacciones
81300,3,81000,Impuesto al Valor Agregado Mercado Interno,81300 - Impuesto al Valor Agregado Mercado Interno
81400,3,81000,Impuesto al Valor Agregado Importaciones,81400 - Impuesto al Valor Agregado Importaciones
81500,3,81000,Impuesto a los Consumos Específicos Mercado Interno,81500 - Impuesto a los Consumos Específicos Mercado Interno
81600,3,81000,Impuesto a los Consumos Específicos Importaciones,81600 - Impuesto a los Consumos Específicos Importaciones
81700,3,81000,Impuesto Especial a los Hidrocarburos y sus Derivados Mercado Interno,81700 - Impuesto Especial a los Hidrocarburos y sus Derivados Mercado Interno
81800,3,81000,Impuesto Especial a los Hidrocarburos y sus Derivados Importación,81800 - Impuesto Especial a los Hidrocarburos y sus Derivados Importación
81900,3,81000,Otros Impuestos,81900 - Otros Impuestos
81910,4,81900,Impuesto a las Salidas Aéreas al Exterior,81910 - Impuesto a las Salidas Aéreas al Exterior
81950,4,81900,Impuesto a la Transmisión Gratuita de Bienes- ITGB,81950 - Impuesto a la Transmisión Gratuita de Bienes- ITGB
81960,4,81900,Impuesto a las Transacciones Financieras – ITF,81960 - Impuesto a las Transacciones Financieras – ITF
81990,4,81900,Otros,81990 - Otros
82000,2,80000,Renta Aduanera,82000 - Renta Aduanera
82100,3,82000,Gravamen Arancelario,82100 - Gravamen Arancelario
83000,2,80000,Impuestos Municipales,83000 - Impuestos Municipales
83100,3,83000,Impuesto a la Propiedad de Bienes,83100 - Impuesto a la Propiedad de Bienes
83110,4,83100,Bienes Inmuebles,83110 - Bienes Inmuebles
83120,4,83100,Vehículos Automotores,83120 - Vehículos Automotores
83200,3,83000,Impuesto a las Transferencias onerosas de bienes inmuebles y vehículos automotores,83200 - Impuesto a las Transferencias onerosas de bienes inmuebles y vehículos automotores
83210,4,83200,Bienes Inmuebles,83210 - Bienes Inmuebles
83220,4,83200,Vehículos Automotores,83220 - Vehículos Automotores
84000,2,80000,Regalías,84000 - Regalías
84100,3,84000,Regalías Mineras,84100 - Regalías Mineras
84200,3,84000,Regalías por Hidrocarburos,84200 - Regalías por Hidrocarburos
84230,4,84200,6% Participación TGN,84230 - 6% Participación TGN
84240,4,84200,11% Sobre Producción por Regalías Departamentales,84240 - 11% Sobre Producción por Regalías Departamentales
84250,4,84200,1% Sobre Producción para Regalías Compensatoria Departamental,84250 - 1% Sobre Producción para Regalías Compensatoria Departamental
84300,3,84000,Regalías Agropecuarias,84300 - Regalías Agropecuarias
84900,3,84000,Otras Regalías,84900 - Otras Regalías
85000,2,80000,"Tasas, Multas y Otros","85000 - Tasas, Multas y Otros"
85100,3,85000,Tasas,85100 - Tasas
85200,3,85000,Derechos,85200 - Derechos
85300,3,85000,Contribuciones por Mejoras,85300 - Contribuciones por Mejoras
85400,3,85000,Multas,85400 - Multas
85500,3,85000,Intereses Penales,85500 - Intereses Penales
85900,3,85000,Otros,85900 - Otros
86000,2,80000,Patentes,86000 - Patentes
86100,3,86000,Patentes,86100 - Patentes
90000,1,,OTROS GASTOS,90000 - OTROS GASTOS
91000,2,90000,Intereses de Instituciones Financieras,91000 - Intereses de Instituciones Financieras
91100,3,91000,Intereses de Instituciones Públicas Financieras no Bancarias,91100 - Intereses de Instituciones Públicas Financieras no Bancarias
91200,3,91000,Intereses de Instituciones Públicas Financieras Bancarias,91200 - Intereses de Instituciones Públicas Financieras Bancarias
92000,2,90000,Otros Gastos Financieros,92000 - Otros Gastos Financieros
92100,3,92000,Gastos Financieros por Operaciones con Activos Virtuales,92100 - Gastos Financieros por Operaciones con Activos Virtuales
94000,2,90000,Beneficios Sociales y Otros,94000 - Beneficios Sociales y Otros
94100,3,94000,Indemnización,94100 - Indemnización
94200,3,94000,Desahucio,94200 - Desahucio
94300,3,94000,Otros Beneficios Sociales,94300 - Otros Beneficios Sociales
95000,2,90000,Contingencias Judiciales y otras,95000 - Contingencias Judiciales y otras
95100,3,95000,Contingencias Judiciales y otras,95100 - Contingencias Judiciales y otras
96000,2,90000,Otras Pérdidas y Devoluciones,96000 - Otras Pérdidas y Devoluciones
96100,3,96000,Pérdidas en Operaciones Cambiarias,96100 - Pérdidas en Operaciones Cambiarias
96200,3,96000,Devoluciones,96200 - Devoluciones
96900,3,96000,Otras Pérdidas,96900 - Otras Pérdidas
97000,2,90000,Comisiones y Bonificaciones,97000 - Comisiones y Bonificaciones
97100,3,97000,Comisiones por Ventas,97100 - Comisiones por Ventas
97200,3,97000,Bonificaciones por Ventas,97200 - Bonificaciones por Ventas
98000,2,90000,Retiros de Capital,98000 - Retiros de Capital
98100,3,98000,Del Sector Público,98100 - Del Sector Público
98200,3,98000,Del Sector Privado,98200 - Del Sector Privado
98300,3,98000,Pago de Dividendos,98300 - Pago de Dividendos
99000,2,90000,Previsiones para Gastos Corrientes y de Capital,99000 - Previsiones para Gastos Corrientes y de Capital
99100,3,99000,Previsiones para Gastos de Capital,99100 - Previsiones para Gastos de Capital
99200,3,99000,Previsiones para Gastos Corrientes,99200 - Previsiones para Gastos Corrientes
