DEPARTAMEN,PROVINCIA,MUNICIPIO,CAPITAL,F_LEY_PROV,LEY_MUN,F_LEY_MUN,X,Y,MUN_ALTERN,PIB_USD2017,POB_ESTIMADA,POP_WORLDPOP_PONDERADOR,CELDAS_INTERSECTADAS,PIBPC_USD2017
Santa Cruz,Chiquitos,Roboré,Roboré,1880-10-12,CSL,1947-11-26,-59.6118829434,-18.2154045302,Roboré,101026788.06413876,37721.79426119848,21663.408255849557,18,2678.2073876071495
Santa Cruz,Cordillera,Charagua,Charagua,1894-09-06,CSL,1894-09-06,-61.6112030896,-19.0918298979,Charagua,232831074.82115605,75607.38906403031,44595.052507715765,126,3079.47513733051
Santa Cruz,Cordillera,Gutiérrez,Gutiérrez,1894-09-06,CSL,1940-11-06,-63.5038259691,-19.3944339098,Gutiérrez,18308716.758435618,7390.608063122125,10225.231708571802,11,2477.295048264431
Santa Cruz,Cordillera,Camiri,Camiri,1894-09-06,CSL,1940-11-06,-63.4880061739,-20.0349026325,Camiri,46334616.54178246,15361.817103072946,28370.41362529293,4,3016.219776012942
Santa Cruz,Chiquitos,San José,San José,1880-10-12,CSL,1880-10-12,-60.4248016976,-17.7022304912,San Jose de Chiquitos,123568386.11806315,49613.39496001918,40387.25208066535,39,2490.625489701731
Santa Cruz,Andrés Ibáñez,Santa Cruz de la Sierra,Santa Cruz de la Sierra,1944-12-06,1669,1995-10-31,-62.9981240725,-17.8070610996,Santa Cruz de la Sierra,7049716131.4828205,1908143.4147338092,2034579.3426365133,6,3694.5420753220865
Santa Cruz,Chiquitos,Pailón,Pailón,1880-10-12,1518,1993-11-24,-61.9213221678,-17.7571427945,Pailón,80672206.46287599,24274.07646031054,53483.4719151717,32,3323.3893200748344
Potosí,Chayanta,Colquechaca,Colquechaca,1880-09-03,ML,1882-11-30,-66.0135409815,-18.8080739463,Colquechaca,84726932.5035822,39594.27621853939,28307.165128056877,9,2139.878300488043
Potosí,Chayanta,Pocoata,Pocoata,1880-09-03,CSL,1880-09-03,-66.1557315121,-18.6393723233,Pocoata,51745367.63055423,25452.71606181016,21539.500149387517,6,2032.9998380092004
Potosí,Daniel Campos,Llica,Llica,1949-12-26,CSL,1924-09-20,-68.4115663272,-20.0498265126,Llica,10218917.800072676,4141.209088309219,7621.667299746565,17,2467.616964552948
Cochabamba,Quillacollo,Quillacollo,Quillacollo,1905-09-14,ML,1905-09-14,-66.3292151638,-17.2112538514,Quillacollo,469963600.09486616,147691.178099336,146517.3094334459,4,3182.06954635281
Cochabamba,Chapare,Sacaba,Sacaba,1854-06-10,MDS,1855-10-09,-66.0304329847,-17.3316334267,Sacaba,895300677.0749612,211004.4775303943,185100.54683789387,6,4243.04113141863
Cochabamba,Quillacollo,Tiquipaya,Tiquipaya,1905-09-14,ML,1957-09-23,-66.2020267998,-17.1885965246,Tiquipaya,310143301.61419153,69788.98488332331,60054.21230072228,4,4444.015085370628
Cochabamba,Quillacollo,Colcapirhua,Colcapirhua,1905-09-14,ML,1987-03-18,-66.2325649728,-17.3904980751,Colcapirhua,275053689.27206254,60699.29046242052,53537.472457742726,2,4531.415230337013
Cochabamba,Quillacollo,Sipe Sipe,Sipesipe,1905-09-14,ML,1905-09-14,-66.3916973204,-17.5028771621,Sipe Sipe,136112497.08353415,43111.05112584412,42138.32562210657,3,3157.2530367263007
Cochabamba,Quillacollo,Vinto,Vinto,1905-09-14,ML,1960-12-10,-66.374089284,-17.3421997647,Vinto,170057601.66010508,54181.345931395546,54152.37511802266,1,3138.6743672892903
Cochabamba,Esteban Arze,Tarata,Tarata,1950-11-10,ML,1914-11-24,-66.0653599105,-17.6918290586,Tarata,29689349.58546257,8333.225527973373,8816.059190314394,3,3562.768040514436
Cochabamba,Carrasco,Totora,Totora,1926-09-14,MDS,1876-06-24,-65.1443281518,-17.5863350567,Totora,66740065.690271504,30268.58966703473,15217.44705023639,10,2204.9281590069445
Santa Cruz,Ichilo,Buena Vista,Buena Vista,1926-04-08,CSL,1926-05-03,-63.755955197,-17.6977582315,Buena Vista,40684703.577815466,18152.94522666135,18006.00871155718,11,2241.2177787030155
Santa Cruz,Ichilo,San Carlos,San Carlos,1926-04-08,CSL,1991-11-11,-63.7536020036,-17.2907266939,San Carlos,60380363.42424907,27615.272759470274,27561.02530481982,8,2186.484412091945
Beni,Iténez,Magdalena,Magdalena,1995-10-31,CSDS,1856-07-09,-63.6875290685,-12.9948015999,Magdalena,33707123.07313917,14196.932950399036,22621.008523427205,29,2374.2538751788466
Santa Cruz,Sara,Portachuelo,Portachuelo,1883-09-25,CSL,1883-09-25,-63.4485751723,-17.3568644758,Portachuelo,63472651.15619073,25707.571530921632,24818.089079064775,6,2469.0255584758143
Potosí,Sur Lipez,San Antonio de Esmoruco,San Antonio de Esmoruco,1885-12-04,639,1984-09-20,-66.6344764147,-22.0841476347,San Antonio de Esmoruco,2646014.679335969,870.7453634913206,4456.415686350432,9,3038.792728940375
Tarija,Avilés,Uriondo,Concepción,1957-12-26,CSDS,1945-10-25,-64.7084717376,-21.7429947196,Uriondo,52648697.35360342,19668.273410058297,16729.259282441235,6,2676.833713663907
Potosí,Sur Lipez,Mojinete,Mojinete,1885-12-04,1275,1991-10-10,-66.3510609938,-21.8140904551,Mojinete,2912687.2727342406,1009.3472475977047,2111.3700081825955,4,2885.713791429637
Tarija,Gran Chaco,Yacuiba,Yacuiba,1876-08-12,CSL,1957-02-25,-63.2849222463,-21.794026483,Yacuiba,344863755.6272038,97264.72267270045,102279.29890816596,10,3545.620098950816
Tarija,Avilés,Yunchará,Yunchará,1957-12-26,CSL,1957-12-26,-65.1628324837,-21.790291271,Yunchará,23349642.250010177,11297.560957963746,6441.473208751966,8,2066.7861263940176
Tarija,Gran Chaco,Caraparí,Caraparí,1876-08-12,ML,1880-10-19,-63.8989283738,-21.8159613922,Caraparí,16910650.813091688,5463.413785072558,16919.753724958355,13,3095.2535316464414
Tarija,Méndez,San Lorenzo,Villa San Lorenzo,1880-10-19,CSL,1880-10-19,-64.6952451869,-21.2341634422,Villa San Lorenzo,51854252.48020553,20477.85944314854,27470.589301733235,9,2532.2105869593156
Tarija,Méndez,El Puente,El Puente,1880-10-19,CSL,1947-05-12,-65.0494109735,-21.2784640146,Tomayapo (El Puente),42229654.33165325,15523.939885772143,13005.720365607354,8,2720.292312543492
Potosí,Enrique Baldivieso,San Agustín,San Agustín,1985-02-06,707,1985-02-06,-67.4139586623,-21.4952964406,San Agustín,5592891.660568298,1996.2512000640363,3355.5120743232837,9,2801.6973316729313
Tarija,Cercado,Tarija,Tarija,1880-10-19,CSL,1880-10-19,-64.5939866409,-21.5595060021,Tarija,735662688.6855677,257498.1940327068,225689.8192390361,10,2856.962517539543
Potosí,Chárcas,Toro Toro,Toro Toro,1880-09-03,CSL,1883-11-21,-65.7008566699,-18.2095446631,Toro Toro,24560202.633315895,13525.389362915948,11301.483508565405,6,1815.8591944609973
Potosí,Chárcas,San Pedro,San Pedro,1880-09-03,CSL,1880-09-03,-65.9682190293,-18.3406283882,San Pedro de Buena Vista,53066509.73784762,26400.653711701736,31358.357372779225,10,2010.0452934741763
Chuquisaca,Oropeza,Poroma,Poroma,1912-11-18,ML,1912-11-18,-65.3851521997,-18.6217942288,Poroma,31818525.76854498,13927.070947490516,13851.374212746974,7,2284.653096728733
Potosí,Chayanta,Ravelo,Ravelo,1880-09-03,CSL,1913-11-14,-65.5633725064,-18.7526965756,Ravelo,31874687.18207924,14681.346199720874,19214.60427151881,6,2171.101120324051
Potosí,Chayanta,Ocurí,Ocurí,1880-09-03,257,1963-11-16,-65.7684325587,-18.8898291284,Ocurí,41590443.162219144,22490.795346026756,28471.204368797713,6,1849.2206488182976
Potosí,Daniel Campos,Tahua,Tahua,1949-12-26,129,1961-12-13,-67.943750749,-20.2873876632,Tahua,7681630.462637847,3012.7545341019804,3530.008818771559,10,2549.703394580578
Potosí,Sur Lipez,San Pablo,San Pablo de Lípez,1885-12-04,CSL,1885-12-04,-67.2322664177,-22.1753790097,San Pablo de Lipez,21882342.616714638,7093.902345190024,6032.008067525458,35,3084.669276784142
Cochabamba,Ayopaya,Morochata,Morochata,1826-02-15,ML,1911-01-24,-66.5707802928,-17.2029918222,Morochata,18932407.297259964,8274.195326993684,14054.733782400384,4,2288.1267058676985
Potosí,Antonio Quijarro,Tomave,Tomave,1967-01-27,323,1967-01-27,-66.3942821823,-20.1016061825,Tomave,50518136.089793235,22964.572826644835,28534.442194719013,21,2199.829122498597
Potosí,Antonio Quijarro,Porco,Porco,1967-01-27,322,1967-01-27,-65.9841479693,-19.8079684669,Porco,12805412.2476677,4330.98367617551,20855.196701191366,4,2956.6983404046364
Potosí,Tomás Frías,Yocalla,Villa de Yocalla,1993-11-10,266,1963-11-28,-65.9409900038,-19.4955687279,Yocalla,22035006.59346703,7573.495405318059,16418.5968558804,4,2909.489662856888
Potosí,Tomás Frías,Urmiri,Belén de Urmiri,1993-11-10,1512,1993-11-10,-66.1807398914,-19.4728148854,Belen de Urmiri,12908746.700809116,5903.389924476974,5132.773726539686,5,2186.6667907681535
Oruro,Mejillones,Todos Santos,Todos Santos,1989-02-21,1464,1993-02-18,-68.7586127221,-19.0281324549,Todos Santos,4030985.98972724,1449.6727961766644,556.6749870171188,4,2780.61780586521
Santa Cruz,Ñuflo De Chávez,Concepción,Concepción,1915-09-16,CSL,1915-09-16,-62.1121246378,-15.2984533371,Concepción,89502832.59690316,37716.03477804306,26102.77997061108,63,2373.0711121575414
Santa Cruz,Sara,Santa Rosa,Santa Rosa,1883-09-25,CSL,1926-05-03,-63.8386898293,-16.6592552289,Santa Rosa del Sara,58581204.92742102,23060.058932444415,20249.262026730503,18,2540.3753346440944
Beni,Iténez,Huacaraje,Huacaraje,1995-10-31,1669,1995-10-31,-64.0627529978,-13.8239836757,Huacaraje,11889430.909150528,5280.105368813017,8117.050951051628,15,2251.741220805089
Potosí,José María Linares,Ckochas,Ckochas,2006-08-15,3462,2006-08-15,-65.0221106723,-19.7420817829,Ckochas,38455888.050519936,16334.592242448207,13206.385971037409,10,2354.2606683860645
Oruro,Sur Carangas,Santiago de Andamarca,Santiago de Andamarca,1980-03-31,1236,1991-02-13,-67.3810571756,-18.8925523702,Santiago de Andamarca,12133824.802918272,4819.6202512988975,4000.427763801177,9,2517.589388842032
Oruro,Mejillones,La Rivera,La Rivera,1989-02-21,413,1968-10-18,-68.6602032728,-19.0621533263,La Rivera,2472272.8965726835,831.7751635007869,392.58024868661596,3,2972.2850657951203
Oruro,Mejillones,Carangas,Carangas,1989-02-21,1464,1993-02-18,-68.665416637,-18.9015713333,Carangas,2982881.350497788,1235.4140027807825,670.1741238938412,2,2414.4791493245552
Pando,Nicolás Suárez,Bolpebra,Bolpebra,1951-09-08,CSL,1938-09-24,-69.2256664515,-11.169684333,Bolpebra (Mukden),10836007.307000829,4184.264304249404,1355.7227377435465,8,2589.7043109815336
Pando,Manuripi,Filadelfia,Filadelfia,1938-09-24,CSL,1938-09-24,-68.5320075511,-11.7561061655,Filadelfia,11558478.58083832,6038.864456806659,3629.7804264907463,28,1914.0152363927082
Oruro,Cercado,Oruro,Oruro,1868-10-07,1669,1995-10-31,-67.0914949032,-17.959984464,Oruro,1055718732.607112,328543.900498723,201194.47093672253,2,3213.326228259153
Oruro,Nor Carangas,Huayllamarca,Santiago de Huayllamarca,1990-09-26,1188,1990-09-26,-67.8201577086,-17.927490051,Santiago de Hayllamarca,11918730.293245068,5821.412948493593,4153.802642018594,7,2047.3947474090937
La Paz,Gualberto Villarroel,San Pedro de Curahuara,San Pedro de Curahuara,1962-12-31,235,1962-12-31,-67.966586437,-17.6335198375,San Pedro de Curahuara,18746080.285507757,10473.880104943017,7199.670420882161,5,1789.7932855523884
Cochabamba,Capinota,Sicaya,Sicaya,1908-10-01,631,1984-08-31,-66.3415889589,-17.7912178084,Sicaya,9445164.025201166,2820.4956259369783,3751.4767605149536,2,3348.7603874809947
Santa Cruz,Germán Busch,Puerto Quijarro,Puerto Quijarro,1984-11-30,1263,1991-09-30,-57.6849657212,-18.4262011227,Puerto Quijarro,67851638.09625907,11875.622848984896,23207.805288972595,11,5713.522478701729
Cochabamba,Capinota,Capinota,Capinota,1908-10-01,ML,1908-10-01,-66.2267897493,-17.7775537755,Capinota,76200314.93371661,23134.409506242802,20491.8894558958,4,3293.8085112202243
Cochabamba,Arque,Arque,Villa de Arque,1908-10-01,ML,1908-10-01,-66.4168229234,-17.8257790506,Arque,28857900.9449502,9318.975297004461,11378.653038835693,4,3096.681772965578
Oruro,Litoral,Yunguyo del Litoral,Yunguyo del Litoral,1960-09-06,350,1967-10-10,-68.3517137386,-18.8759101914,Yunguyo del Litoral,2186601.424789514,530.2556530687224,391.38811019284185,1,4123.673952620973
Oruro,Litoral,Huachacalla,Huachacalla,1960-09-06,CSL,1950-11-11,-68.2750595839,-18.7943828339,Huachacalla,4158547.3707847386,1008.4568805789313,744.3542193591711,2,4123.673952620973
Oruro,Litoral,Esmeralda,Esmeralda,1960-09-06,453,1968-11-20,-68.0881688091,-18.9457113011,Esmeralda,9137101.532269325,2861.1998042019086,2023.42425366104,6,3193.45105464174
Oruro,Abaroa,Santuario de Quillacas,Santuario de Quillacas,1903-10-16,ML,1962-01-12,-66.8133310274,-19.3194127464,Santuario de Quillacas,12368826.41424224,6397.135896770258,3226.8460127793587,5,1933.494397154659
Oruro,Ladislao Cabrera,Pampa Aullagas,Pampa Aullagas,1941-10-13,534,1983-02-16,-67.1651475482,-19.2314827169,Pampa Aullagas,5797267.308034824,3134.76684019514,2260.9672651418805,5,1849.3456143851333
Oruro,Sebastián Pagador,Santiago de Huari,Santiago de Huari,1984-04-01,625,1984-04-01,-66.5636782023,-19.164323072,Santiago de Huari,35342562.305715844,18121.79406874421,10663.504237174755,11,1950.2794354491298
Oruro,Poopó,Pazña,Pazña,1903-10-16,90,1961-01-06,-66.9129692281,-18.6134153228,Pazña,14207457.267984504,6973.374171704266,4516.048994408717,7,2037.3863381135986
Chuquisaca,Oropeza,Sucre,Sucre,1912-11-18,1669,1995-10-31,-65.2504826324,-18.9377064056,Sucre,785634778.2846336,299617.24239084625,219787.19455054708,7,2622.1280591715235
Chuquisaca,Yamparáez,Tarabuco,Tarabuco,1912-11-18,ML,1912-11-18,-64.9098102481,-19.1214800592,Tarabuco,39270010.35950403,20769.893491099574,15315.130863134036,7,1890.7179459698348
Chuquisaca,Yamparáez,Yamparáez,Yamparáez,1912-11-18,ML,1941-03-19,-65.0700314798,-19.2435381394,Yamparáez,24081505.476523813,10196.065310786938,8768.653394499692,4,2361.8429994800795
Chuquisaca,Oropeza,Yotala,Yotala,1912-11-18,1669,1995-10-31,-65.2648469799,-19.2250382885,Yotala,28293203.94944656,11158.104983676825,8135.032523415452,4,2535.663895512423
Potosí,Cornelio Saavedra,Tacobamba,Tacobamba,1925-11-06,ML,1948-12-08,-65.5540232184,-19.2132298173,Tacobamba,15288639.550144644,6984.346852747386,11514.503183267458,5,2188.98629642522
Potosí,Cornelio Saavedra,Betanzos,Villa de Betanzos,1925-11-06,ML,1925-11-06,-65.2276253499,-19.4582202275,Betanzos,73840938.18113284,35977.43890176854,29104.77443251494,9,2052.4234196532275
Chuquisaca,Zudáñez,Villa Ricardo Mugia - Icla,Icla,1917-12-05,ML,1948-11-22,-64.7463821267,-19.4653326388,Icla (R.Mujia),13148019.928053407,7452.8591760030495,6167.418102230979,4,1764.1578376239572
Oruro,Litoral,Cruz de Machacamarca,Cruz de Machacamarca,1960-09-06,508,1980-03-27,-68.3743890886,-18.7168138516,Cruz de Machacamarca,9782254.575223662,3008.4737077730883,1510.0047639586846,4,3251.5672481859965
Pando,Nicolás Suárez,Porvenir,Porvenir,1951-09-08,CSL,1938-09-24,-68.7936337665,-11.2383671199,Porvenir,27348228.570433497,11050.608843727729,4963.451018598327,6,2474.816451942032
La Paz,Inquisivi,Colquiri,Colquiri,1919-11-12,CSL,1945-11-03,-66.9940201888,-17.4222241977,Colquiri,35352511.46549639,16087.473648156256,20438.92753973593,6,2197.5179098147614
La Paz,Pacajes,Santiago de Callapa,Santiago de Callapa,1856-03-29,1555,1994-04-26,-68.3470863071,-17.4008861531,Santiago de Callapa,13014596.433886725,6055.321843615669,5598.424839181695,7,2149.282361862971
Cochabamba,Cercado,Cochabamba,Cochabamba,1826-01-26,MDS,1826-01-26,-66.1686801616,-17.4251476077,Cochabamba,3457488617.941836,755955.8434088483,664324.3601905811,3,4573.664782258851
La Paz,General José Manuel Pand,Catacora,Catacora,1986-04-29,849,1986-04-29,-69.4804557014,-17.2527907175,Catacora,6027916.608539705,2868.443577466866,3266.256979955884,4,2101.45901278734
La Paz,Loayza,Yaco,Yaco,1899-05-29,CSDS,1938-02-18,-67.3987376447,-17.2401309977,Yaco,25411201.38441112,12192.011846575017,5466.9729149928735,3,2084.2500568558453
La Paz,Pacajes,Calacoto,Calacoto,1856-03-29,104,1961-10-20,-68.7719409866,-17.561889212,Calacoto,28669525.119504996,16437.866818776707,7603.489312051031,14,1744.1146978241889
Oruro,Poopó,Antequera,Antequera,1903-10-16,535,1980-04-14,-66.7754252648,-18.5249436596,Antequera (Bolivar),8411204.10699157,3535.2905118486865,2586.870433156255,4,2379.211575060391
Potosí,Rafael Bustillo,Llallagua,Llallagua,2009-06-17,CSL,1957-12-22,-66.5721350028,-18.3633877944,Llallagua,103949770.06655875,36155.133713740666,31636.311059757994,2,2875.104013985513
Potosí,Alonso de Ibáñez,Caripuyo,Caripuyo,1923-11-12,CSL,1938-11-10,-66.5932452329,-18.1802232051,Caripuyo,16241963.878750945,8802.241741541493,6533.0021599711945,5,1845.2076591010064
La Paz,Aroma,Collana,Collana,1945-11-23,823,1986-04-03,-68.3011802329,-16.903720427,Collana,7972798.291689534,3576.8062488639316,5399.815918172768,2,2229.0271647288305
Oruro,Sur Carangas,Belen de Andamarca,Belen de Andamarca,1980-03-31,509,1980-03-31,-67.7498010357,-18.8920375314,Belen de Andamarca,4750053.405129925,2260.2649275130807,1524.906365374627,6,2101.547189141365
Cochabamba,Punata,San Benito,Villa José Quintín Mendoza,1872-01-24,ML,1948-10-29,-65.8789686107,-17.498199099,San Benito,50406145.51093154,17535.13562705015,15744.868559778664,2,2874.579734255019
Oruro,Carangas,Corque,Corque,1950-11-11,ML,1950-11-11,-67.7994522034,-18.4641491301,Corque,20394430.945912227,8911.363150571255,7012.638928848901,10,2288.5871220055556
Cochabamba,Campero,Aiquile,Aiquile,1899-07-08,MDS,1899-07-08,-65.1045067081,-18.3231029086,Aiquile,41500911.48666817,16980.624580088584,24420.93717286644,11,2444.015606783509
Potosí,Alonso de Ibáñez,Sacaca,Villa de Sacaca,1923-11-12,CSL,1923-11-12,-66.3436341661,-18.1176532286,Sacaca,34028036.79757314,17324.616159088866,21354.27873187254,7,1964.1437642889018
Potosí,General Bilbao,Acasio,Acasio,1938-11-10,CSL,1938-11-10,-66.0144653737,-18.050003992,Acasio,14132701.851189123,7335.591033419989,6901.220446046384,4,1926.593479216929
Oruro,Pantaleón Dalence,Huanuni,Villa de Huanuni,1990-11-19,CSL,1941-11-26,-66.765010495,-18.2626895054,Villa Huanuni,68864367.8405085,25591.51275465262,20797.55991747453,4,2690.906493129787
La Paz,Pacajes,Corocoro,Corocoro,1856-03-29,MDS,1856-03-29,-68.4322348243,-17.1731345087,Corocoro,21714355.508280266,8910.76885533113,11802.360340761988,6,2436.8666566060697
La Paz,General José Manuel Pand,Santiago de Machaca,Santiago de Machaca,1986-04-29,849,1986-04-29,-69.2706147403,-17.1895208124,Santiago de Machaca,11590507.353724334,5718.936393103377,5296.389738457445,6,2026.6893277046493
Oruro,Pantaleón Dalence,Machacamarca,Machacamarca,1990-11-19,1206,1990-11-19,-66.9744795254,-18.1532895953,Machacamarca,11748802.070564337,5208.69019722027,3741.022903866825,2,2255.6154475907088
Potosí,General Bilbao,Arampampa,Arampampa,1938-11-10,CSL,1938-11-10,-66.1259235733,-17.9452662594,Arampampa,15564759.9745912,4827.068793707519,4163.425859816278,4,3224.474446040865
Cochabamba,Esteban Arze,Sacabamba,Sacabamba,1950-11-10,1195,1990-11-01,-65.786263981,-17.7764392712,Sacabamba,12495451.462231832,6989.558020935656,4643.874664325005,4,1787.7312735375406
Cochabamba,Esteban Arze,Anzaldo,Villa de Anzaldo,1950-11-10,ML,1914-11-24,-65.9166998216,-17.8436630605,Anzaldo,20298442.670352474,11016.422877747866,7359.085406918253,5,1842.5620453762185
Cochabamba,Germán Jordán,Toco,Toco,1945-11-13,CSDL,1956-04-03,-65.9204866923,-17.6474732512,Toko,19797162.7319644,6838.797151367369,6122.542551468498,1,2894.8311075444158
Cochabamba,Punata,Villa Gualberto Villarroel,Villa Gualberto Villarroel,1872-01-24,904,1986-12-11,-65.7710675441,-17.6900107349,Cuchumuela (V. G.Villarroel),10004504.486946754,3627.19155699564,3157.9451539511792,2,2758.1957913558244
Cochabamba,Punata,Tacachi,Tacachi,1872-01-24,531,1983-02-04,-65.7885213397,-17.6380003189,Tacachi,4934438.234065651,1706.4931902043961,1526.7608268494077,2,2891.5663199773016
Cochabamba,Punata,Villa Rivero,Villa Rivero,1872-01-24,ML,1915-10-12,-65.8527767361,-17.6482572313,Villa Rivero,26509591.658323005,9157.560725817322,8198.45273525374,1,2894.8311075444158
Cochabamba,Germán Jordán,Cliza,Cliza,1945-11-13,ML,1914-11-24,-65.9366933103,-17.5819403873,Cliza,76724120.07844546,26503.832945034177,23727.980431549935,1,2894.8311075444158
Cochabamba,Arque,Tacopaya,Tacopaya,1908-10-01,CSL,1941-09-30,-66.6258990692,-17.826511966,Tacopaya,24139999.564125538,10773.660052485526,10965.484776223428,5,2240.6498299114555
Oruro,Cercado,El Choro,El Choro,1868-10-07,576,1983-10-20,-67.1747060493,-18.2642337695,El Choro,13406947.875092614,5868.549741887114,6100.149401964547,8,2284.5419166169363
Oruro,Saucarí,Toledo,Toledo,1963-11-23,262,1963-11-23,-67.4132013067,-18.2756280455,Toledo,30483147.232490417,11294.577036296316,8476.664509369068,11,2698.9188824450534
Cochabamba,Capinota,Santivañez,Villa Santivañez,1908-10-01,ML,1908-10-01,-66.21801821,-17.573589014,Santivañez,24054837.771163154,6584.752330035002,6812.532820403434,4,3653.112002624902
Oruro,Cercado,Paria,Soracachi,1868-10-07,460,2013-12-19,-66.9359492214,-17.857730673,Soracachi,37573139.34847255,12935.798257132314,10301.150371394879,7,2904.5860643162187
La Paz,Gualberto Villarroel,Chacarilla,Chacarilla,1962-12-31,235,1962-12-31,-68.1697611869,-17.5482749349,Chacarilla,2812920.916298539,1443.3644373217057,1368.3738872205158,3,1948.8639483997333
Cochabamba,Germán Jordán,Tolata,Tolata,1945-11-13,1492,1993-09-16,-66.0027030562,-17.5266950606,Tolata,20175256.72370069,5957.5335015359715,6059.976627157001,3,3386.511669384504
Cochabamba,Esteban Arze,Arbieto,Arbieto,1950-11-10,563,1983-09-20,-66.0650641896,-17.5582753278,Arbieto,58749256.54276151,15513.140901108425,16863.904824192847,3,3787.0639425806953
La Paz,Gualberto Villarroel,Papel Pampa,Papel Pampa,1962-12-31,235,1962-12-31,-67.7095447501,-17.6972702962,Papel Pampa,16944949.66875031,8603.416011358553,5023.198430781555,4,1969.5606543236952
Pando,Nicolás Suárez,Cobija,Cobija,1951-09-08,1669,1995-10-31,-68.872017806,-11.0792699162,Cobija,196535053.75392067,75359.1567695848,28839.90160197014,4,2607.978408713337
La Paz,Aroma,Calamarca,Calamarca,1945-11-23,CSL,1948-12-21,-68.1124294585,-16.8904621363,Calamarca,25215730.259936072,10605.410357588142,13856.739647394184,3,2377.6289091816507
La Paz,Aroma,Colquencha,Colquencha,1945-11-23,1214,1990-12-14,-68.2569732273,-16.9918965684,Colquencha,19155306.743735883,8252.087871510705,11464.420155967551,4,2321.267907224688
La Paz,Larecaja,Combaya,Combaya,1826-10-18,1089,1989-02-21,-68.7534058325,-15.8159310384,Combaya,8613919.584857997,3977.468246741315,4027.4776522119064,2,2165.6790326145942
La Paz,Nor Yungas,Coroico,Coroico,1899-07-01,CSDS,1899-07-01,-67.7725586188,-16.162454603,Coroico,46335693.8418647,23549.271050039923,23258.676192045925,5,1967.6062899529175
La Paz,Nor Yungas,Coripata,Coripata,1899-07-01,CSDS,1899-07-01,-67.567327512,-16.209048406,Coripata,37922506.603558876,16958.26727425104,20006.638303574728,4,2236.225316553381
Cochabamba,Arani,Arani,Arani,1914-11-24,CSL,1914-11-24,-65.7265704639,-17.5927234328,Arani,31518060.551474914,11511.694287828963,9980.347218717994,2,2737.91674478345
Cochabamba,Punata,Punata,Villa Punata,1872-01-24,ML,1900-01-19,-65.8314316534,-17.5492548092,Punata,95709409.66340286,33064.09896091356,29601.889427218764,2,2894.6625697117865
La Paz,Pacajes,Nazacara de Pacajes,Nazacara de Pacajes,1856-03-29,1540,1994-03-17,-68.7575683859,-16.9264537666,Nazacara de Pacajes,2111922.2189839403,1270.900573132636,726.1247674597544,2,1661.7525112749572
La Paz,Pacajes,Caquiaviri,Caquiaviri,1856-03-29,ML,1959-12-14,-68.8177949459,-17.0852686111,Caquiaviri,24078103.13716757,13486.32243770753,16492.205259600676,9,1785.3720499700942
La Paz,Loayza,Luribay,Luribay,1899-05-29,CSDS,1899-05-29,-67.6347981638,-17.0938695975,Luribay,16016091.202189524,5826.631045299153,11578.132187557068,4,2748.773875962352
La Paz,Loayza,Malla,Malla,1899-05-29,461,1969-01-24,-67.426816094,-17.0114433363,Malla,17964528.867250286,9327.43031634626,5796.000661694605,4,1925.9890728711819
La Paz,Pacajes,Comanche,Comanche,1856-03-29,539,1983-03-02,-68.4501625276,-16.9504409325,Comanche,6945588.296319369,3021.3955206639903,4403.225054107825,3,2298.8014143851606
La Paz,Loayza,Sapahaqui,Sapahaqui,1899-05-29,CSL,1915-11-25,-67.8359722699,-16.9535815365,Sapahaqui,34654407.536086746,11100.428714854346,14251.88777821726,5,3121.8981199990044
La Paz,Loayza,Cairoma,Cairoma,1899-05-29,1029,1988-11-17,-67.5768864023,-16.8457777308,Cairoma,23654670.944852814,11778.13884117773,14163.377506309906,5,2008.353888829478
La Paz,Ingavi,Viacha,Viacha,1909-12-16,MDS,1842-11-18,-68.3106596029,-16.7338602031,Viacha,305025154.9576876,72830.41718425034,85749.32893096452,4,4188.156085746679
La Paz,Inquisivi,Ichoca,Ichoca,1919-11-12,620,1984-03-30,-67.1934845421,-17.1849177344,Ichoca,19536214.60476649,9038.418655319574,6098.65321243598,4,2161.4637858436026
La Paz,Inquisivi,Villa Libertad Licoma,Villa Libertad Licoma,1919-11-12,1088,1889-02-21,-67.2031454103,-16.8118939613,Licoma (Villa Libertad),7118557.135051419,4971.470558218771,6360.1285393436265,3,1431.881583464899
La Paz,Inquisivi,Quime,Quime,1919-11-12,CSL,1945-11-03,-67.3409054041,-16.8489241803,Quime,26058696.699415114,13708.1639442858,9765.055919559847,6,1900.9618505677115
Pando,Madre de Dios,Sena,Sena,1938-09-24,CSL,1938-09-24,-67.359219645,-11.855492707,Sena,26647391.96809131,12593.949832951042,5045.3083952475135,17,2115.8883687443777
Pando,Madre de Dios,San Lorenzo,San Lorenzo,1938-09-24,CSL,1938-09-24,-66.8211472307,-11.5962354718,San Lorenzo,21885825.931879535,11025.031576367137,4839.08605258161,15,1985.1032425878225
Beni,General José Ballivián,Santa Rosa,Santa Rosa,1937-12-03,CSL,1945-12-07,-66.6614463291,-13.318801947,Santa Rosa,59099220.9478341,21555.641765847504,6165.0274061363525,19,2741.705470419822
La Paz,Los Andes,Laja,Laja,1917-11-24,43,1960-12-13,-68.4595793711,-16.5885072349,Laja,105991844.67604303,28608.2335393114,29696.02387252453,7,3704.9419542243522
La Paz,Aroma,Ayo Ayo,Ayo Ayo,1945-11-23,4156,2009-12-31,-68.019652221,-17.0767369376,Ayo Ayo,13026509.47368035,6129.638062519749,10348.275246554895,4,2125.1678061274406
La Paz,Aroma,Patacamaya,Patacamaya,1945-11-23,167,1962-01-15,-67.9150822665,-17.2163830119,Patacamaya,52097211.01352076,23068.408660865596,26241.073717599385,5,2258.379057672109
La Paz,Aroma,Umala,Umala,1945-11-23,4098,2009-08-25,-67.9970240895,-17.4039687711,Umala,27378196.53478408,13199.515566463162,10079.907673661379,4,2074.1819195505614
La Paz,Aroma,Sica Sica,Villa Aroma,1945-11-23,ML,1945-11-23,-67.6205313636,-17.3736123091,Sica Sica,72044207.40857479,32634.526496675287,23906.291498287213,9,2207.606947075345
Oruro,Tomás Barrón,Eucaliptus,Eucaliptus,1980-03-07,502,1980-03-07,-67.4409067265,-17.6351230437,Eucaliptus,17759636.483423565,7679.059116826733,4011.25373625875,2,2312.7360023193173
Oruro,Cercado,Caracollo,Caracollo,1868-10-07,1669,1995-10-31,-67.292685652,-17.6908060831,Caracollo,41552901.31782763,14319.560621507484,17308.61955933956,9,2901.827955210903
La Paz,Murillo,Palca,Palca,1912-10-17,MDS,1838-01-08,-67.8261284626,-16.6663930464,Palca,36639569.073414564,12840.220278390272,14604.164346391462,6,2853.5000396432392
La Paz,Murillo,Achocalla,Achocalla,1912-10-17,ML,1947-10-24,-68.1206779308,-16.6664699952,Achocalla,68467095.03237857,15640.007545320348,20563.715052861662,2,4377.689386273003
La Paz,Murillo,El Alto,El Alto,1912-10-17,2337,2002-03-12,-68.2033818127,-16.468718633,El Alto,4487134021.949349,1126531.9976922157,1194682.19368357,4,3983.1394324720254
La Paz,Sud Yungas,Yanacachi,Yanacachi,1899-07-01,821,1986-04-03,-67.7894846154,-16.4257032731,Yanacachi,19369813.89576436,8371.528779249265,6682.093940896681,4,2313.7725983546566
Cochabamba,Tapacarí,Tapacarí,Tapacarí,1851-12-25,ML,1905-09-14,-66.6513626435,-17.5708159996,Tapacarí,71228923.82498047,29556.528061293935,25972.61988962935,7,2409.921885184446
Chuquisaca,Azurduy,Tarvita,Villa Orías,1917-12-05,ML,1945-10-31,-64.5617629444,-19.772154883,Tarvita (Villa Arias),26745655.89834368,14946.981537640471,11723.417859588953,7,1789.3683638392815
Potosí,José María Linares,Puna,Villa Talavera,2006-08-15,CSL,1910-12-13,-65.4000632169,-19.8768182671,Puna,46576730.668230474,23284.22921654519,24944.216336085155,9,2000.3552720196644
Chuquisaca,Nor Cinti,San Lucas,San Lucas,1984-10-03,ML,1928-09-24,-64.8992918917,-20.160734333,San Lucas,80806301.6621779,44058.31768847782,27223.644408202585,13,1834.0759679825553
Chuquisaca,Nor Cinti,Camargo,Camargo,1984-10-03,ML,1886-11-05,-65.1559833808,-20.6025515415,Camargo,33345115.3876319,13718.1803722683,13454.130060024647,8,2430.724373258717
La Paz,Ingavi,Desaguadero,Desaguadero,1909-12-16,114,1961-11-09,-68.9781485761,-16.6141431529,Desaguadero,12203059.717218943,5063.756610367513,7954.797869204984,2,2409.882752309709
La Paz,Ingavi,Jesús de Machaca,Jesús de Machaca,1909-12-16,2351,2002-05-07,-68.7396077148,-16.7606970156,Jesús de Machaca,32857176.989157125,18136.968640299307,17263.690123189135,5,1811.6134862884617
La Paz,Ingavi,Puerto Mayor de Guaqui,Guaqui,1909-12-16,1669,1995-10-31,-68.820993435,-16.6067317543,Guaqui,13406674.989299677,6423.380407259974,8250.290825198486,2,2087.168148121337
La Paz,Manco Kapac,Tito Yupanqui,Tito Yupanqui,1961-11-18,706,1985-02-06,-68.9594209403,-16.1798875634,Tito Yupanqui,10118854.866757102,4678.582348000595,7127.925433948054,1,2162.80362599184
La Paz,Los Andes,Pucarani,Pucarani,1917-11-24,ML,2015-11-12,-68.416188211,-16.36050877,Pucarani,54386260.87692574,19024.6571254735,37547.47773466887,7,2858.7248915043
La Paz,Larecaja,Quiabaya,Quiabaya,1826-10-18,736,1985-04-15,-68.7141967695,-15.6024110098,Quiabaya,4419942.187252984,2577.838867813973,3015.5466176323607,2,1714.5921114150665
La Paz,Omasuyos,Huatajata,Huatajata,1863-09-07,33,2010-08-08,-68.6902691496,-16.1974228951,Huatajata,4617159.147470896,2363.7983581577364,2750.9010316078784,1,1953.2796152161438
La Paz,Franz Tamayo,Apolo,Apolo,1967-11-20,CSL,1882-12-02,-68.2352996866,-14.6572570721,Apolo,37843726.490917906,19766.942015170203,23484.19060923677,34,1914.4957506262028
La Paz,Muñecas,Aucapata,Aucapata,1826-10-18,1427,1993-02-11,-68.6994878574,-15.4381070956,Aucapata,8162674.893730904,5034.758015433506,6410.058865905026,3,1621.2645908123302
La Paz,Omasuyos,Chua Cocani,Chua Cocani,1863-09-07,34,2010-08-08,-68.7516521198,-16.1577002915,Chua Cocani,13122499.883863952,6487.168704633502,8324.329924942984,2,2022.8393127021843
La Paz,Omasuyos,Villa Ancoraimes,Villa Ancoraimes,1863-09-07,MDS,1980-04-30,-68.8687597163,-15.8542598217,Ancoraimes,34727633.92563488,16210.908783510165,15030.16328864163,1,2142.2385622797437
Potosí,Nor Lipez,"Colcha ""K""",Villa Martín,1885-12-04,CSL,1949-12-26,-67.3142741258,-21.2043825838,"Colcha""K"" (V.Martin)",48635921.64560965,14265.818341465643,25813.36954199779,46,3409.262650165843
La Paz,Camacho,Puerto Mayor de Carabuco,Carabuco,1908-11-05,1669,1995-10-31,-69.0009652982,-15.7121416226,Puerto Carabuco,20309157.055771,9788.643535275187,15142.432503772588,4,2074.767252743774
Oruro,Sabaya,Sabaya,Sabaya,2001-12-20,CSL,1959-12-26,-68.6095685982,-18.9077880213,Sabaya,22189374.363040317,8392.405732539864,6083.104871875385,13,2643.9825563968484
La Paz,Larecaja,Tipuani,Tipuani,1826-10-18,831,1986-04-03,-68.0559593421,-15.5844232153,Tipuani,12191050.46615747,6595.304464442013,11257.080330105498,2,1848.4439242925653
La Paz,Murillo,Nuestra Señora de La Paz,Nuestra Señora de La Paz,1912-10-17,1669,1995-10-31,-67.9716521773,-16.1676083591,Nuestra Señora de La Paz,2741834974.278835,698897.5334339994,673828.1933638334,10,3923.0857788365065
La Paz,Larecaja,Sorata,Sorata,1826-10-18,CSL,1826-10-18,-68.4941240537,-15.7193382576,Sorata,60028276.07164423,30169.060552569405,26208.837339382906,9,1989.7297089196836
La Paz,Sud Yungas,La Asunta,La Asunta,1899-07-01,1010,1988-09-20,-67.1559185053,-16.1080348591,La Asunta,60211402.010847576,36235.02421869353,46653.979685274026,11,1661.690679367194
La Paz,Muñecas,Chuma,Chuma,1826-10-18,CSL,1900-11-24,-68.8655100242,-15.5934191385,Chuma,19311005.985303767,12952.336611827535,13770.909289723008,4,1490.928360190219
La Paz,Larecaja,Guanay,Guanay,1826-10-18,CSL,1947-11-02,-68.0422654701,-15.7361562486,Guanay,38380085.62768979,20193.868211561865,16706.46471955029,14,1900.5811677881275
La Paz,Larecaja,Teoponte,Teoponte,1826-10-18,2292,2001-12-11,-67.6872246554,-15.407193739,Teoponte,24014438.016509175,12709.108528846744,11080.763941963029,7,1889.54543601559
La Paz,Larecaja,Mapiri,Mapiri,1826-10-18,2281,2001-11-27,-68.2577515335,-15.3800525753,Mapiri,22937849.891048092,11605.226424843415,15835.241962472734,6,1976.5103283073242
La Paz,Camacho,Humanata,Humanata,1908-11-05,4006,2009-02-06,-69.1721881859,-15.4132338292,Humanata,8951771.809032107,4823.209444282325,3492.8898788207734,3,1855.9782469417717
Chuquisaca,Hernando Siles,Huacareta,San Pablo de Huacareta,1957-12-24,ML,1957-12-24,-64.0099337398,-20.5945483139,San Pablo de Huacareta,24044252.63475693,12715.702274811125,6932.401968689861,10,1890.9103182123754
Chuquisaca,Hernando Siles,Monteagudo,Monteagudo,1957-12-24,ML,1893-10-18,-64.0750637645,-20.0146701049,Monteagudo,37982235.140659966,19460.08835025985,20365.473752453618,14,1951.8017830660458
Potosí,Tomás Frías,Potosí,Potosí,1993-11-10,1669,1995-10-31,-65.7220285692,-19.5374253864,Potosí,666079120.3915318,242769.16714482842,371954.0583301825,6,2743.672634483151
La Paz,Manco Kapac,San Pedro de Tiquina,San Pedro de Tiquina,1961-11-18,121,1961-11-18,-68.8656729274,-16.2318753126,San Pedro de Tiquina,9639369.64706093,4520.005577884112,6876.208568026297,2,2132.601272490747
Santa Cruz,Cordillera,Lagunillas,Lagunillas,1894-09-06,MR,1864-03-17,-63.6447957378,-19.7731960479,Lagunillas,6481788.738850536,2610.0446919681494,4492.88626694151,4,2483.4014370699647
La Paz,Bautista Saavedra,Curva,Curva,1948-11-17,546,1983-05-13,-68.9654822172,-14.9852162421,Curva,7761350.117298748,3543.0338439179914,3739.308200933825,3,2190.594405588861
La Paz,Franz Tamayo,Pelechuco,Pelechuco,1967-11-20,CSL,1882-12-02,-69.090617431,-14.8011714883,Pelechuco,22302291.0748248,10059.39320079184,7723.695590026742,11,2217.0612709590914
La Paz,Sud Yungas,Palos Blancos,Palos Blancos,1899-07-01,786,1986-02-07,-67.2315776229,-15.4177206453,Palos Blancos,75491922.28684725,39136.84217960902,30089.074751226115,13,1928.922163428399
Beni,General José Ballivián,Puerto Menor de Rurrenabaque,Rurrenabaque,1937-12-03,1669,1995-10-30,-67.3057075228,-14.6886206364,Rurrenabaque,30188707.17887194,12600.494199202016,21614.20569412892,10,2395.8351713525476
La Paz,Abel Iturralde,San Buenaventura,San Buenaventura,1938-09-24,CSDS,1939-04-03,-67.7449566171,-14.2591504495,San Buenaventura,13666580.35652582,5096.200567469594,10118.386638997414,13,2681.719484072751
Beni,Yacuma,Santa Ana,Santa Ana de Yacuma,1894-10-22,CSD,1986-12-18,-65.9964437658,-14.3502342184,Santa Ana de Yacuma,42582528.136056595,15905.336769265883,36651.423350400764,46,2677.247816490088
Beni,General José Ballivián,San Borja,San Borja,1937-12-03,CSL,1945-12-07,-66.8085064451,-15.0036972474,San Borja,91951214.2270428,47632.54814702444,77647.27126776057,19,1930.4282009692756
Beni,General José Ballivián,Reyes,Reyes,1937-12-03,CSDS,1856-07-09,-67.0580571325,-13.4029031906,Reyes,33473672.09213074,14891.757235530586,8149.316605861328,33,2247.7986689351296
Pando,Madre de Dios,Puerto Gonzalo Moreno,Puerto Gonzalo Moreno,1938-09-24,CSL,1958-09-18,-66.3251035522,-11.1671180412,Puerto Gonzalo Moreno,23031960.42002866,9534.545534089892,5325.601310246333,8,2415.6327470124297
Beni,Mamoré,Puerto Siles,Puerto Siles,1941-11-27,CSL,1945-12-03,-64.9863357204,-12.424185602,Puerto Siles,3089194.004124635,1254.82072207229,1998.2529541868134,9,2461.8608457652385
La Paz,Camacho,Mocomoco,Mocomoco,1908-11-05,2648,2004-04-01,-69.0347466236,-15.4510663688,Mocomoco,38946323.72355628,21124.44548581234,20333.537293105393,4,1843.6613519494995
Beni,Yacuma,Exaltación,Exaltación,1894-10-22,1669,1995-10-31,-65.7831816945,-12.8039581394,Exaltación,29065326.145503964,9497.099457047154,12588.229654835028,47,3060.442430550367
Beni,Vaca Diez,Riberalta,Riberalta,1900-01-19,CSL,1900-01-19,-66.1008077671,-11.5278757457,Riberalta,256687160.01309088,105432.42897185903,55526.76044897155,34,2434.6129792912507
Pando,Nicolás Suárez,Bella Flor,Bella Flor,1951-09-08,CSL,1938-09-24,-67.9315356405,-10.9321845211,Bella Flor,22328906.487328082,9502.15286822543,2329.7695150249783,20,2349.878685070882
Pando,Manuripi,San Pedro,San Pedro,1938-09-24,CSL,1938-09-24,-66.5899771036,-11.0253770554,San Pedro (Conquista),3951340.2445150716,1792.4486535476178,1430.962109967717,12,2204.4370625036154
Pando,Manuripi,Puerto Rico,Puerto Rico,1938-09-24,CSL,1938-09-24,-67.5379692708,-11.3276852924,Puerto Rico,23070375.64731833,8742.520309573943,3887.983392117072,15,2638.8701233045963
Pando,Abuná,Santa Rosa,Santa Rosa,1938-09-24,ML,1945-12-03,-67.2788428097,-10.7316108589,Santa Rosa del Abuna,12460845.174200375,5168.3542972737105,1601.5880810941453,12,2410.988964276971
Pando,Abuná,Ingavi,Ingavi,1938-09-24,CSL,1938-09-24,-66.7473248683,-10.5045770983,Ingavi,3233372.302933252,1547.7033184722352,1202.1302670029108,19,2089.1421917509165
Beni,Vaca Diez,Guayaramerín,Guayaramerín,1900-01-19,1669,1995-10-30,-65.4349889568,-11.3089109596,Guayaramerín,220763271.08055344,78111.08023882212,26212.85987451933,18,2826.2734352869893
Pando,Federico Román,Villa Nueva,Loma Alta,1963-10-19,CSL,1963-10-19,-66.105491901,-10.6509481126,Villa Nueva (Loma Alta),7587314.073342424,2965.393199802695,2084.686448617358,7,2558.6199070825587
Pando,Federico Román,Santos Mercado,Santos Mercado,1963-10-19,CSL,1963-10-19,-66.1364085683,-10.153428419,Santos Mercado,7395624.53863937,3414.3903501210993,1365.5969854338618,16,2166.016120089218
Pando,Federico Román,Nueva Esperanza,Nueva Esperanza,1963-10-19,CSL,1995-10-31,-65.5377979823,-10.1113030749,Nuevo Manoa (Nueva Esperanza),10343100.341952557,2505.4428872949047,1274.334158766418,13,4128.252292000905
La Paz,Omasuyos,Santiago de Huata,Santiago de Huata,1863-09-07,4000,2009-01-20,-68.8350934722,-16.0862586579,Santiago de Huata,12502716.033601338,5780.791137645573,8807.165314932307,1,2162.80362599184
La Paz,Los Andes,Puerto Pérez,Puerto Pérez,1917-11-24,758,2015-11-12,-68.6493357723,-16.3270299779,Puerto Pérez,9562071.475264236,3967.896110735597,5006.624335783625,2,2409.859333109291
Potosí,Rafael Bustillo,Chuquihuta Ayllu Jucumani,Chuquihuta Ayllu Jucumani,2009-06-17,4039,2009-06-17,-66.3533150921,-18.6322384682,Chuquihuta,25654435.002721153,13947.988252899737,16113.729279637468,1,1839.2928455031993
La Paz,Caranavi,Alto Beni,Alto Beni,1992-12-16,4131,2009-12-23,-67.3894131675,-15.6057054827,Alto Beni,19878912.710731,10141.772228697504,11210.348494670005,7,1960.1024616270668
La Paz,Caranavi,Caranavi,Caranavi,1992-12-16,1401,1992-12-16,-67.4879858296,-15.844679091,Caranavi,102744526.17163439,52271.5658817149,56774.72932971144,7,1965.5911285331404
Chuquisaca,Tomina,Alcalá,Alcalá,1917-12-05,ML,1957-09-20,-64.3738832136,-19.4321348702,Villa Alcala,10803181.876584815,4962.455897754011,4070.1692438322934,2,2176.9829494050105
Chuquisaca,Tomina,Sopachuy,Villa de Sopachui,1917-12-05,ML,1932-04-01,-64.5352218162,-19.4622942159,Sopachuy,13737027.888893018,7008.849521790771,6183.064695920868,4,1959.9547466647832
La Paz,Omasuyos,Huarina,Huarina,1863-09-07,3098,2005-07-15,-68.5931256425,-16.1645624962,Huarina,14551096.288606485,7430.653040051498,8653.877961399168,2,1958.252687909869
Cochabamba,Bolivar,Bolivar,Bolivar,1985-01-31,704,1985-01-31,-66.6445215579,-18.0155672478,Bolivar,19414215.634757474,9387.82978160818,7609.785650119982,6,2068.0195621774183
Chuquisaca,Tomina,Tomina,Villa de Tomina,1917-12-05,ML,1932-04-01,-64.4949701995,-19.1608600057,Tomina,18643250.484731473,8575.642181091936,7244.851658864631,6,2173.9771892345475
Chuquisaca,Zudáñez,Zudañez,Villa Zudáñez,1917-12-05,ML,1917-12-05,-64.6879862089,-19.1279911384,Zudañez,19820823.17492391,10140.785337325604,9168.365106636047,5,1954.5649094817732
Chuquisaca,Tomina,Padilla,Padilla,1917-12-05,ML,1827-01-03,-64.1608587629,-19.3747358802,Padilla,26559594.655858655,11664.659400133405,8893.955178241435,9,2276.9284335515963
Chuquisaca,Zudáñez,Mojocoya,Villa de Mojocoya,1917-12-05,ML,1941-01-14,-64.6441709128,-18.7802819496,Villa Mojocoya,22985295.883161616,12207.483038574468,6844.213437749277,8,1882.8857521677728
Santa Cruz,Vallegrande,Pucará,Pucará,1984-10-18,658,1984-10-18,-64.1910807869,-18.7623656332,Pucará,5109570.318502388,2339.7598396547955,1737.2483458890347,4,2183.801188440026
Chuquisaca,Belisario Boeto,Villa Serrano,Villa Serrano,1943-10-15,ML,1943-10-15,-64.3000593172,-18.9518465875,Villa Serrano,26857564.288688175,12178.43308110099,9437.18254840147,7,2205.3382491682682
La Paz,Los Andes,Batallas,Batallas,1917-11-24,654,1984-10-18,-68.4336080149,-16.1643723187,Batallas,46316712.36694524,19697.94043869493,19759.488442936563,6,2351.3479752411063
Chuquisaca,Azurduy,Azurduy,Villa Azurduy,1917-12-05,ML,1917-12-05,-64.4329027862,-20.1813721151,Villa Azurduy,22683668.87309517,13508.203438124043,9224.536926355446,6,1679.251351003148
Potosí,José María Linares,"Caiza ""D""","Caiza ""D""",2006-08-15,666,1984-11-01,-65.6536114845,-20.0113212108,"Caiza ""D""",23189017.862373114,10138.684367121663,17172.203300846362,7,2287.182145404571
La Paz,Manco Kapac,Copacabana,Copacabana,1961-11-18,121,1961-11-18,-69.0641664312,-16.1363528164,Copacabana,29860512.759788174,12920.824440374381,17039.3831433545,3,2311.0377280943044
Potosí,Cornelio Saavedra,Chaquí,Chaquí,1925-11-06,ML,1929-01-04,-65.5460617741,-19.6250138307,Chaquí,29436666.646064326,13727.39502357072,19055.509575791453,3,2144.373830251107
Chuquisaca,Tomina,El Villar,El Villar,1917-12-05,204,1962-11-26,-64.2752432187,-19.6912768467,El Villar,11916521.06947702,6587.83208538396,3750.2736190631113,4,1808.8683674733472
Potosí,Nor Chichas,Vitichi,Vitiche,1863-08-26,CSL,1911-01-16,-65.4324371794,-20.3496376912,Vitichi,24662939.87210551,11341.979473093517,8916.798412442775,7,2174.4828520112555
Chuquisaca,Luis Calvo,Villa Vaca Guzmán,Villa Vaca Guzmán,1947-11-14,ML,1947-11-14,-63.8012914588,-19.9031853746,Villa Vaca Guzman (Muyupampa),13933784.82741738,6546.583981634278,8315.771656425837,20,2128.405419758928
Potosí,Nor Chichas,Cotagaita,Cotagaita,1863-08-26,CSL,1911-01-16,-65.7699421027,-20.6725072154,Cotagaita,84732536.2515115,32216.05745139842,61220.656771781476,17,2630.1336338048236
Chuquisaca,Sur Cinti,Villa Abecia,Villa Abecia,1944-03-23,ML,1947-11-20,-65.2893878064,-20.9860157745,Villa Abecia,20307961.540756438,4658.6290600631655,2972.2039014204493,4,4359.214111904648
Potosí,Sur Chichas,Tupiza,Tupiza,1863-08-26,MDS,1863-02-05,-65.7969192073,-21.4911500216,Tupiza,134912846.54972956,56434.704306959524,86897.68358318765,21,2390.6007519045706
Chuquisaca,Sur Cinti,Las Carreras,Las Carreras,1944-03-23,1445,1993-02-15,-65.320277535,-21.2956792225,Las Carreras,52580690.58835822,10076.265107029078,4308.584109913041,5,5218.27185270052
La Paz,Larecaja,Tacacoma,Tacacoma,1826-10-18,652,1984-10-17,-68.5230229401,-15.3924830872,Tacacoma,13833334.86407792,8070.212126873681,9347.672817628132,5,1714.1228317918844
Santa Cruz,Ichilo,Yapacaní,Yapacaní,1926-04-08,1144,1990-03-13,-64.3620574515,-16.7507586691,Yapacaní,138652030.868469,55528.99429744534,53385.684082191015,26,2496.9303446370504
Santa Cruz,Cordillera,Boyuibe,Boyuibe,1894-09-06,1265,1991-09-30,-63.0673573921,-20.3454200492,Boyuibe,16741173.988908134,7994.4351672803905,4325.365400839306,6,2094.103415514129
Cochabamba,Ayopaya,Cocapata,Cocapata,1826-02-15,4007,2009-02-06,-66.5521991724,-16.4891607663,Cocapata,60703091.09623661,32259.213532844027,17619.963257204276,20,1881.7287977102435
Santa Cruz,Vallegrande,Vallegrande,Vallegrande,1984-10-18,658,1984-10-18,-63.9404133016,-18.7837902986,Vallegrande,34547180.57337556,15610.145010353644,14686.935585351748,12,2213.123616113858
Tarija,Gran Chaco,Villa Montes,Villa Montes,1876-08-12,MDS,1937-08-24,-62.9133898058,-21.4028222086,Villa Montes,188134856.50731546,72263.35343899866,42670.49289649791,24,2603.461471880489
Chuquisaca,Zudáñez,Presto,Presto,1917-12-05,ML,1926-10-28,-64.893029054,-18.7556524932,Presto,25953227.765402608,12546.692289774392,10151.073197561855,7,2068.5314635917707
Santa Cruz,Vallegrande,Trigal,Trigal,1984-10-18,658,1984-10-18,-64.1326643091,-18.2870823247,Trigal,6229377.430279347,2857.5026833606435,3024.911260437002,2,2180.0075522424772
Santa Cruz,Florida,Quirusillas,Quirusillas,1924-12-15,24,1943-09-24,-63.9374563818,-18.3705717191,Quirusillas,6711792.200211518,3266.758982916721,3995.7364313029393,2,2054.5722030031443
Santa Cruz,Andrés Ibáñez,La Guardia,La Guardia,1944-12-06,1522,1993-12-13,-63.2339492265,-18.0537226226,La Guardia,264235225.395966,79268.39244594339,117779.29750616629,8,3333.4248020250902
Santa Cruz,Vallegrande,Moromoro,Moromoro,1984-10-18,658,1984-10-18,-64.3442093121,-18.3207853576,Moromoro,9628988.788585884,3734.08871383177,2898.091907368769,5,2578.6716723998256
Santa Cruz,Andrés Ibáñez,El Torno,El Torno,1944-12-06,1522,1993-12-13,-63.4688591396,-18.0488023313,El Torno,55581893.50989151,20509.349604239447,66913.86151586988,6,2710.0758718551606
Santa Cruz,Florida,Samaipata,Samaipata,1924-12-15,ML,1924-12-15,-63.7500244308,-18.175267861,Samaipata,26380039.744419858,12437.998575869828,14776.305844702307,6,2120.9232002645585
Santa Cruz,Ñuflo De Chávez,Cuatro Cañadas,Cuatro Cañadas,1915-09-16,2322,2003-01-28,-62.2426278351,-17.2373486962,Cuatro Cañadas,79323344.7279125,27055.30182255014,30355.81791674259,12,2931.896500293256
Santa Cruz,Ñuflo De Chávez,San Ramón,San Ramón,1915-09-16,1966,1999-03-24,-62.4345709129,-16.5769120247,San Ramón,16109017.60762941,6942.021922547511,9894.36136583738,4,2320.508028836344
Santa Cruz,Andrés Ibáñez,Cotoca,Cotoca,1944-12-06,1522,1993-12-13,-62.9082845307,-17.7547826004,Cotoca,157950878.80624047,49468.11096977952,65408.13091518233,6,3192.9838376632974
Santa Cruz,Manuel María Caballero,Saipina,Saipina,1960-11-04,23,1960-11-04,-64.6399376625,-18.0237514668,Saipina,12361003.218315804,6632.1736634827685,7817.649455246428,5,1863.7936588386383
Cochabamba,Campero,Omereque,Omereque,1899-07-08,520,1980-05-09,-64.8934476661,-18.0705641641,Omereque,16828847.39560489,7621.33919721289,5972.032687288745,6,2208.1220846015053
Santa Cruz,Cordillera,Cuevo,Cuevo,1894-09-06,CSL,1926-09-27,-63.5309318494,-20.32724302,Cuevo,7935222.122510651,3487.307189129713,4496.643552821479,4,2275.458309851663
Chuquisaca,Luis Calvo,Huacaya,Villa de Huacaya,1947-11-14,ML,1947-11-14,-63.5948645769,-20.7163605271,Huacaya,4840260.263830605,2201.472835331957,1964.4031029185571,6,2198.6463726229667
Chuquisaca,Luis Calvo,Macharetí,Villa de Macharetí,1947-11-14,ML,1950-01-04,-62.882725528,-20.7344252332,Macharetí,39816102.806199744,15630.44725607344,6513.5929480651575,25,2547.342513870076
Santa Cruz,Andrés Ibáñez,Porongo,Porongo (Ayacucho),1944-12-06,1522,1993-12-13,-63.3648655158,-17.7503118828,Porongo (Ayacucho),57524404.84967665,16226.292101753716,21351.3548267582,6,3545.1355423004798
Santa Cruz,Ñuflo De Chávez,San Javier,San Javier,1915-09-16,CSL,1915-09-16,-62.4908696082,-16.233748337,San Javier,33953789.209359296,15170.613311235547,16444.528853743337,8,2238.1289742724307
Cochabamba,Chapare,Villa Tunari,Villa Tunari,1854-06-10,MDS,1970-06-04,-65.571835347,-16.6345803631,Villa Tunari,168115096.14022857,80847.47823428582,74006.67933269191,32,2079.4105123854597
Cochabamba,Carrasco,Chimoré,Chimoré,1926-09-14,633,1984-09-13,-64.9112188058,-16.558197565,Chimoré,40203577.6942099,18610.586082912396,23187.636941390032,12,2160.2531760739903
Cochabamba,Tiraque,Tiraque,Tiraque,1986-10-15,888,1986-10-15,-65.5173096085,-17.3365544649,Tiraque,65236557.94037413,29374.635593972624,12728.76658570303,10,2220.8465440081923
Cochabamba,Tiraque,Shinahota,Shinahota,1986-10-15,4047,2009-07-04,-65.3182572206,-17.0591777002,Shinahota,38046227.107057765,15371.306326088634,30571.83087920334,5,2475.145983037537
Chuquisaca,Sur Cinti,Culpina,Culpina,1944-03-23,ML,1960-12-20,-64.5720022582,-20.8697761123,Culpina,29962611.304569345,14560.966583193822,15294.208902138984,15,2057.7350503057955
Chuquisaca,Nor Cinti,Incahuasi,Incahuasi,1984-10-03,643,1984-10-03,-64.5723537511,-20.5907602285,Incahuasi,26781348.98779788,13396.940206823157,14856.904515779883,6,1999.064605375931
Santa Cruz,Ichilo,San Juan,San Juan,1926-04-08,2233,2001-07-26,-63.9987648468,-16.8614961446,San Juan,34698142.236725256,15470.149601609537,13152.940887089284,8,2242.909288551108
Potosí,Tomás Frías,Tinguipaya,Tinguipaya,1993-11-10,1669,1995-10-31,-65.9040959582,-19.1700080476,Tinguipaya,32471023.124668516,16116.1367428322,51717.975087942614,8,2014.8143219937808
Santa Cruz,Obispo Santistéban,Montero,Montero,1941-12-02,CSL,1941-12-02,-63.2499004885,-17.3328692562,Montero,392389397.34069693,151263.48491344185,151291.5531360279,2,2594.078786200355
Beni,Iténez,Baures,Baures,1995-10-31,1669,1995-10-31,-62.8753745079,-13.6251416398,Baures,16268306.843797859,7160.219937121786,11721.050138429106,44,2272.040103049862
Santa Cruz,Guarayos,Ascención de Guarayos,Ascención de Guarayos,1990-03-06,1143,1990-03-06,-63.4308759118,-15.3439097857,Ascención de Guarayos,63759128.78687849,25444.289202982214,55115.659597863356,25,2505.8325771350515
Beni,Marbán,San Andrés,San Andrés,1937-12-03,CSL,1941-11-27,-64.142300199,-15.3740069743,San Andrés,34389401.97126988,11684.671800024009,28012.56258160778,28,2943.120916002041
Beni,Marbán,Loreto,Loreto,1937-12-03,CSL,1941-11-27,-64.9204166036,-15.5680904885,Loreto,30944258.811861772,15173.911534340683,7251.498651201859,21,2039.3066574713177
Cochabamba,Arani,Vacas,Vacas,1914-11-24,CSL,1914-11-24,-65.5825610899,-17.5890419755,Vacas,27754077.780727502,12912.68423536605,9716.678372388891,3,2149.3654824078276
Cochabamba,Carrasco,Pocona,Pocona,1926-09-14,MDS,1906-11-27,-65.3718448584,-17.6818010528,Pocona,42878068.468773164,20934.54167965617,11830.249091482614,7,2048.1971435009414
Santa Cruz,Warnes,Okinawa Uno,Okinawa Uno,1919-11-27,1837,1998-04-06,-62.8653660948,-17.3231626285,Okinawa Uno,186291507.38513097,57561.820509982965,17438.27724038497,6,3236.372750803154
Santa Cruz,Warnes,Warnes,Warnes,1919-11-27,1837,1998-04-06,-63.0701384196,-17.4117280543,Warnes,358678003.8381873,91844.03345089503,123442.41937067552,7,3905.2945560144267
Santa Cruz,Obispo Santistéban,General Saavedra,General Saavedra,1941-12-02,CSL,1941-12-02,-63.1762704831,-17.1681743435,General Saavedra,51038647.73824258,20024.740620940385,20016.060569353387,5,2548.779467578729
Santa Cruz,Obispo Santistéban,Fernández Alonso,Fernández Alonso,1941-12-02,2320,2002-01-28,-63.2123267534,-16.8886669624,Fernández Alonso,52177374.567198254,22856.22193309168,21082.704030475987,5,2282.852114401936
Santa Cruz,Obispo Santistéban,Mineros,Mineros,1941-12-02,577,1983-10-27,-63.2730267245,-17.0528301372,Mineros,83772316.20471726,33042.095519822644,32858.21038148781,4,2535.3209258311267
Santa Cruz,Florida,Pampa Grande,Pampa Grande,1924-12-15,ML,1924-12-15,-64.1534336693,-18.0454004315,Pampa Grande,24148498.60091524,11443.299705411255,12747.646198093105,8,2110.274066272686
Santa Cruz,Florida,Mairana,Mairana,1924-12-15,CSDS,1938-05-12,-64.0068969626,-17.9845787204,Mairana,24971704.235502243,11542.422181428523,14151.623421437485,5,2163.4717430177793
Cochabamba,Carrasco,Puerto Villarroel,Puerto Villarroel,1926-09-14,537,1980-04-14,-64.8840459528,-17.0318868672,Puerto Villarroel,65015112.50341262,26684.099516897924,47217.50792723427,10,2436.4739181939144
Santa Cruz,Sara,Colpa Bélgica,Colpa Bélgica,1883-09-25,2325,2002-02-01,-63.292369664,-17.5436018064,Colpa Bélgica,24520217.88928261,6738.683397463671,8433.248621759041,4,3638.7253181402784
Santa Cruz,Germán Busch,Puerto Suarez,Puerto Suarez,1984-11-30,672,1984-11-30,-58.2392165665,-19.072275805,Puerto Suarez,82191200.90314898,22602.395132992042,27562.608677077005,36,3636.393418464618
Santa Cruz,Germán Busch,El Carmen Rivero Tórrez,El Carmen Rivero Tórrez,1984-11-30,2015,1999-09-23,-58.574740641,-18.4526778104,El Carmen Rivero Tórrez,64132683.32058809,19237.680058524016,8978.101404547648,26,3333.701523545796
Santa Cruz,Angel Sandoval,San Matías,San Matías,1948-12-16,CSL,1948-12-16,-58.8233464109,-17.2550659997,San Matías,61607369.43730358,16176.992217288667,20225.565713067233,54,3808.3327611088657
Cochabamba,Ayopaya,Ayopaya,Villa de Independencia,1826-02-15,ML,1899-12-26,-66.8052874221,-17.1439084255,Independencia,42888277.12580607,21466.38424663252,24740.90330980723,7,1997.927393502893
Santa Cruz,Velasco,San Ignacio,San Ignacio,1880-10-12,CSL,1880-10-12,-60.9945359351,-15.0296081097,San Ignacio de Velasco,203894863.51828638,69650.4688874227,73116.00637439497,94,2927.4011614745236
Santa Cruz,Guarayos,Urubicha,Urubicha,1990-03-06,1143,1990-03-06,-63.0185819905,-14.9527337818,Urubicha,31058606.18234334,14210.702245785325,14350.601382044842,38,2185.578562210382
Beni,Cercado,Trinidad,Trinidad,1856-07-09,1669,1995-10-31,-64.6573311135,-14.834972123,Trinidad,297060697.2927296,123602.2918137758,206205.57730466034,13,2403.359136255283
Beni,Moxos,San Ignacio,San Ignacio,1941-11-27,CSL,1856-07-09,-65.6867458065,-15.46858664,San Ignacio,59537014.15084471,24767.241146825774,25796.589686636515,53,2403.8613666292463
Beni,Cercado,San Javier,San Javier,1856-07-09,CSDS,1856-07-09,-64.4254224152,-14.4220614976,San Javier,30333248.57019755,12329.518783322656,10476.479489480043,19,2460.2135008892137
Santa Cruz,Obispo Santistéban,San Pedro,San Pedro,1941-12-02,2321,2002-01-28,-63.6119732803,-16.5173365309,San Pedro,69232655.4911809,27687.701723101283,26028.613871744077,13,2500.484012127901
Santa Cruz,Ñuflo De Chávez,San Antonio de Lomerio,San Antonio de Lomerio,1915-09-16,1965,1999-03-24,-61.8741502326,-16.8063462089,San Antonio de Lomerio,26037720.669288892,12383.121218321867,9049.690574559558,9,2102.6783320802756
Cochabamba,Carrasco,Pojo,Pojo,1926-09-14,ML,1900-01-08,-64.8635686791,-17.6005757141,Pojo,37263108.58679698,16745.833020830647,10877.362465368215,9,2225.2167772391062
Cochabamba,Carrasco,Entre Ríos,Entre Ríos,1926-09-14,2126,2000-09-25,-64.5456213959,-17.3116931858,Entre Rios (Bulo Bulo),115400547.21378914,43313.91611822575,34796.52192703593,8,2664.2833887105066
Cochabamba,Chapare,Colomi,Colomi,1854-06-10,ML,1945-11-13,-65.9205656841,-17.233268378,Colomi,46472415.3837178,19694.610088639303,17505.721562462983,3,2359.6514566452415
Cochabamba,Mizque,Alalay,Alalay,1876-06-24,1090,1989-02-21,-65.6300251915,-17.7732610441,Alalay,10095905.558005197,4810.6226108963365,3639.106218190551,2,2098.6692107456925
Cochabamba,Mizque,Vila Vila,Vila Vila,1876-06-24,ML,1941-11-28,-65.6714027838,-17.9782481521,Vila Vila,14784755.666898742,7150.084911537971,5614.437364097961,4,2067.7734390315886
La Paz,Abel Iturralde,Ixiamas,Ixiamas,1938-09-24,273,1963-12-14,-68.0183319387,-13.0899043302,Ixiamas,36642270.935263745,15857.659021669106,10520.708848889473,70,2310.6986274072974
La Paz,Muñecas,Ayata,Ayata,1826-10-18,CSDS,1957-09-14,-68.7109999104,-15.3200138151,Ayata,14629642.176582465,8503.715893513097,9663.798845041398,7,1720.3822846130615
Potosí,Antonio Quijarro,Uyuni,Uyuni,1967-01-27,CSL,1889-11-05,-66.7893740363,-20.0652777196,Uyuni (Thola Pampa),99456557.17480418,40108.76131382449,57778.77947489747,27,2479.671620786852
La Paz,Pacajes,Waldo Ballivian,Waldo Ballivian,1856-03-29,1087,1989-02-21,-68.2193859265,-17.1150973219,Waldo Ballivian,6196439.173677234,3046.4710719720288,5391.862330462143,2,2033.9727597236567
Oruro,Sajama,Curahuara de Carangas,Curahuara de Carangas,1951-07-25,CSL,1950-11-11,-68.6660373005,-17.9882765615,Curahuara de Carangas,10361359.322033938,4365.946918839155,3636.677294104338,12,2373.221551852692
Beni,Mamoré,San Joaquín,San Joaquín,1941-11-27,CSL,1941-11-27,-64.8557320083,-12.9608280148,San Joaquín,20467841.502740253,6330.806033971355,13413.922696940383,27,3233.054589401256
Oruro,Carangas,Choquecota,Choquecota,1950-11-11,799,1986-02-28,-67.9549788457,-18.1221125519,Choquecota,5232633.769691568,2592.2223120989484,1489.1147867537802,6,2018.5898968883776
La Paz,Inquisivi,Cajuata,Cajuata,1919-11-12,CSL,1945-11-03,-67.2474451387,-16.6375142199,Cajuata,21459822.368295245,10833.410075325512,11569.459612804058,6,1980.892647752046
La Paz,Inquisivi,Inquisivi,Inquisivi,1919-11-12,CSL,1945-11-03,-66.9779705643,-16.6832233612,Inquisivi,29881104.43568495,17200.319032281514,15693.964892243617,14,1737.241290676305
La Paz,Sud Yungas,Irupana,Villa de Lanza,1899-07-01,CSDS,1899-07-01,-67.5101940576,-16.5111260818,Irupana,40113355.20420665,20862.666862314873,19590.55848618896,6,1922.7338225231945
La Paz,Sud Yungas,Chulumani,Villa de la Libertad,1899-07-01,CSDS,1899-07-01,-67.5376339701,-16.389143975,Chulumani,34751310.22013559,16094.117927961994,20142.732764580007,3,2159.255348797868
Oruro,Poopó,Poopó,Villa de Poopó,1903-10-16,ML,1903-10-16,-66.9415747493,-18.3667148633,Poopó,10871563.4666096,3923.8880202486994,3631.8079474747447,6,2770.6100200893475
Beni,Mamoré,San Ramón,San Ramón,1941-11-27,CSL,1941-11-27,-64.5998396405,-13.5080956262,San Ramón,20649007.762152005,8544.736496711384,9486.228459040329,22,2416.576306372841
La Paz,Ingavi,Tiahuanacu,Tiahuanacu,1909-12-16,CSL,1947-11-22,-68.6957442401,-16.558764066,Tiahuanacu,33113550.836601894,15854.908631552722,14160.500608229999,4,2088.536213365676
La Paz,Camacho,Puerto Acosta,Puerto Acosta,1908-11-05,CSL,1911-11-06,-69.2157605457,-15.5552067748,Puerto Acosta,24426686.74711827,12185.426669446533,13806.074976182135,4,2004.5819822103724
La Paz,Camacho,Escoma,Escoma,1908-11-05,4004,2009-02-06,-69.149201541,-15.6381791962,Escoma,13729240.771375192,6806.273483478907,8645.442933780414,1,2017.1450360760016
La Paz,Pacajes,Charaña,Charaña,1856-03-29,822,1986-04-03,-69.1570011481,-17.6567935762,Charaña,21741949.426997732,10139.145878359077,2446.453970139075,9,2144.357097514851
La Paz,Omasuyos,Achacachi,Achacachi,1863-09-07,MDS,1863-09-07,-68.663412349,-16.0167656657,Achacachi,90223775.24943127,44450.985547563745,53247.22661672954,6,2029.7362170494378
La Paz,Ingavi,Taraco,Taraco,1909-12-16,2488,2003-07-16,-68.8534890965,-16.4623270628,Taraco,10046593.303942902,5015.549499518713,7525.497686613633,2,2003.089253711276
La Paz,Ingavi,La (Marka) San Andrés de Machaca,La (Marka) San Andrés de Machaca,1909-12-16,2350,2002-05-07,-69.0431993781,-16.9005107378,San Andrés de Machaca,22803075.93165877,12421.742359704369,7109.743482474063,7,1835.7389222329252
Oruro,Abaroa,Challapata,Challapata,1903-10-16,CSL,1903-10-16,-66.5526443125,-18.8905715809,Challapata,55067270.49910943,24682.380898072526,21651.517615379966,11,2231.035600921696
Oruro,Litoral,Escara,Escara,1960-09-06,248,1963-09-26,-68.1593245707,-18.6944143953,Escara,11999127.5764683,5169.665645176315,3295.606178285234,7,2321.0645329963236
Oruro,San Pedro de Totora,Totora,Totora,1980-05-09,519,1980-05-09,-68.1799471061,-17.8548895992,San Pedro de Totora,9458570.117638217,4816.84548278404,4153.423231607725,8,1963.6440802272434
Oruro,Sajama,Turco,Turco,1951-07-25,CSL,1957-02-20,-68.5291663211,-18.3367663097,Turco,12384898.372612033,5723.16348452519,3408.9490608171764,13,2163.995211057564
Oruro,Sabaya,Coipasa,Coipasa,2001-12-20,115,1968-10-18,-68.3127901301,-19.3277591218,Coipasa,2099247.1935328688,832.5974947378335,673.6269180341624,3,2521.322976348704
Oruro,Sabaya,Chipaya,Chipaya,2001-12-20,560,1983-09-16,-68.0477092278,-19.0625823033,Chipaya,3955226.941907255,1452.9815429939113,1530.3079124650394,4,2722.145343813104
Potosí,Rafael Bustillo,Chayanta,Chayanta,2009-06-17,ML,1908-10-08,-66.3508319657,-18.4143561553,Chayanta,49967266.104510985,25585.267072070892,30442.864353392273,6,1952.9702763609494
Oruro,Ladislao Cabrera,Salinas de Garcí Mendoza,Salinas de Garcí Mendoza,1941-10-13,CSL,1941-10-13,-67.6141140058,-19.4366831239,Salinas de Garcí Mendoza,30615905.375742257,13948.807557439593,9306.918653001834,17,2194.8761748751253
Potosí,Sur Chichas,Atocha,Atocha,1863-08-26,246,1963-09-21,-66.1698748052,-21.0703456899,Atocha,27487569.778662253,9067.773660002711,22087.97152213275,8,3031.3471431149546
Potosí,Nor Lipez,San Pedro de Quemes,Villa San Pedro de Quemes,1885-12-04,CSL,1949-12-26,-68.1730845141,-21.0003905153,San Pedro de Quemes,5092748.570233534,1797.4970299687473,2024.679943825584,14,2833.2444979461693
Santa Cruz,Ñuflo De Chávez,San Julián,San Julián,1915-09-16,1091,1989-02-21,-62.8149725867,-16.7920113423,San Julián,135665144.37636155,55440.06814391947,64346.853503129794,14,2447.0594809548584
Santa Cruz,Guarayos,El Puente,El Puente,1990-03-06,1143,1990-03-06,-63.4854561555,-16.1467481462,El Puente,50456442.660849005,19320.727284570745,23860.902499378164,23,2611.5188066001424
Santa Cruz,Manuel María Caballero,Comarapa,Comarapa,1960-11-04,23,1960-11-04,-64.4320328356,-17.8023865045,Comarapa,50258353.56672917,25384.55193605636,16802.169748869637,12,1979.8794831332802
Tarija,Arce,Bermejo,Bermejo,1894-11-08,CSL,1956-12-07,-64.3293290077,-22.6731242026,Bermejo,88663934.75569001,36416.775239177216,38405.28491871338,3,2434.7003317390177
Chuquisaca,Nor Cinti,Villa Charcas,Villa Charcas,1984-10-03,4127,2009-12-04,-64.8206980432,-20.5720638766,Villa Charcas,22970624.64424024,11708.60895679085,8981.130016584895,6,1961.8577005185198
Tarija,O'Connor,Entre Ríos,Entre Ríos,1906-12-03,ML,1906-12-03,-64.065871229,-21.3979940037,Entre Rios (La Moreta),61232621.379733786,24899.347117884972,25993.661720139804,15,2459.205901657998
Potosí,Rafael Bustillo,Uncía,Uncía,2009-06-17,ML,1906-11-29,-66.5314119124,-18.5884257795,Uncía,50486836.84340346,19936.768213575804,15235.89256709563,6,2532.3480868391093
La Paz,Murillo,Mecapaca,Mecapaca,1912-10-17,ML,1947-10-24,-67.9761530546,-16.7185819609,Mecapaca,47939481.30448392,11701.41970781905,15339.27996920333,4,4096.894436873339
Cochabamba,Campero,Pasorapa,Pasorapa,1899-07-08,ML,1926-10-28,-64.6010807005,-18.3924467224,Pasorapa,24710836.58326897,10740.727138859686,6846.516478424746,9,2300.6670092070185
Potosí,Modesto Omiste,Villazón,Villazón,1958-09-18,CSL,1958-09-18,-65.6419205895,-21.9132015422,Villazón,170575260.51368594,66618.52578904263,49551.79853430684,12,2560.4778624768373
Tarija,Arce,Padcaya,Padcaya,1894-11-08,CSL,1890-11-08,-64.5294031976,-22.1338099233,Padcaya,42161054.36299631,21064.155134711207,20734.1130362939,14,2001.5544935633302
La Paz,Bautista Saavedra,Charazani,Villa General Juan José Pérez,1948-11-17,CSL,1948-11-17,-68.7736811691,-15.0965242652,Charazani,30334016.74109964,15093.593326573475,14864.401484772767,8,2009.727974298485
Cochabamba,Mizque,Mizque,Mizque,1876-06-24,MDS,1876-06-24,-65.4264652347,-17.9795143589,Mizque,59898369.409551375,28127.56715131931,24249.217985578063,6,2129.5254256193953
Santa Cruz,Vallegrande,Postrervalle,Postrervalle,1984-10-18,658,1984-10-18,-63.7631777003,-18.6250769658,Postrervalle,5803270.312874883,2863.7243884556733,3095.342163964495,6,2026.4765479070509
Santa Cruz,Cordillera,Cabezas,Cabezas,1894-09-06,CSL,1906-11-28,-63.2684722906,-18.4638933191,Cabezas,80448869.79335797,31636.073928023976,36832.949233568164,14,2542.947332099084
Santa Cruz,Velasco,San Miguel,San Miguel,1880-10-12,CSL,1927-10-27,-61.2723847203,-16.8429988472,San Miguel de Velasco,32332097.55311001,11377.007979981081,15848.016317993955,25,2841.880537484142
Santa Cruz,Velasco,San Rafael,San Rafael,1880-10-12,1531,1994-02-07,-60.1409580351,-16.8154966164,San Rafael,14123454.41389496,4607.336405352345,8503.67055739378,23,3065.427216794445
Cochabamba,Mizque,TIOC Raqaypampa,Raqaypampa,,,,0.0,0.0,Raqaypampa,7746636.897716792,3378.7656047439377,3993.697400272431,4,2292.741729950183
