nivel,departamento,provincia,municipio,area,poblacion_2001,poblacion_2012,poblacion_2024,hombres_2024,mujeres_2024
Municipio/TIOC,Beni,Cercado,San Javier,San Javier,2690,5277,7913,4485,3428
Municipio/TIOC,Beni,Cercado,Trinidad,Trinidad,79963,106596,128589,64655,63934
Municipio/TIOC,Beni,General José Ballivián,Puerto Menor de Rurrenabaque,Puerto Menor de Rurrenabaque,13668,19195,21240,11005,10235
Municipio/TIOC,Beni,General José Ballivián,Reyes,Reyes,11127,13246,11478,5999,5479
Municipio/TIOC,Beni,General José Ballivián,San Borja,San Borja,34363,40864,45798,23472,22326
Municipio/TIOC,Beni,General José Ballivián,Santa Rosa,Santa Rosa,9016,9478,11122,5846,5276
Municipio/TIOC,Beni,Iténez,Baures,Baures,5264,5965,7488,4309,3179
Municipio/TIOC,Beni,Iténez,Huacaraje,Huacaraje,3706,4111,4630,2527,2103
Municipio/TIOC,Beni,Iténez,Magdalena,Magdalena,9908,11377,12785,6742,6043
Municipio/TIOC,Beni,Mamoré,Puerto Siles,Puerto Siles,1018,945,1091,599,492
Municipio/TIOC,Beni,Mamoré,San Joaquín,San Joaquín,5452,6917,6808,3668,3140
Municipio/TIOC,Beni,Mamoré,San Ramón,San Ramón,5927,4955,5489,2938,2551
Municipio/TIOC,Beni,Marbán,Loreto,Loreto,3859,3828,4269,2247,2022
Municipio/TIOC,Beni,Marbán,San Andrés,San Andrés,10595,12503,15570,8769,6801
Municipio/TIOC,Beni,Moxos,San Ignacio,San Ignacio,19250,19252,21584,11305,10279
Municipio/TIOC,Beni,Territorio Indígena Multiétnico,TIOC-Territorio Indígena Multiétnico,TIOC-Territorio Indígena Multiétnico,2013,3232,3973,2138,1835
Municipio/TIOC,Beni,Vaca Diez,Guayaramerín,Guayaramerín,40444,41814,42031,21563,20468
Municipio/TIOC,Beni,Vaca Diez,Riberalta,Riberalta,75977,89022,110302,55544,54758
Municipio/TIOC,Beni,Yacuma,Exaltación,Exaltación,6618,6362,8012,4413,3599
Municipio/TIOC,Beni,Yacuma,Santa Ana,Santa Ana,21663,17069,18088,9371,8717
Municipio/TIOC,Chuquisaca,Azurduy,Azurduy,Azurduy,11349,10652,7903,4004,3899
Municipio/TIOC,Chuquisaca,Azurduy,Tarvita,Tarvita,16230,14261,16812,8268,8544
Municipio/TIOC,Chuquisaca,Belisario Boeto,Villa Serrano,Villa Serrano,12386,11161,9107,4693,4414
Municipio/TIOC,Chuquisaca,Hernando Siles,Huacareta,Huacareta,10007,8349,7200,3732,3468
Municipio/TIOC,Chuquisaca,Hernando Siles,Monteagudo,Monteagudo,26504,24303,24546,12649,11897
Municipio/TIOC,Chuquisaca,Luis Calvo,Huacaya (Autonomía Guaraní Chaqueño de Huacaya),Huacaya (Autonomía Guaraní Chaqueño de Huacaya),2345,2541,2547,1346,1201
Municipio/TIOC,Chuquisaca,Luis Calvo,Macharetí,Macharetí,7386,7418,7235,3895,3340
Municipio/TIOC,Chuquisaca,Luis Calvo,Villa Vaca Guzmán,Villa Vaca Guzmán,10748,9720,13282,7279,6003
Municipio/TIOC,Chuquisaca,Nor Cinti,Camargo,Camargo,14392,15644,14713,7269,7444
Municipio/TIOC,Chuquisaca,Nor Cinti,Incahuasi,Incahuasi,10709,13056,16484,8474,8010
Municipio/TIOC,Chuquisaca,Nor Cinti,San Lucas,San Lucas,32109,32520,26715,13158,13557
Municipio/TIOC,Chuquisaca,Nor Cinti,Villa Charcas,Villa Charcas,12302,16150,14282,7070,7212
Municipio/TIOC,Chuquisaca,Oropeza,Poroma,Poroma,16966,16532,13649,6982,6667
Municipio/TIOC,Chuquisaca,Oropeza,Sucre,Sucre,214913,261622,296746,142122,154624
Municipio/TIOC,Chuquisaca,Oropeza,Yotala,Yotala,9497,9461,9256,4654,4602
Municipio/TIOC,Chuquisaca,Sud Cinti,Culpina,Culpina,17570,17731,14848,7302,7546
Municipio/TIOC,Chuquisaca,Sud Cinti,Las Carreras,Las Carreras,3556,4088,5016,2576,2440
Municipio/TIOC,Chuquisaca,Sud Cinti,Villa Abecia,Villa Abecia,3195,3514,5375,2717,2658
Municipio/TIOC,Chuquisaca,Tomina,Alcalá,Alcalá,4034,4902,3768,1917,1851
Municipio/TIOC,Chuquisaca,Tomina,El Villar,El Villar,4585,4465,5654,2862,2792
Municipio/TIOC,Chuquisaca,Tomina,Padilla,Padilla,12453,10383,9192,4628,4564
Municipio/TIOC,Chuquisaca,Tomina,Sopachuy,Sopachuy,7241,7312,6942,3507,3435
Municipio/TIOC,Chuquisaca,Tomina,Tomina,Tomina,9060,8494,8509,4310,4199
Municipio/TIOC,Chuquisaca,Yamparáez,Tarabuco,Tarabuco,19554,16944,13323,6592,6731
Municipio/TIOC,Chuquisaca,Yamparáez,Yamparáez,Yamparáez,10013,10111,8480,4266,4214
Municipio/TIOC,Chuquisaca,Zudáñez,Icla,Icla,8177,7774,9155,4681,4474
Municipio/TIOC,Chuquisaca,Zudáñez,Mojocoya,Mojocoya,7926,8068,9055,4515,4540
Municipio/TIOC,Chuquisaca,Zudáñez,Presto,Presto,8892,12385,12539,6550,5989
Municipio/TIOC,Chuquisaca,Zudáñez,Zudáñez,Zudáñez,7423,11362,13694,7143,6551
Municipio/TIOC,Cochabamba,Arani,Arani,Arani,11542,9504,11183,5392,5791
Municipio/TIOC,Cochabamba,Arani,Vacas,Vacas,12511,8940,8409,4114,4295
Municipio/TIOC,Cochabamba,Arque,Arque,Arque,11806,10597,10632,5559,5073
Municipio/TIOC,Cochabamba,Arque,Tacopaya,Tacopaya,11658,10253,10750,5726,5024
Municipio/TIOC,Cochabamba,Ayopaya,Ayopaya,Ayopaya,26825,23658,21815,11551,10264
Municipio/TIOC,Cochabamba,Ayopaya,Cocapata,Cocapata,17061,18076,19608,10671,8937
Municipio/TIOC,Cochabamba,Ayopaya,Morochata,Morochata,17073,12797,14720,7552,7168
Municipio/TIOC,Cochabamba,Bolívar,Bolívar,Bolívar,8635,7279,8282,4585,3697
Municipio/TIOC,Cochabamba,Campero,Aiquile,Aiquile,26281,23267,23123,11513,11610
Municipio/TIOC,Cochabamba,Campero,Omereque,Omereque,6071,5643,6700,3422,3278
Municipio/TIOC,Cochabamba,Campero,Pasorapa,Pasorapa,4659,6853,6475,3504,2971
Municipio/TIOC,Cochabamba,Capinota,Capinota,Capinota,16945,19477,19427,9365,10062
Municipio/TIOC,Cochabamba,Capinota,Santiváñez,Santiváñez,6402,6527,7940,3966,3974
Municipio/TIOC,Cochabamba,Capinota,Sicaya,Sicaya,2235,3740,3980,2071,1909
Municipio/TIOC,Cochabamba,Carrasco,Chimoré,Chimoré,14834,21736,27521,14637,12884
Municipio/TIOC,Cochabamba,Carrasco,Entre Ríos,Entre Ríos,22187,31550,45780,23681,22099
Municipio/TIOC,Cochabamba,Carrasco,Pocona,Pocona,13488,10750,12258,6199,6059
Municipio/TIOC,Cochabamba,Carrasco,Pojo,Pojo,11515,10156,11865,6159,5706
Municipio/TIOC,Cochabamba,Carrasco,Puerto Villarroel,Puerto Villarroel,40790,46627,64595,33538,31057
Municipio/TIOC,Cochabamba,Carrasco,Totora,Totora,12927,14665,14821,7823,6998
Municipio/TIOC,Cochabamba,Cercado,Cochabamba,Cochabamba,517024,632013,665505,319373,346132
Municipio/TIOC,Cochabamba,Chapare,Colomi,Colomi,17372,19285,21846,11140,10706
Municipio/TIOC,Cochabamba,Chapare,Sacaba,Sacaba,117100,172466,219092,106199,112893
Municipio/TIOC,Cochabamba,Chapare,Villa Tunari,Villa Tunari,52886,71386,93747,50362,43385
Municipio/TIOC,Cochabamba,Esteban Arze,Anzaldo,Anzaldo,9126,7192,7335,3603,3732
Municipio/TIOC,Cochabamba,Esteban Arze,Arbieto,Arbieto,9438,17445,29375,14187,15188
Municipio/TIOC,Cochabamba,Esteban Arze,Sacabamba,Sacabamba,4718,4366,4987,2516,2471
Municipio/TIOC,Cochabamba,Esteban Arze,Tarata,Tarata,8715,8242,11273,5617,5656
Municipio/TIOC,Cochabamba,Germán Jordán,Cliza,Cliza,19747,21899,21155,10373,10782
Municipio/TIOC,Cochabamba,Germán Jordán,Toco,Toco,6705,7057,7382,3740,3642
Municipio/TIOC,Cochabamba,Germán Jordán,Tolata,Tolata,5316,5542,8687,4598,4089
Municipio/TIOC,Cochabamba,Mizque,Alalay,Alalay,4931,3447,3512,1860,1652
Municipio/TIOC,Cochabamba,Mizque,Mizque,Mizque,21372,19864,19896,9952,9944
Municipio/TIOC,Cochabamba,Mizque,TIOC-Raqaypampa,TIOC-Raqaypampa,5287,7036,8056,4128,3928
Municipio/TIOC,Cochabamba,Mizque,Vila Vila,Vila Vila,4591,5459,5244,2643,2601
Municipio/TIOC,Cochabamba,Punata,Punata,Punata,26140,28887,35248,16528,18720
Municipio/TIOC,Cochabamba,Punata,San Benito,San Benito,12720,13562,13054,6370,6684
Municipio/TIOC,Cochabamba,Punata,Tacachi,Tacachi,1076,1303,1287,645,642
Municipio/TIOC,Cochabamba,Punata,Villa Gualberto Villarroel,Villa Gualberto Villarroel,1942,2768,3822,1901,1921
Municipio/TIOC,Cochabamba,Punata,Villa Rivero,Villa Rivero,5857,8135,8599,4197,4402
Municipio/TIOC,Cochabamba,Quillacollo,Colcapirhua,Colcapirhua,41980,51990,66505,32204,34301
Municipio/TIOC,Cochabamba,Quillacollo,Quillacollo,Quillacollo,104206,137182,166741,80383,86358
Municipio/TIOC,Cochabamba,Quillacollo,Sipesipe,Sipesipe,31337,41571,55908,26687,29221
Municipio/TIOC,Cochabamba,Quillacollo,Tiquipaya,Tiquipaya,37791,53904,61840,29805,32035
Municipio/TIOC,Cochabamba,Quillacollo,Vinto,Vinto,31489,51968,56064,26947,29117
Municipio/TIOC,Cochabamba,Tapacarí,Tapacarí,Tapacarí,25919,24625,24666,12900,11766
Municipio/TIOC,Cochabamba,Tiraque,Shinahota,Shinahota,14709,20841,27172,14200,12972
Municipio/TIOC,Cochabamba,Tiraque,Tiraque,Tiraque,20772,21231,18475,9200,9275
Municipio/TIOC,La Paz,Abel Iturralde,Ixiamas,Ixiamas,5625,9362,12595,7090,5505
Municipio/TIOC,La Paz,Abel Iturralde,San Buenaventura,San Buenaventura,6203,8711,10105,5235,4870
Municipio/TIOC,La Paz,Aroma,Ayo Ayo,Ayo Ayo,6981,7798,11258,5778,5480
Municipio/TIOC,La Paz,Aroma,Calamarca,Calamarca,12112,12413,15327,7744,7583
Municipio/TIOC,La Paz,Aroma,Collana,Collana,2927,5042,5526,2729,2797
Municipio/TIOC,La Paz,Aroma,Colquencha,Colquencha,8020,9879,12490,6312,6178
Municipio/TIOC,La Paz,Aroma,Patacamaya,Patacamaya,20039,22858,25148,12564,12584
Municipio/TIOC,La Paz,Aroma,Sicasica,Sicasica,26818,31312,33885,17417,16468
Municipio/TIOC,La Paz,Aroma,Umala,Umala,9583,8903,9102,4634,4468
Municipio/TIOC,La Paz,Bautista Saavedra,Charazani,Charazani,9161,13023,15763,8338,7425
Municipio/TIOC,La Paz,Bautista Saavedra,Curva,Curva,2213,3285,6611,3553,3058
Municipio/TIOC,La Paz,Camacho,Escoma,Escoma,7241,7186,8837,4461,4376
Municipio/TIOC,La Paz,Camacho,Humanata,Humanata,5599,5342,5658,2925,2733
Municipio/TIOC,La Paz,Camacho,Mocomoco,Mocomoco,17233,15665,17811,9298,8513
Municipio/TIOC,La Paz,Camacho,Puerto Acosta,Puerto Acosta,13083,11290,14012,7156,6856
Municipio/TIOC,La Paz,Camacho,Puerto Mayor de Carabuco,Puerto Mayor de Carabuco,14721,14589,17336,9000,8336
Municipio/TIOC,La Paz,Caranavi,Alto Beni,Alto Beni,8093,11194,10585,5749,4836
Municipio/TIOC,La Paz,Caranavi,Caranavi,Caranavi,43060,50330,59676,31048,28628
Municipio/TIOC,La Paz,Franz Tamayo,Apolo,Apolo,13271,20308,19156,10226,8930
Municipio/TIOC,La Paz,Franz Tamayo,Pelechuco,Pelechuco,5115,6780,9060,5280,3780
Municipio/TIOC,La Paz,General José Manuel Pando,Catacora,Catacora,1735,2881,5351,2774,2577
Municipio/TIOC,La Paz,General José Manuel Pando,Santiago de Machaca,Santiago de Machaca,4402,4593,6805,3408,3397
Municipio/TIOC,La Paz,Gualberto Villarroel,Chacarilla,Chacarilla,1566,2004,2052,1090,962
Municipio/TIOC,La Paz,Gualberto Villarroel,Papel Pampa,Papel Pampa,6053,7003,6649,3558,3091
Municipio/TIOC,La Paz,Gualberto Villarroel,San Pedro de Curahuara,San Pedro de Curahuara,8103,8858,9217,4896,4321
Municipio/TIOC,La Paz,Ingavi,Desaguadero,Desaguadero,4981,6987,7897,3912,3985
Municipio/TIOC,La Paz,Ingavi,Jesús de Machaka,Jesús de Machaka,13247,15039,17016,8536,8480
Municipio/TIOC,La Paz,Ingavi,La (Marka) San Andrés de Machaca,La (Marka) San Andrés de Machaca,6299,6145,7936,4046,3890
Municipio/TIOC,La Paz,Ingavi,Puerto Mayor de Guaqui,Puerto Mayor de Guaqui,7552,7278,8592,4311,4281
Municipio/TIOC,La Paz,Ingavi,Taraco,Taraco,5922,6603,7540,3626,3914
Municipio/TIOC,La Paz,Ingavi,Tiahuanacu,Tiahuanacu,11309,12189,13648,6520,7128
Municipio/TIOC,La Paz,Ingavi,Viacha,Viacha,46596,80724,113554,56294,57260
Municipio/TIOC,La Paz,Inquisivi,Cajuata,Cajuata,7757,10458,15565,8016,7549
Municipio/TIOC,La Paz,Inquisivi,Colquiri,Colquiri,18351,19620,23505,12386,11119
Municipio/TIOC,La Paz,Inquisivi,Ichoca,Ichoca,6839,7913,9552,5128,4424
Municipio/TIOC,La Paz,Inquisivi,Inquisivi,Inquisivi,16143,14717,18679,10079,8600
Municipio/TIOC,La Paz,Inquisivi,Quime,Quime,7338,8266,10887,6084,4803
Municipio/TIOC,La Paz,Inquisivi,Villa Libertad Licoma,Villa Libertad Licoma,2739,5488,7877,3957,3920
Municipio/TIOC,La Paz,Larecaja,Combaya,Combaya,2691,3731,3529,1852,1677
Municipio/TIOC,La Paz,Larecaja,Guanay,Guanay,11528,14788,16386,8758,7628
Municipio/TIOC,La Paz,Larecaja,Mapiri,Mapiri,9633,13891,21843,11798,10045
Municipio/TIOC,La Paz,Larecaja,Quiabaya,Quiabaya,2580,2684,4224,2181,2043
Municipio/TIOC,La Paz,Larecaja,Sorata,Sorata,18932,23512,30083,15291,14792
Municipio/TIOC,La Paz,Larecaja,Tacacoma,Tacacoma,6269,8182,9761,5161,4600
Municipio/TIOC,La Paz,Larecaja,Teoponte,Teoponte,7109,9349,13379,7310,6069
Municipio/TIOC,La Paz,Larecaja,Tipuani,Tipuani,9321,9985,7716,4240,3476
Municipio/TIOC,La Paz,Loayza,Cairoma,Cairoma,11338,11355,13598,7105,6493
Municipio/TIOC,La Paz,Loayza,Luribay,Luribay,9004,11139,10703,5464,5239
Municipio/TIOC,La Paz,Loayza,Malla,Malla,3733,5180,5297,2884,2413
Municipio/TIOC,La Paz,Loayza,Sapahaqui,Sapahaqui,11790,12484,16497,8322,8175
Municipio/TIOC,La Paz,Loayza,Yaco,Yaco,7866,7315,12296,6560,5736
Municipio/TIOC,La Paz,Los Andes,Batallas,Batallas,20925,17426,20607,9862,10745
Municipio/TIOC,La Paz,Los Andes,Laja,Laja,16311,24531,38652,18939,19713
Municipio/TIOC,La Paz,Los Andes,Pucarani,Pucarani,24570,30124,49850,24339,25511
Municipio/TIOC,La Paz,Los Andes,Puerto Pérez,Puerto Pérez,7830,6498,7900,3858,4042
Municipio/TIOC,La Paz,Manco Kapac,Copacabana,Copacabana,14586,14931,17463,8481,8982
Municipio/TIOC,La Paz,Manco Kapac,San Pedro de Tiquina,San Pedro de Tiquina,6093,6052,9164,4625,4539
Municipio/TIOC,La Paz,Manco Kapac,Tito Yupanqui,Tito Yupanqui,2213,6261,7525,3986,3539
Municipio/TIOC,La Paz,Murillo,Achocalla,Achocalla,15110,22431,46188,22869,23319
Municipio/TIOC,La Paz,Murillo,El Alto,El Alto,649958,848452,885825,427374,458451
Municipio/TIOC,La Paz,Murillo,Mecapaca,Mecapaca,11782,15834,20446,10240,10206
Municipio/TIOC,La Paz,Murillo,Nuestra Señora de La Paz,Nuestra Señora de La Paz,793293,766468,757431,366639,390792
Municipio/TIOC,La Paz,Murillo,Palca,Palca,14185,16622,21729,10902,10827
Municipio/TIOC,La Paz,Muñecas,Aucapata,Aucapata,4146,5495,6721,3653,3068
Municipio/TIOC,La Paz,Muñecas,Ayata,Ayata,8143,8410,9029,4772,4257
Municipio/TIOC,La Paz,Muñecas,Chuma,Chuma,12843,11473,17830,9271,8559
Municipio/TIOC,La Paz,Nor Yungas,Coripata,Coripata,11444,16930,23530,12072,11458
Municipio/TIOC,La Paz,Nor Yungas,Coroico,Coroico,12237,19397,27711,14271,13440
Municipio/TIOC,La Paz,Omasuyos,Achacachi,Achacachi,45875,46058,47257,23143,24114
Municipio/TIOC,La Paz,Omasuyos,Chua Cocani,Chua Cocani,5540,5003,7226,3646,3580
Municipio/TIOC,La Paz,Omasuyos,Huarina,Huarina,8290,7948,8679,4076,4603
Municipio/TIOC,La Paz,Omasuyos,Huatajata,Huatajata,2809,3927,5118,2604,2514
Municipio/TIOC,La Paz,Omasuyos,Santiago de Huata,Santiago de Huata,7857,8562,9287,4612,4675
Municipio/TIOC,La Paz,Omasuyos,Villa Ancoraimes,Villa Ancoraimes,15199,13136,16953,8472,8481
Municipio/TIOC,La Paz,Pacajes,Calacoto,Calacoto,8818,9879,12219,6262,5957
Municipio/TIOC,La Paz,Pacajes,Caquiaviri,Caquiaviri,11901,14687,15570,7851,7719
Municipio/TIOC,La Paz,Pacajes,Charaña,Charaña,2766,3246,4221,2185,2036
Municipio/TIOC,La Paz,Pacajes,Comanche,Comanche,3862,3880,5238,2547,2691
Municipio/TIOC,La Paz,Pacajes,Corocoro,Corocoro,11813,10647,13551,6965,6586
Municipio/TIOC,La Paz,Pacajes,Nazacara de Pacajes,Nazacara de Pacajes,267,619,4022,2050,1972
Municipio/TIOC,La Paz,Pacajes,Santiago de Callapa,Santiago de Callapa,8099,7289,8037,4177,3860
Municipio/TIOC,La Paz,Pacajes,Waldo Ballivián,Waldo Ballivián,1657,5069,6442,3546,2896
Municipio/TIOC,La Paz,Sur Yungas,Chulumani,Chulumani,13204,17823,18303,9123,9180
Municipio/TIOC,La Paz,Sur Yungas,Irupana,Irupana,11383,17276,23279,12803,10476
Municipio/TIOC,La Paz,Sur Yungas,La Asunta,La Asunta,18016,40178,45587,23906,21681
Municipio/TIOC,La Paz,Sur Yungas,Palos Blancos,Palos Blancos,16786,24731,27137,14341,12796
Municipio/TIOC,La Paz,Sur Yungas,Yanacachi,Yanacachi,4250,6420,7615,3934,3681
Municipio/TIOC,Oruro,Abaroa,Challapata,Challapata,24370,28918,35427,18417,17010
Municipio/TIOC,Oruro,Abaroa,Santuario de Quillacas,Santuario de Quillacas,3305,4051,5161,2665,2496
Municipio/TIOC,Oruro,Carangas,Choquecota,Choquecota,1615,1850,2504,1295,1209
Municipio/TIOC,Oruro,Carangas,Corque,Corque,8548,9221,16101,8170,7931
Municipio/TIOC,Oruro,Cercado,Caracollo,Caracollo,20619,23115,22850,11464,11386
Municipio/TIOC,Oruro,Cercado,El Choro,El Choro,5710,8725,9997,5118,4879
Municipio/TIOC,Oruro,Cercado,Oruro,Oruro,201504,264943,298350,142260,156090
Municipio/TIOC,Oruro,Cercado,Paria,Paria,13978,12846,15764,8057,7707
Municipio/TIOC,Oruro,Ladislao Cabrera,Pampa Aullagas,Pampa Aullagas,2975,2973,3197,1661,1536
Municipio/TIOC,Oruro,Ladislao Cabrera,Salinas de Garci Mendoza (Autonomía Indígena Originario Campesina de Salinas),Salinas de Garci Mendoza (Autonomía Indígena Originario Campesina de Salinas),8723,11878,15934,8162,7772
Municipio/TIOC,Oruro,Litoral,Cruz de Machacamarca,Cruz de Machacamarca,869,1967,1517,778,739
Municipio/TIOC,Oruro,Litoral,Escara,Escara,863,4223,4231,2234,1997
Municipio/TIOC,Oruro,Litoral,Esmeralda,Esmeralda,952,2702,3882,1911,1971
Municipio/TIOC,Oruro,Litoral,Huachacalla,Huachacalla,1650,1003,4011,2074,1937
Municipio/TIOC,Oruro,Litoral,Yunguyo del Litoral,Yunguyo del Litoral,221,514,875,444,431
Municipio/TIOC,Oruro,Mejillones,Carangas,Carangas,353,840,1129,575,554
Municipio/TIOC,Oruro,Mejillones,La Rivera,La Rivera,390,509,1262,616,646
Municipio/TIOC,Oruro,Mejillones,Todos Santos,Todos Santos,387,727,1140,607,533
Municipio/TIOC,Oruro,Nor Carangas,Santiago de Huayllamarca,Santiago de Huayllamarca,5790,5502,5996,3188,2808
Municipio/TIOC,Oruro,Pantaleón Dalence,Huanuni,Huanuni,19428,24677,20118,10232,9886
Municipio/TIOC,Oruro,Pantaleón Dalence,Machacamarca,Machacamarca,4180,4820,6120,3069,3051
Municipio/TIOC,Oruro,Poopó,Antequera,Antequera,3352,3264,3666,1898,1768
Municipio/TIOC,Oruro,Poopó,Pazña,Pazña,5469,5955,4251,2177,2074
Municipio/TIOC,Oruro,Poopó,Poopó,Poopó,6163,7587,9189,4726,4463
Municipio/TIOC,Oruro,Sabaya,Coipasa,Coipasa,616,903,1406,739,667
Municipio/TIOC,Oruro,Sabaya,Sabaya,Sabaya,4684,8018,15504,7988,7516
Municipio/TIOC,Oruro,Sabaya,Uru Chipaya (Nación Originaria Uru Chipaya),Uru Chipaya (Nación Originaria Uru Chipaya),1814,2003,2355,1183,1172
Municipio/TIOC,Oruro,Sajama,Curahuara de Carangas,Curahuara de Carangas,5278,4184,6683,3472,3211
Municipio/TIOC,Oruro,Sajama,Turco,Turco,4160,5207,5803,3028,2775
Municipio/TIOC,Oruro,San Pedro de Totora,Totora,Totora,4941,5531,6637,3502,3135
Municipio/TIOC,Oruro,Saucarí,Toledo,Toledo,7763,10149,12202,6236,5966
Municipio/TIOC,Oruro,Sebastián Pagador,Santiago de Huari,Santiago de Huari,10221,13283,13502,7249,6253
Municipio/TIOC,Oruro,Sur Carangas,Andamarca,Andamarca,4588,5216,6311,3282,3029
Municipio/TIOC,Oruro,Sur Carangas,Belén de Andamarca,Belén de Andamarca,1548,2016,3061,1569,1492
Municipio/TIOC,Oruro,Tomás Barrón,Eucaliptus,Eucaliptus,5424,5267,5335,2762,2573
Municipio/TIOC,Pando,Abuná,Ingavi,Ingavi,899,1654,2600,1500,1100
Municipio/TIOC,Pando,Abuná,Santa Rosa,Santa Rosa,2097,2395,2889,1647,1242
Municipio/TIOC,Pando,Federico Román,Nueva Esperanza,Nueva Esperanza,740,2068,1598,874,724
Municipio/TIOC,Pando,Federico Román,Santos Mercado,Santos Mercado,509,2165,2347,1306,1041
Municipio/TIOC,Pando,Federico Román,Villa Nueva,Villa Nueva,993,2801,2511,1346,1165
Municipio/TIOC,Pando,Madre de Dios,Puerto Gonzalo Moreno,Puerto Gonzalo Moreno,3810,8160,12431,6549,5882
Municipio/TIOC,Pando,Madre de Dios,San Lorenzo,San Lorenzo,3471,7652,9832,5261,4571
Municipio/TIOC,Pando,Madre de Dios,Sena,Sena,2240,8258,10522,5683,4839
Municipio/TIOC,Pando,Manuripi,Filadelfia,Filadelfia,3145,5756,8045,4487,3558
Municipio/TIOC,Pando,Manuripi,Puerto Rico,Puerto Rico,4003,6239,7367,4099,3268
Municipio/TIOC,Pando,Manuripi,San Pedro,San Pedro,1082,2991,3518,1811,1707
Municipio/TIOC,Pando,Nicolás Suárez,Bella Flor,Bella Flor,2305,3909,3630,2107,1523
Municipio/TIOC,Pando,Nicolás Suárez,Bolpebra,Bolpebra,1194,2173,2437,1394,1043
Municipio/TIOC,Pando,Nicolás Suárez,Cobija,Cobija,22324,46267,55114,28121,26993
Municipio/TIOC,Pando,Nicolás Suárez,Porvenir,Porvenir,3713,7948,9353,4654,4699
Municipio/TIOC,Potosí,Alonso de Ibáñez,Caripuyo,Caripuyo,9030,8704,8458,4656,3802
Municipio/TIOC,Potosí,Alonso de Ibáñez,Sacaca,Sacaca,18725,19611,17205,9169,8036
Municipio/TIOC,Potosí,Antonio Quijarro,Porco,Porco,5959,10866,14654,7978,6676
Municipio/TIOC,Potosí,Antonio Quijarro,TIOC-Jatun Ayllu Yura,TIOC-Jatun Ayllu Yura,4794,5935,5819,2821,2998
Municipio/TIOC,Potosí,Antonio Quijarro,Tomave,Tomave,7970,8854,7845,3902,3943
Municipio/TIOC,Potosí,Antonio Quijarro,Uyuni,Uyuni,18705,29672,35318,17133,18185
Municipio/TIOC,Potosí,Charcas,San Pedro,San Pedro,27639,30012,28416,15059,13357
Municipio/TIOC,Potosí,Charcas,Toro Toro,Toro Toro,10535,10870,10714,5511,5203
Municipio/TIOC,Potosí,Chayanta,Colquechaca,Colquechaca,13816,15260,16363,9160,7203
Municipio/TIOC,Potosí,Chayanta,Ocurí,Ocurí,18516,16118,14532,8250,6282
Municipio/TIOC,Potosí,Chayanta,Pocoata,Pocoata,20116,26330,32641,16977,15664
Municipio/TIOC,Potosí,Chayanta,Ravelo,Ravelo,20536,21213,16909,8930,7979
Municipio/TIOC,Potosí,Chayanta,San Pedro de Macha,San Pedro de Macha,17221,19939,21011,11569,9442
Municipio/TIOC,Potosí,Cornelio Saavedra,Betanzos,Betanzos,36308,33922,31904,15953,15951
Municipio/TIOC,Potosí,Cornelio Saavedra,Chaquí,Chaquí,9644,9910,9285,4585,4700
Municipio/TIOC,Potosí,Cornelio Saavedra,Tacobamba,Tacobamba,12754,11835,14366,7839,6527
Municipio/TIOC,Potosí,Daniel Campos,Llica,Llica,2901,4150,4187,2142,2045
Municipio/TIOC,Potosí,Daniel Campos,Tahua,Tahua,2166,1700,1546,803,743
Municipio/TIOC,Potosí,Enrique Baldivieso,San Agustín,San Agustín,1640,1684,2126,1057,1069
Municipio/TIOC,Potosí,General Bernardino Bilbao,Acasio,Acasio,5764,6161,4471,2193,2278
Municipio/TIOC,Potosí,General Bernardino Bilbao,Arampampa,Arampampa,4859,4170,3666,1930,1736
Municipio/TIOC,Potosí,José María Linares,"Caiza ""D""","Caiza ""D""",10914,12067,12999,6463,6536
Municipio/TIOC,Potosí,José María Linares,Ckochas,Ckochas,16886,15812,14338,7403,6935
Municipio/TIOC,Potosí,José María Linares,Puna,Puna,23612,21917,16389,7911,8478
Municipio/TIOC,Potosí,Modesto Omiste,Villazón,Villazón,36266,44906,49340,23609,25731
Municipio/TIOC,Potosí,Nor Chichas,Cotagaita,Cotagaita,24025,31801,29221,14451,14770
Municipio/TIOC,Potosí,Nor Chichas,Vitichi,Vitichi,11298,10646,10184,4886,5298
Municipio/TIOC,Potosí,Nor Lípez,"Colcha ""K""","Colcha ""K""",9645,12997,12740,6923,5817
Municipio/TIOC,Potosí,Nor Lípez,San Pedro de Quemes,San Pedro de Quemes,815,1060,1621,876,745
Municipio/TIOC,Potosí,Rafael Bustillo,Chayanta,Chayanta,14165,16129,16021,8334,7687
Municipio/TIOC,Potosí,Rafael Bustillo,Chuquihuta Ayllu Jucumani,Chuquihuta Ayllu Jucumani,6476,8019,8220,4489,3731
Municipio/TIOC,Potosí,Rafael Bustillo,Llallagua,Llallagua,36909,41104,41686,19749,21937
Municipio/TIOC,Potosí,Rafael Bustillo,Uncía,Uncía,18704,22020,22768,11672,11096
Municipio/TIOC,Potosí,Sur Chichas,Atocha,Atocha,9536,11234,9610,4996,4614
Municipio/TIOC,Potosí,Sur Chichas,Tupiza,Tupiza,38337,44814,45590,22111,23479
Municipio/TIOC,Potosí,Sur Lípez,Mojinete,Mojinete,716,1180,1025,516,509
Municipio/TIOC,Potosí,Sur Lípez,San Antonio de Esmoruco,San Antonio de Esmoruco,1666,2284,1936,968,968
Municipio/TIOC,Potosí,Sur Lípez,San Pablo,San Pablo,2523,3371,3150,1650,1500
Municipio/TIOC,Potosí,Tomás Frías,Potosí,Potosí,145057,191302,218702,104539,114163
Municipio/TIOC,Potosí,Tomás Frías,Tinguipaya,Tinguipaya,21794,27200,28942,16216,12726
Municipio/TIOC,Potosí,Tomás Frías,Urmiri,Urmiri,2025,2759,3121,1852,1269
Municipio/TIOC,Potosí,Tomás Frías,Yocalla,Yocalla,8046,8979,12253,6276,5977
Municipio/TIOC,Santa Cruz,Andrés Ibáñez,Cotoca,Cotoca,36425,55633,106603,54479,52124
Municipio/TIOC,Santa Cruz,Andrés Ibáñez,El Torno,El Torno,37961,49652,55697,28264,27433
Municipio/TIOC,Santa Cruz,Andrés Ibáñez,La Guardia,La Guardia,39552,89284,147726,73823,73903
Municipio/TIOC,Santa Cruz,Andrés Ibáñez,Porongo,Porongo,11085,15317,23126,11983,11143
Municipio/TIOC,Santa Cruz,Andrés Ibáñez,Santa Cruz de la Sierra,Santa Cruz de la Sierra,1131778,1444425,1610982,799830,811152
Municipio/TIOC,Santa Cruz,Chiquitos,Pailón,Pailón,28520,37866,54495,28647,25848
Municipio/TIOC,Santa Cruz,Chiquitos,Roboré,Roboré,15240,15641,18763,10024,8739
Municipio/TIOC,Santa Cruz,Chiquitos,San José,San José,16599,28922,40974,21959,19015
Municipio/TIOC,Santa Cruz,Cordillera,Boyuibe,Boyuibe,4031,5087,5612,2980,2632
Municipio/TIOC,Santa Cruz,Cordillera,Cabezas,Cabezas,22296,26434,32961,17494,15467
Municipio/TIOC,Santa Cruz,Cordillera,Camiri,Camiri,30897,33838,32285,15739,16546
Municipio/TIOC,Santa Cruz,Cordillera,Charagua (Autonomía Guaraní Charagua Iyambae),Charagua (Autonomía Guaraní Charagua Iyambae),24427,32186,38420,19960,18460
Municipio/TIOC,Santa Cruz,Cordillera,Cuevo,Cuevo,3406,5052,5335,2859,2476
Municipio/TIOC,Santa Cruz,Cordillera,Gutiérrez (Autonomía Indígena Kereimba Iyaambae),Gutiérrez (Autonomía Indígena Kereimba Iyaambae),11393,12273,14389,7204,7185
Municipio/TIOC,Santa Cruz,Cordillera,Lagunillas,Lagunillas,5283,5366,5946,3083,2863
Municipio/TIOC,Santa Cruz,Florida,Mairana,Mairana,7747,10177,12735,6635,6100
Municipio/TIOC,Santa Cruz,Florida,Pampagrande,Pampagrande,7933,9198,9692,4942,4750
Municipio/TIOC,Santa Cruz,Florida,Quirusillas,Quirusillas,2028,2995,3086,1560,1526
Municipio/TIOC,Santa Cruz,Florida,Samaipata,Samaipata,9739,10472,11843,6247,5596
Municipio/TIOC,Santa Cruz,Germán Busch,El Carmen Rivero Tórrez,El Carmen Rivero Tórrez,4894,6342,8816,4690,4126
Municipio/TIOC,Santa Cruz,Germán Busch,Puerto Quijarro,Puerto Quijarro,12903,16659,17974,9381,8593
Municipio/TIOC,Santa Cruz,Germán Busch,Puerto Suárez,Puerto Suárez,15209,19829,17417,9424,7993
Municipio/TIOC,Santa Cruz,Guarayos,Ascención de Guarayos,Ascención de Guarayos,16984,27070,34079,18178,15901
Municipio/TIOC,Santa Cruz,Guarayos,El Puente,El Puente,8633,14205,17290,9824,7466
Municipio/TIOC,Santa Cruz,Guarayos,Urubichá,Urubichá,5960,7026,6555,3351,3204
Municipio/TIOC,Santa Cruz,Ichilo,Buena Vista,Buena Vista,13273,12879,13651,7381,6270
Municipio/TIOC,Santa Cruz,Ichilo,San Carlos,San Carlos,16502,20093,18942,9807,9135
Municipio/TIOC,Santa Cruz,Ichilo,San Juan,San Juan,9131,9191,10200,5485,4715
Municipio/TIOC,Santa Cruz,Ichilo,Yapacaní,Yapacaní,31538,50558,57794,31127,26667
Municipio/TIOC,Santa Cruz,Manuel María Caballero,Comarapa,Comarapa,14660,15919,17195,8813,8382
Municipio/TIOC,Santa Cruz,Manuel María Caballero,Saipina,Saipina,5350,7390,6048,3111,2937
Municipio/TIOC,Santa Cruz,Obispo Santisteban,Fernández Alonso,Fernández Alonso,11363,15117,14610,8283,6327
Municipio/TIOC,Santa Cruz,Obispo Santisteban,General Saavedra,General Saavedra,16592,14209,16598,8578,8020
Municipio/TIOC,Santa Cruz,Obispo Santisteban,Mineros,Mineros,19846,23251,23110,11768,11342
Municipio/TIOC,Santa Cruz,Obispo Santisteban,Montero,Montero,80341,109518,126886,63754,63132
Municipio/TIOC,Santa Cruz,Obispo Santisteban,San Pedro,San Pedro,14644,19103,15246,8358,6888
Municipio/TIOC,Santa Cruz,Sara,Colpa Bélgica,Colpa Bélgica,6273,6069,6007,3111,2896
Municipio/TIOC,Santa Cruz,Sara,Portachuelo,Portachuelo,16408,17885,20743,10641,10102
Municipio/TIOC,Santa Cruz,Sara,Santa Rosa,Santa Rosa,15052,19217,17999,9776,8223
Municipio/TIOC,Santa Cruz,Valle Grande,Moromoro,Moromoro,3366,2767,2793,1443,1350
Municipio/TIOC,Santa Cruz,Valle Grande,Postrervalle,Postrervalle,2545,2390,1806,993,813
Municipio/TIOC,Santa Cruz,Valle Grande,Pucará,Pucará,2548,2076,2015,1097,918
Municipio/TIOC,Santa Cruz,Valle Grande,Trigal,Trigal,2133,2135,2359,1197,1162
Municipio/TIOC,Santa Cruz,Valle Grande,Vallegrande,Vallegrande,16837,17208,17249,8787,8462
Municipio/TIOC,Santa Cruz,Velasco,San Ignacio,San Ignacio,41412,52362,67103,35121,31982
Municipio/TIOC,Santa Cruz,Velasco,San Miguel,San Miguel,10273,11327,15239,8164,7075
Municipio/TIOC,Santa Cruz,Velasco,San Rafael,San Rafael,5017,6139,8842,4934,3908
Municipio/TIOC,Santa Cruz,Warnes,Okinawa Uno,Okinawa Uno,11661,12482,10665,5502,5163
Municipio/TIOC,Santa Cruz,Warnes,Warnes,Warnes,45318,96406,151248,76819,74429
Municipio/TIOC,Santa Cruz,Ángel Sandoval,San Matías,San Matías,13073,14470,15378,8051,7327
Municipio/TIOC,Santa Cruz,Ñuflo de Chávez,Concepción,Concepción,14522,18800,30118,16297,13821
Municipio/TIOC,Santa Cruz,Ñuflo de Chávez,Cuatro Cañadas,Cuatro Cañadas,17574,22845,25258,13007,12251
Municipio/TIOC,Santa Cruz,Ñuflo de Chávez,San Antonio de Lomerio,San Antonio de Lomerio,6293,6481,6364,3271,3093
Municipio/TIOC,Santa Cruz,Ñuflo de Chávez,San Javier,San Javier,11316,13620,14888,7733,7155
Municipio/TIOC,Santa Cruz,Ñuflo de Chávez,San Julián,San Julián,38027,47416,44909,22834,22075
Municipio/TIOC,Santa Cruz,Ñuflo de Chávez,San Ramón,San Ramón,5660,7490,8541,4523,4018
Municipio/TIOC,Tarija,Arce,Bermejo,Bermejo,33310,34505,36970,18312,18658
Municipio/TIOC,Tarija,Arce,Padcaya,Padcaya,19260,18681,17817,9173,8644
Municipio/TIOC,Tarija,Avilez,Uriondo,Uriondo,12331,14781,15923,7813,8110
Municipio/TIOC,Tarija,Avilez,Yunchará,Yunchará,5173,5490,4754,2338,2416
Municipio/TIOC,Tarija,Cercado,Tarija,Tarija,153457,205375,238749,116148,122601
Municipio/TIOC,Tarija,Gran Chaco,Caraparí,Caraparí,9035,15366,15559,8061,7498
Municipio/TIOC,Tarija,Gran Chaco,Villa Montes,Villa Montes,23765,39867,46071,23557,22514
Municipio/TIOC,Tarija,Gran Chaco,Yacuiba,Yacuiba,83518,92245,97634,48721,48913
Municipio/TIOC,Tarija,Méndez,El Puente,El Puente,10663,11354,9523,4691,4832
Municipio/TIOC,Tarija,Méndez,San Lorenzo,San Lorenzo,21375,23863,30346,14954,15392
Municipio/TIOC,Tarija,O'Connor,Entre Ríos,Entre Ríos,19339,21991,20864,10728,10136
