departamento,municipio,codigo_entidad,poblacion_retro_2021,pib_estimado_usd2017_2021,pibpc_usd2017_2021,nbi_pobre_pct,nbi_pobre_moderada_pct,nbi_pobre_indigente_pct,nbi_pobre_marginal_pct,nivel_pibpc,nivel_nbi,categoria_brecha,score_brecha_bienestar_producto,metodo
Santa Cruz,Roboré,1715,17928.453863,104679400.73455828,5838.7299615768425,24.7,22.6,2.1,0.1,alto,bajo,Producto alto con mejor bienestar relativo,58.585,Cruce PIBpc estimado 2021 en USD constantes de 2017 con pobreza NBI 2024
Santa Cruz,Charagua,,36756.552602,241249057.32119584,6563.429925946351,,,,,alto,sin_dato,Sin dato,,Cruce PIBpc estimado 2021 en USD constantes de 2017 con pobreza NBI 2024
Santa Cruz,Gutiérrez,,13828.040505,18970666.44616128,1371.898385720123,,,,,bajo,sin_dato,Sin dato,,Cruce PIBpc estimado 2021 en USD constantes de 2017 con pobreza NBI 2024
Santa Cruz,Camiri,1723,32666.436772,48009839.62570449,1469.6993112672333,20.1,19.4,0.7,0.0,bajo,bajo,"Bajo producto, menor pobreza relativa",11.055,Cruce PIBpc estimado 2021 en USD constantes de 2017 con pobreza NBI 2024
Santa Cruz,San José,1713,37556.780227,128035987.84476145,3409.1311095281994,53.5,43.9,9.4,0.2,medio,medio,Situación intermedia,53.971,Cruce PIBpc estimado 2021 en USD constantes de 2017 con pobreza NBI 2024
Santa Cruz,Santa Cruz de la Sierra,1701,1567623.499271,7304597860.954088,4659.663410475066,10.4,10.1,0.3,0.0,alto,bajo,Producto alto con mejor bienestar relativo,46.3442,Cruce PIBpc estimado 2021 en USD constantes de 2017 con pobreza NBI 2024
Santa Cruz,Pailón,1714,49754.21177,83588901.42193899,1680.0366933446785,40.1,36.9,3.1,0.1,bajo,medio,"Bajo producto, menor pobreza relativa",24.3698,Cruce PIBpc estimado 2021 en USD constantes de 2017 con pobreza NBI 2024
Potosí,Colquechaca,1511,36817.963877,87303821.58436093,2371.2289434541885,67.8,44.1,22.0,1.7,bajo,alto,Rezago estructural,48.4915,Cruce PIBpc estimado 2021 en USD constantes de 2017 con pobreza NBI 2024
Potosí,Pocoata,1513,30933.944811,53319153.77963285,1723.6454679393132,82.2,64.7,17.1,0.5,bajo,alto,Rezago estructural,48.0854,Cruce PIBpc estimado 2021 en USD constantes de 2017 con pobreza NBI 2024
Potosí,Llica,1535,4177.719188,10529716.467252906,2520.4462035705837,33.2,30.8,2.4,0.0,medio,bajo,Bienestar relativo con producto medio,31.38,Cruce PIBpc estimado 2021 en USD constantes de 2017 con pobreza NBI 2024
Cochabamba,Quillacollo,1302,158802.042462,404292893.8875956,2545.8922795930966,14.6,13.7,0.9,0.0,medio,bajo,Bienestar relativo con producto medio,21.4772,Cruce PIBpc estimado 2021 en USD constantes de 2017 con pobreza NBI 2024
Cochabamba,Sacaba,1312,206369.619121,770195184.3953326,3732.115161496822,20.3,18.6,1.7,0.0,alto,bajo,Producto alto con mejor bienestar relativo,39.8636,Cruce PIBpc estimado 2021 en USD constantes de 2017 con pobreza NBI 2024
Cochabamba,Tiquipaya,1304,59752.675908,266805201.3052588,4465.159045215903,14.2,13.1,1.1,0.0,alto,bajo,Producto alto con mejor bienestar relativo,45.9335,Cruce PIBpc estimado 2021 en USD constantes de 2017 con pobreza NBI 2024
Cochabamba,Colcapirhua,1306,62534.643408,236618861.51994443,3783.804442233257,7.0,6.8,0.2,0.0,alto,bajo,Producto alto con mejor bienestar relativo,33.2132,Cruce PIBpc estimado 2021 en USD constantes de 2017 con pobreza NBI 2024
Cochabamba,Sipe Sipe,,51916.22253,117092718.09361576,2255.416753905632,,,,,bajo,sin_dato,Sin dato,,Cruce PIBpc estimado 2021 en USD constantes de 2017 con pobreza NBI 2024
Cochabamba,Vinto,1305,55010.686019,146294478.74020344,2659.382918600488,20.9,19.4,1.5,0.1,medio,bajo,Bienestar relativo con producto medio,26.4014,Cruce PIBpc estimado 2021 en USD constantes de 2017 con pobreza NBI 2024
Cochabamba,Tarata,1320,10424.08113,25540686.681105096,2450.161924396028,41.5,33.5,7.9,0.2,bajo,medio,"Bajo producto, menor pobreza relativa",35.0414,Cruce PIBpc estimado 2021 en USD constantes de 2017 con pobreza NBI 2024
Cochabamba,Totora,1331,6341.321583,57414093.96540805,9053.963469564313,73.3,57.9,15.0,0.5,alto,alto,Producto alto con rezago social,85.315,Cruce PIBpc estimado 2021 en USD constantes de 2017 con pobreza NBI 2024
Santa Cruz,Buena Vista,1710,13453.766496,42155654.66542448,3133.3719577390084,28.1,26.2,1.8,0.0,medio,bajo,Bienestar relativo con producto medio,36.4555,Cruce PIBpc estimado 2021 en USD constantes de 2017 con pobreza NBI 2024
Santa Cruz,San Carlos,1711,19223.416264,62563408.97794844,3254.541654706803,29.0,26.6,2.3,0.1,medio,bajo,Bienestar relativo con producto medio,38.5084,Cruce PIBpc estimado 2021 en USD constantes de 2017 con pobreza NBI 2024
Beni,Magdalena,1817,12417.451969,33691649.56458154,2713.249839815314,43.5,41.9,1.6,0.0,medio,medio,Situación intermedia,39.5239,Cruce PIBpc estimado 2021 en USD constantes de 2017 con pobreza NBI 2024
Santa Cruz,Portachuelo,1716,19988.30242,65767498.04067281,3290.299328997771,13.0,12.6,0.4,0.0,medio,bajo,Bienestar relativo con producto medio,30.1681,Cruce PIBpc estimado 2021 en USD constantes de 2017 con pobreza NBI 2024
Potosí,San Antonio de Esmoruco,1525,2017.683487,2726490.699572779,1351.2975238854124,60.8,49.8,10.5,0.5,bajo,alto,Rezago estructural,33.44,Cruce PIBpc estimado 2021 en USD constantes de 2017 con pobreza NBI 2024
Tarija,Uriondo,1607,15629.483473,76308392.58542399,4882.336176935414,36.0,34.2,1.8,0.0,alto,bajo,Producto alto con mejor bienestar relativo,63.2872,Cruce PIBpc estimado 2021 en USD constantes de 2017 con pobreza NBI 2024
Potosí,Mojinete,1524,1061.728318,3001273.8863061965,2826.7814234927605,60.5,52.8,7.7,0.0,medio,alto,Producto medio con rezago social,50.3336,Cruce PIBpc estimado 2021 en USD constantes de 2017 con pobreza NBI 2024
Tarija,Yacuiba,1604,96257.930568,499841404.92857325,5192.729596187854,21.5,19.8,1.7,0.0,alto,bajo,Producto alto con mejor bienestar relativo,56.825,Cruce PIBpc estimado 2021 en USD constantes de 2017 con pobreza NBI 2024
Tarija,Yunchará,1608,4928.190295,33842692.357155345,6867.164279368678,52.3,49.2,3.1,0.0,alto,medio,Producto alto con mejor bienestar relativo,73.765,Cruce PIBpc estimado 2021 en USD constantes de 2017 con pobreza NBI 2024
Tarija,Caraparí,1605,15510.52392,24510095.139744222,1580.2235479769356,28.0,26.4,1.5,0.0,bajo,bajo,"Bajo producto, menor pobreza relativa",16.4314,Cruce PIBpc estimado 2021 en USD constantes de 2017 con pobreza NBI 2024
Tarija,San Lorenzo,1609,28576.389084,75156933.68266019,2630.036057405492,30.6,27.2,3.4,0.1,medio,bajo,Bienestar relativo con producto medio,31.359,Cruce PIBpc estimado 2021 en USD constantes de 2017 con pobreza NBI 2024
Tarija,El Puente,1610,9951.01912,61207156.17792948,6150.842987715212,41.0,38.7,2.2,0.0,alto,medio,Producto alto con mejor bienestar relativo,67.55,Cruce PIBpc estimado 2021 en USD constantes de 2017 con pobreza NBI 2024
Potosí,San Agustín,1538,2005.663019,5762994.141848233,2873.361121591789,31.7,30.6,1.1,0.0,medio,bajo,Bienestar relativo con producto medio,35.0925,Cruce PIBpc estimado 2021 en USD constantes de 2017 con pobreza NBI 2024
Tarija,Tarija,1601,229928.637087,1066260706.9199344,4637.354965567208,13.3,12.9,0.5,0.0,alto,bajo,Producto alto con mejor bienestar relativo,47.6524,Cruce PIBpc estimado 2021 en USD constantes de 2017 con pobreza NBI 2024
Potosí,Toro Toro,1516,10752.788845,25307177.84081357,2353.545503908641,76.4,51.5,23.7,1.1,bajo,alto,Rezago estructural,52.9942,Cruce PIBpc estimado 2021 en USD constantes de 2017 con pobreza NBI 2024
Potosí,San Pedro,1515,16130.295758,54680477.16777571,3389.924027919867,87.8,50.4,34.3,3.0,medio,alto,Producto medio con rezago social,72.589,Cruce PIBpc estimado 2021 en USD constantes de 2017 con pobreza NBI 2024
Chuquisaca,Poroma,1103,14318.811586,34766136.969633035,2428.0043605331366,88.2,60.4,26.8,1.0,bajo,alto,Rezago estructural,60.4415,Cruce PIBpc estimado 2021 en USD constantes de 2017 con pobreza NBI 2024
Potosí,Ravelo,1512,17895.299288,32844125.481397644,1835.3493257166224,83.7,57.1,25.2,1.4,bajo,alto,Rezago estructural,50.3466,Cruce PIBpc estimado 2021 en USD constantes de 2017 con pobreza NBI 2024
Potosí,Ocurí,1514,14913.233912,42855376.94044768,2873.647472719658,87.0,57.6,28.2,1.2,medio,alto,Producto medio con rezago social,65.5112,Cruce PIBpc estimado 2021 en USD constantes de 2017 con pobreza NBI 2024
Potosí,Tahua,1536,1583.140093,7915259.948290615,4999.721745032202,38.3,31.3,6.9,0.1,alto,bajo,Producto alto con mejor bienestar relativo,66.0614,Cruce PIBpc estimado 2021 en USD constantes de 2017 con pobreza NBI 2024
Potosí,San Pablo,1523,3203.853162,22547873.258326,7037.736161875649,52.3,43.4,8.9,0.0,alto,medio,Producto alto con mejor bienestar relativo,73.765,Cruce PIBpc estimado 2021 en USD constantes de 2017 con pobreza NBI 2024
Cochabamba,Morochata,1311,14213.724716,16286873.56408622,1145.855424240622,85.0,63.9,20.5,0.7,bajo,alto,Rezago estructural,46.75,Cruce PIBpc estimado 2021 en USD constantes de 2017 con pobreza NBI 2024
Potosí,Tomave,1531,13936.96124,52054597.15859894,3735.0033669784634,59.4,52.9,6.4,0.1,alto,medio,Producto alto con mejor bienestar relativo,61.4058,Cruce PIBpc estimado 2021 en USD constantes de 2017 con pobreza NBI 2024
Potosí,Porco,1532,13598.298353,13194876.683837272,970.3329299726528,27.9,25.5,2.4,0.0,bajo,bajo,"Bajo producto, menor pobreza relativa",15.345,Cruce PIBpc estimado 2021 en USD constantes de 2017 con pobreza NBI 2024
Potosí,Yocalla,1503,11336.756485,22705180.364755064,2002.793338235112,50.1,45.7,4.3,0.1,bajo,medio,"Bajo producto, menor pobreza relativa",34.0195,Cruce PIBpc estimado 2021 en USD constantes de 2017 con pobreza NBI 2024
Potosí,Urmiri,1504,3026.274035,13301353.956104793,4395.290645882801,86.8,62.4,23.8,0.6,alto,alto,Producto alto con rezago social,84.9652,Cruce PIBpc estimado 2021 en USD constantes de 2017 con pobreza NBI 2024
Oruro,Todos Santos,1429,1018.737379,3654121.999774625,3586.912659090652,36.3,33.4,2.9,0.0,alto,bajo,Producto alto con mejor bienestar relativo,46.7967,Cruce PIBpc estimado 2021 en USD constantes de 2017 con pobreza NBI 2024
Santa Cruz,Concepción,1737,26770.658809,92738797.89527862,3464.195579068662,60.5,53.6,6.7,0.2,medio,alto,Producto medio con rezago social,58.5289,Cruce PIBpc estimado 2021 en USD constantes de 2017 con pobreza NBI 2024
Santa Cruz,Santa Rosa,1717,18296.0644,60699202.09892858,3317.609775158591,41.6,37.8,3.8,0.1,medio,medio,Situación intermedia,46.2493,Cruce PIBpc estimado 2021 en USD constantes de 2017 con pobreza NBI 2024
Beni,Huacaraje,1819,4494.409217,11883972.976400858,2644.167988195151,46.2,44.6,1.6,0.0,medio,medio,Situación intermedia,40.1207,Cruce PIBpc estimado 2021 en USD constantes de 2017 con pobreza NBI 2024
Potosí,Ckochas,1539,14693.089819,39625487.31584025,2696.879131864044,86.6,67.7,18.6,0.3,medio,alto,Producto medio con rezago social,63.0184,Cruce PIBpc estimado 2021 en USD constantes de 2017 con pobreza NBI 2024
Oruro,Santiago de Andamarca,,6017.388211,10999412.120694287,1827.9379252036065,,,,,bajo,sin_dato,Sin dato,,Cruce PIBpc estimado 2021 en USD constantes de 2017 con pobreza NBI 2024
Oruro,La Rivera,1428,1005.712763,2241135.7429262786,2228.405390100194,63.3,53.4,9.9,0.0,bajo,alto,Rezago estructural,44.1802,Cruce PIBpc estimado 2021 en USD constantes de 2017 con pobreza NBI 2024
Oruro,Carangas,1430,1048.552736,2704006.511892877,2578.798774756832,62.9,53.8,9.1,0.0,medio,alto,Producto medio con rezago social,48.4653,Cruce PIBpc estimado 2021 en USD constantes de 2017 con pobreza NBI 2024
Pando,Bolpebra,1903,2368.135665,11093738.67667014,4684.587475753156,49.1,48.1,1.0,0.0,alto,medio,Producto alto con mejor bienestar relativo,67.9497,Cruce PIBpc estimado 2021 en USD constantes de 2017 con pobreza NBI 2024
Pando,Filadelfia,1907,7399.029053,11833393.725460658,1599.3171050144952,45.7,42.9,2.7,0.0,bajo,medio,"Bajo producto, menor pobreza relativa",26.4119,Cruce PIBpc estimado 2021 en USD constantes de 2017 con pobreza NBI 2024
Oruro,Oruro,1401,289622.730754,957017726.239944,3304.359860666915,12.3,11.6,0.7,0.0,medio,bajo,Bienestar relativo con producto medio,29.9639,Cruce PIBpc estimado 2021 en USD constantes de 2017 con pobreza NBI 2024
Oruro,Huayllamarca,,5868.489943,10804427.176109854,1841.0915382527687,,,,,bajo,sin_dato,Sin dato,,Cruce PIBpc estimado 2021 en USD constantes de 2017 con pobreza NBI 2024
La Paz,San Pedro de Curahuara,1271,9125.908491,18411825.7805611,2017.533465231252,77.9,68.6,9.2,0.1,bajo,alto,Rezago estructural,49.499,Cruce PIBpc estimado 2021 en USD constantes de 2017 con pobreza NBI 2024
Cochabamba,Sicaya,1329,3918.593417,8125337.145729522,2073.5341180245027,51.5,42.9,8.4,0.2,bajo,medio,"Bajo producto, menor pobreza relativa",35.699,Cruce PIBpc estimado 2021 en USD constantes de 2017 con pobreza NBI 2024
Santa Cruz,Puerto Quijarro,1744,17635.825178,70304806.78317973,3986.476735467228,16.8,16.3,0.4,0.0,alto,bajo,Producto alto con mejor bienestar relativo,41.209,Cruce PIBpc estimado 2021 en USD constantes de 2017 con pobreza NBI 2024
Cochabamba,Capinota,1327,19439.487954,65552408.38541485,3372.1262896220164,37.9,31.1,6.7,0.1,medio,bajo,Bienestar relativo con producto medio,44.9152,Cruce PIBpc estimado 2021 en USD constantes de 2017 con pobreza NBI 2024
Cochabamba,Arque,1338,10623.239178,24825421.12240268,2336.897504385972,84.5,65.4,18.7,0.4,bajo,alto,Rezago estructural,57.2351,Cruce PIBpc estimado 2021 en USD constantes de 2017 con pobreza NBI 2024
Oruro,Yunguyo del Litoral,1421,766.031837,1982172.2009017847,2587.584622426929,27.7,26.0,1.7,0.0,medio,bajo,Bienestar relativo con producto medio,29.2182,Cruce PIBpc estimado 2021 en USD constantes de 2017 con pobreza NBI 2024
Oruro,Huachacalla,1418,2836.38206,3769757.442326828,1329.0725167605367,22.2,21.5,0.8,0.0,bajo,bajo,"Bajo producto, menor pobreza relativa",12.21,Cruce PIBpc estimado 2021 en USD constantes de 2017 con pobreza NBI 2024
Oruro,Esmeralda,1422,3545.789784,8282857.794179285,2335.9697832471657,41.8,38.3,3.4,0.1,bajo,medio,"Bajo producto, menor pobreza relativa",33.7382,Cruce PIBpc estimado 2021 en USD constantes de 2017 con pobreza NBI 2024
Oruro,Santuario de Quillacas,1405,4857.814816,11212443.016884403,2308.1248343021225,57.5,49.6,7.8,0.1,bajo,medio,"Bajo producto, menor pobreza relativa",42.0152,Cruce PIBpc estimado 2021 en USD constantes de 2017 con pobreza NBI 2024
Oruro,Pampa Aullagas,1427,3139.465425,5255270.56230173,1673.9380280192431,58.4,51.9,6.4,0.1,bajo,medio,"Bajo producto, menor pobreza relativa",34.3563,Cruce PIBpc estimado 2021 en USD constantes de 2017 con pobreza NBI 2024
Oruro,Santiago de Huari,1412,13446.9138,32038323.819245134,2382.5782104880136,55.6,44.4,11.0,0.2,bajo,medio,"Bajo producto, menor pobreza relativa",41.9274,Cruce PIBpc estimado 2021 en USD constantes de 2017 con pobreza NBI 2024
Oruro,Pazña,1409,4624.755422,12879177.029169727,2784.8341923592093,43.2,39.0,4.1,0.1,medio,medio,Situación intermedia,40.2793,Cruce PIBpc estimado 2021 en USD constantes de 2017 con pobreza NBI 2024
Chuquisaca,Sucre,1101,287545.927126,858414576.1068636,2985.312936564193,16.2,14.4,1.7,0.0,medio,bajo,Bienestar relativo con producto medio,28.0069,Cruce PIBpc estimado 2021 en USD constantes de 2017 con pobreza NBI 2024
Chuquisaca,Tarabuco,1117,14148.340612,42907913.73832583,3032.717045496317,61.5,51.8,9.3,0.3,medio,alto,Producto medio con rezago social,53.5314,Cruce PIBpc estimado 2021 en USD constantes de 2017 con pobreza NBI 2024
Chuquisaca,Yamparáez,1118,8861.258721,26312372.98427733,2969.37193825189,56.6,48.6,7.8,0.2,medio,medio,Situación intermedia,50.0219,Cruce PIBpc estimado 2021 en USD constantes de 2017 con pobreza NBI 2024
Chuquisaca,Yotala,1102,9306.829764,30914235.655400146,3321.671980639746,33.5,30.9,2.6,0.0,medio,bajo,Bienestar relativo con producto medio,41.8465,Cruce PIBpc estimado 2021 en USD constantes de 2017 con pobreza NBI 2024
Potosí,Tacobamba,1510,13686.549175,15753628.98328698,1151.0300209433178,90.5,56.4,32.1,1.9,bajo,alto,Rezago estructural,49.775,Cruce PIBpc estimado 2021 en USD constantes de 2017 con pobreza NBI 2024
Potosí,Betanzos,1508,32396.956662,76086740.09666157,2348.576778084907,60.6,52.3,8.3,0.1,bajo,alto,Rezago estructural,44.2403,Cruce PIBpc estimado 2021 en USD constantes de 2017 con pobreza NBI 2024
Chuquisaca,Villa Ricardo Mugia - Icla,,8788.300442,14366028.929915205,1634.6765821908791,,,,,bajo,sin_dato,Sin dato,,Cruce PIBpc estimado 2021 en USD constantes de 2017 con pobreza NBI 2024
Oruro,Cruz de Machacamarca,1420,1618.789115,8867694.3412397,5477.979964707485,43.5,35.9,7.6,0.1,alto,medio,Producto alto con mejor bienestar relativo,68.925,Cruce PIBpc estimado 2021 en USD constantes de 2017 con pobreza NBI 2024
Pando,Porvenir,1902,8980.027474,27998698.453647155,3117.88561171799,23.7,22.5,1.2,0.0,medio,bajo,Bienestar relativo con producto medio,33.8364,Cruce PIBpc estimado 2021 en USD constantes de 2017 con pobreza NBI 2024
La Paz,Colquiri,1221,22466.992607,34722153.75665547,1545.4740366658875,63.5,50.6,12.5,0.4,bajo,alto,Rezago estructural,35.5097,Cruce PIBpc estimado 2021 en USD constantes de 2017 con pobreza NBI 2024
La Paz,Santiago de Callapa,1245,7843.094789,12782537.922356054,1629.7824093063366,89.8,67.2,22.2,0.5,bajo,alto,Rezago estructural,51.0586,Cruce PIBpc estimado 2021 en USD constantes de 2017 con pobreza NBI 2024
Cochabamba,Cochabamba,1301,656969.177976,2974353925.812473,4527.387319717812,17.0,16.0,1.0,0.0,alto,bajo,Producto alto con mejor bienestar relativo,48.2736,Cruce PIBpc estimado 2021 en USD constantes de 2017 con pobreza NBI 2024
La Paz,Catacora,1275,4583.656117,5920435.030996007,1291.6403150004207,71.5,65.0,6.1,0.5,bajo,alto,Rezago estructural,39.325,Cruce PIBpc estimado 2021 en USD constantes de 2017 con pobreza NBI 2024
La Paz,Yaco,1253,10798.824259,24958103.541583005,2311.1871202844145,72.8,60.6,11.8,0.4,bajo,alto,Rezago estructural,50.4695,Cruce PIBpc estimado 2021 en USD constantes de 2017 con pobreza NBI 2024
La Paz,Calacoto,1240,11586.572807,28158329.297235724,2430.2552417171123,81.0,66.0,14.8,0.2,bajo,alto,Rezago estructural,56.5104,Cruce PIBpc estimado 2021 en USD constantes de 2017 con pobreza NBI 2024
Oruro,Antequera,1410,3561.081252,7624825.799514208,2141.154682819764,34.1,30.4,3.7,0.0,bajo,bajo,"Bajo producto, menor pobreza relativa",26.9984,Cruce PIBpc estimado 2021 en USD constantes de 2017 con pobreza NBI 2024
Potosí,Llallagua,1507,41539.73196,107111303.47180332,2578.526591707194,27.4,23.6,3.6,0.1,medio,bajo,Bienestar relativo con producto medio,28.9368,Cruce PIBpc estimado 2021 en USD constantes de 2017 con pobreza NBI 2024
Potosí,Caripuyo,1527,8518.840387,16735947.764781356,1964.5805066944,83.5,65.2,18.1,0.2,bajo,alto,Rezago estructural,51.8982,Cruce PIBpc estimado 2021 en USD constantes de 2017 con pobreza NBI 2024
La Paz,Collana,1217,5400.809648,7830638.239804529,1449.9008020621047,39.1,35.3,3.5,0.3,bajo,bajo,"Bajo producto, menor pobreza relativa",21.505,Cruce PIBpc estimado 2021 en USD constantes de 2017 con pobreza NBI 2024
Oruro,Belen de Andamarca,1425,2757.529258,4305962.534234489,1561.52922813472,54.8,49.5,5.3,0.0,bajo,medio,"Bajo producto, menor pobreza relativa",30.9311,Cruce PIBpc estimado 2021 en USD constantes de 2017 con pobreza NBI 2024
Cochabamba,San Benito,1317,13179.187638,43362606.02782876,3290.2336030328493,20.9,19.3,1.6,0.0,medio,bajo,Bienestar relativo con producto medio,34.5123,Cruce PIBpc estimado 2021 en USD constantes de 2017 con pobreza NBI 2024
Oruro,Corque,1414,14006.645692,18487719.62548672,1319.9248436581847,79.8,69.2,10.4,0.1,bajo,alto,Rezago estructural,43.89,Cruce PIBpc estimado 2021 en USD constantes de 2017 con pobreza NBI 2024
Cochabamba,Aiquile,1307,23158.916232,35701751.370810725,1541.598536528998,51.0,40.7,10.0,0.3,bajo,medio,"Bajo producto, menor pobreza relativa",28.5848,Cruce PIBpc estimado 2021 en USD constantes de 2017 con pobreza NBI 2024
Potosí,Sacaca,1526,17777.305782,35062967.17771284,1972.344269059476,78.0,60.1,17.5,0.4,bajo,alto,Rezago estructural,48.973,Cruce PIBpc estimado 2021 en USD constantes de 2017 con pobreza NBI 2024
Potosí,Acasio,1534,4844.135744,14562534.538459972,3006.219335636558,72.7,58.7,13.5,0.4,medio,alto,Producto medio con rezago social,59.3507,Cruce PIBpc estimado 2021 en USD constantes de 2017 con pobreza NBI 2024
Oruro,Huanuni,1406,21171.990631,62426116.62949532,2948.523722597327,13.5,12.2,1.3,0.0,medio,bajo,Bienestar relativo con producto medio,26.0489,Cruce PIBpc estimado 2021 en USD constantes de 2017 con pobreza NBI 2024
La Paz,Corocoro,1238,12758.080041,21327174.772888497,1671.6602109691823,67.6,56.2,11.1,0.3,bajo,alto,Rezago estructural,39.3871,Cruce PIBpc estimado 2021 en USD constantes de 2017 con pobreza NBI 2024
La Paz,Santiago de Machaca,1274,6168.011979,11383841.254006688,1845.6256719962528,68.7,60.2,8.5,0.0,bajo,alto,Rezago estructural,42.2288,Cruce PIBpc estimado 2021 en USD constantes de 2017 con pobreza NBI 2024
Oruro,Machacamarca,1407,5765.345338,10650385.842683569,1847.310996765544,27.0,24.7,2.1,0.1,bajo,bajo,"Bajo producto, menor pobreza relativa",19.3154,Cruce PIBpc estimado 2021 en USD constantes de 2017 con pobreza NBI 2024
Potosí,Arampampa,1533,3785.980382,16038147.347865572,4236.193992100587,79.6,59.5,19.6,0.5,alto,alto,Producto alto con rezago social,78.9596,Cruce PIBpc estimado 2021 en USD constantes de 2017 con pobreza NBI 2024
Cochabamba,Sacabamba,1323,4823.924023,10749390.444447065,2228.3498649164358,73.6,60.3,13.0,0.2,bajo,alto,Rezago estructural,49.8445,Cruce PIBpc estimado 2021 en USD constantes de 2017 con pobreza NBI 2024
Cochabamba,Anzaldo,1321,7298.985625,17462024.98864104,2392.390653486859,73.6,56.4,16.6,0.5,bajo,alto,Rezago estructural,51.9536,Cruce PIBpc estimado 2021 en USD constantes de 2017 con pobreza NBI 2024
Cochabamba,Toco,1325,7299.373054,17030791.76781755,2333.1855546618344,39.7,36.0,3.7,0.1,bajo,bajo,"Bajo producto, menor pobreza relativa",32.5474,Cruce PIBpc estimado 2021 en USD constantes de 2017 con pobreza NBI 2024
Cochabamba,Villa Gualberto Villarroel,1319,3525.815101,8606517.760359889,2441.000879034733,44.3,38.1,6.1,0.0,bajo,medio,"Bajo producto, menor pobreza relativa",36.4636,Cruce PIBpc estimado 2021 en USD constantes de 2017 con pobreza NBI 2024
Cochabamba,Tacachi,1318,1290.981486,4244920.910805219,3288.134614325025,29.6,27.5,2.1,0.0,medio,bajo,Bienestar relativo con producto medio,39.2703,Cruce PIBpc estimado 2021 en USD constantes de 2017 con pobreza NBI 2024
Cochabamba,Villa Rivero,1316,8480.57601,22805254.54558273,2689.1162248764444,37.1,33.7,3.2,0.1,medio,bajo,Bienestar relativo con producto medio,35.6936,Cruce PIBpc estimado 2021 en USD constantes de 2017 con pobreza NBI 2024
Cochabamba,Cliza,1324,21338.596102,66003019.23645288,3093.1284757900385,15.6,15.2,0.4,0.0,medio,bajo,Bienestar relativo con producto medio,29.0631,Cruce PIBpc estimado 2021 en USD constantes de 2017 con pobreza NBI 2024
Cochabamba,Tacopaya,1339,10623.535844,20766779.129821,1954.7897645097223,82.6,64.9,17.1,0.6,bajo,alto,Rezago estructural,51.2773,Cruce PIBpc estimado 2021 en USD constantes de 2017 con pobreza NBI 2024
Oruro,El Choro,1403,9662.591689,12153508.671341864,1257.7897382729025,93.0,66.9,25.1,1.0,bajo,alto,Rezago estructural,51.15,Cruce PIBpc estimado 2021 en USD constantes de 2017 con pobreza NBI 2024
Oruro,Toledo,1423,11652.767427,27633224.032155327,2371.3872439156867,81.4,64.4,16.8,0.3,bajo,alto,Rezago estructural,55.9736,Cruce PIBpc estimado 2021 en USD constantes de 2017 con pobreza NBI 2024
Cochabamba,Santivañez,1328,7560.382706,20693517.48207112,2737.099203518303,32.4,28.3,3.9,0.3,medio,bajo,Bienestar relativo con producto medio,33.7256,Cruce PIBpc estimado 2021 en USD constantes de 2017 con pobreza NBI 2024
Oruro,Paria,1435,14977.585211,34060360.28002704,2274.088900234935,59.8,51.8,7.8,0.2,bajo,medio,"Bajo producto, menor pobreza relativa",42.8426,Cruce PIBpc estimado 2021 en USD constantes de 2017 con pobreza NBI 2024
La Paz,Chacarilla,1273,2039.893277,2762764.7517024474,1354.3673009099844,86.9,72.1,14.6,0.2,bajo,alto,Rezago estructural,47.795,Cruce PIBpc estimado 2021 en USD constantes de 2017 con pobreza NBI 2024
Cochabamba,Tolata,1326,7763.70449,17356052.520032663,2235.537499074023,31.0,24.8,6.1,0.1,bajo,bajo,"Bajo producto, menor pobreza relativa",26.5069,Cruce PIBpc estimado 2021 en USD constantes de 2017 con pobreza NBI 2024
Cochabamba,Arbieto,1322,25787.019573,50539886.35848242,1959.8963817748424,55.5,47.2,8.0,0.3,bajo,medio,"Bajo producto, menor pobreza relativa",36.438,Cruce PIBpc estimado 2021 en USD constantes de 2017 con pobreza NBI 2024
La Paz,Papel Pampa,1272,6735.786006,16642810.465428274,2470.8045134662207,75.3,66.5,8.7,0.1,bajo,alto,Rezago estructural,53.8968,Cruce PIBpc estimado 2021 en USD constantes de 2017 con pobreza NBI 2024
Pando,Cobija,1901,52755.079762,201209584.4326979,3814.032418121439,14.4,14.1,0.3,0.0,alto,bajo,Producto alto con mejor bienestar relativo,37.6718,Cruce PIBpc estimado 2021 en USD constantes de 2017 con pobreza NBI 2024
La Paz,Calamarca,1214,14539.921336,24766117.79127406,1703.318554437302,54.0,47.2,6.7,0.1,bajo,medio,"Bajo producto, menor pobreza relativa",32.3141,Cruce PIBpc estimado 2021 en USD constantes de 2017 con pobreza NBI 2024
La Paz,Colquencha,1216,11778.773623,18813755.47140517,1597.259279546111,42.9,39.3,3.3,0.2,bajo,medio,"Bajo producto, menor pobreza relativa",24.8455,Cruce PIBpc estimado 2021 en USD constantes de 2017 con pobreza NBI 2024
La Paz,Combaya,1231,3578.450846,8460327.933556208,2364.243159538342,62.9,51.2,11.5,0.2,bajo,alto,Rezago estructural,45.7067,Cruce PIBpc estimado 2021 en USD constantes de 2017 con pobreza NBI 2024
La Paz,Coroico,1265,25346.7797,45509499.02296989,1795.4745952483277,48.1,42.5,5.4,0.2,bajo,medio,"Bajo producto, menor pobreza relativa",30.254,Cruce PIBpc estimado 2021 en USD constantes de 2017 con pobreza NBI 2024
La Paz,Coripata,1266,21671.086464,37246324.25087215,1718.7105183669391,34.4,31.2,3.1,0.1,bajo,bajo,"Bajo producto, menor pobreza relativa",21.732,Cruce PIBpc estimado 2021 en USD constantes de 2017 con pobreza NBI 2024
Cochabamba,Arani,1336,10737.306505,27113861.38736718,2525.201397008914,30.5,27.8,2.7,0.1,medio,bajo,Bienestar relativo con producto medio,29.9562,Cruce PIBpc estimado 2021 en USD constantes de 2017 con pobreza NBI 2024
Cochabamba,Punata,1315,33537.174471,82335385.54322018,2455.0483707335275,22.0,20.8,1.2,0.0,bajo,bajo,"Bajo producto, menor pobreza relativa",24.3792,Cruce PIBpc estimado 2021 en USD constantes de 2017 con pobreza NBI 2024
La Paz,Nazacara de Pacajes,1244,2519.151068,2074265.3059097943,823.3985378504665,73.7,64.6,9.1,0.1,bajo,alto,Rezago estructural,40.535,Cruce PIBpc estimado 2021 en USD constantes de 2017 con pobreza NBI 2024
La Paz,Caquiaviri,1239,15344.393708,23648775.281872377,1541.1997196991208,75.2,66.3,8.6,0.2,bajo,alto,Rezago estructural,41.8897,Cruce PIBpc estimado 2021 en USD constantes de 2017 con pobreza NBI 2024
La Paz,Luribay,1251,10810.373398,15730514.13464079,1455.1314330582848,54.0,46.2,7.3,0.5,bajo,medio,"Bajo producto, menor pobreza relativa",29.7,Cruce PIBpc estimado 2021 en USD constantes de 2017 con pobreza NBI 2024
La Paz,Malla,1254,5267.504553,17644209.91994668,3349.6335396636937,70.5,58.7,11.7,0.2,medio,alto,Producto medio con rezago social,62.556,Cruce PIBpc estimado 2021 en USD constantes de 2017 con pobreza NBI 2024
La Paz,Comanche,1241,4859.393316,6821744.050365493,1403.82628181903,72.7,63.8,8.8,0.0,bajo,alto,Rezago estructural,39.985,Cruce PIBpc estimado 2021 en USD constantes de 2017 con pobreza NBI 2024
La Paz,Sapahaqui,1252,15386.582536,34036497.46321944,2212.0894866520807,70.3,58.9,11.1,0.3,bajo,alto,Rezago estructural,47.8204,Cruce PIBpc estimado 2021 en USD constantes de 2017 con pobreza NBI 2024
La Paz,Cairoma,1255,12998.79403,23232893.154193264,1787.3114306593802,61.3,53.1,7.9,0.3,bajo,alto,Rezago estructural,37.409,Cruce PIBpc estimado 2021 en USD constantes de 2017 con pobreza NBI 2024
La Paz,Viacha,1206,104268.348839,299586362.9214943,2873.224389361183,27.5,25.0,2.5,0.0,medio,bajo,Bienestar relativo con producto medio,32.7807,Cruce PIBpc estimado 2021 en USD constantes de 2017 con pobreza NBI 2024
La Paz,Ichoca,1222,9112.887876,19187871.503606506,2105.5752869666017,81.5,58.3,22.7,0.5,bajo,alto,Rezago estructural,52.611,Cruce PIBpc estimado 2021 en USD constantes de 2017 con pobreza NBI 2024
La Paz,Villa Libertad Licoma,1223,7196.546896,6991628.74496282,971.5254894293817,48.5,41.5,6.9,0.0,bajo,medio,"Bajo producto, menor pobreza relativa",26.675,Cruce PIBpc estimado 2021 en USD constantes de 2017 con pobreza NBI 2024
La Paz,Quime,1219,10162.604337,25594053.60431689,2518.4542028097694,41.2,32.9,8.1,0.2,medio,medio,Situación intermedia,35.7544,Cruce PIBpc estimado 2021 en USD constantes de 2017 con pobreza NBI 2024
Pando,Sena,1910,9903.585213,27281192.65089576,2754.678438477282,72.3,65.1,7.1,0.1,medio,alto,Producto medio con rezago social,55.8966,Cruce PIBpc estimado 2021 en USD constantes de 2017 con pobreza NBI 2024
Pando,San Lorenzo,1909,28576.389084,22406374.11295386,784.0869623767204,66.6,64.7,2.0,0.0,bajo,alto,Rezago estructural,36.63,Cruce PIBpc estimado 2021 en USD constantes de 2017 con pobreza NBI 2024
Beni,Santa Rosa,1809,18296.0644,59072091.005622745,3228.677474868672,45.9,43.3,2.5,0.1,medio,medio,Situación intermedia,47.4709,Cruce PIBpc estimado 2021 en USD constantes de 2017 con pobreza NBI 2024
La Paz,Laja,1262,34499.102047,104101942.8389127,3017.526157585036,57.8,48.9,8.8,0.2,medio,medio,Situación intermedia,51.3011,Cruce PIBpc estimado 2021 en USD constantes de 2017 con pobreza NBI 2024
La Paz,Ayo Ayo,1213,10270.503643,12794238.545091929,1245.726498934231,69.1,58.5,10.3,0.2,bajo,alto,Rezago estructural,38.005,Cruce PIBpc estimado 2021 en USD constantes de 2017 con pobreza NBI 2024
La Paz,Patacamaya,1215,24554.842106,51168284.6880591,2083.836844351273,45.7,39.9,5.7,0.1,bajo,medio,"Bajo producto, menor pobreza relativa",32.6415,Cruce PIBpc estimado 2021 en USD constantes de 2017 con pobreza NBI 2024
La Paz,Umala,1212,9051.836831,26890025.920464173,2970.670641017735,60.5,54.0,6.5,0.1,medio,alto,Producto medio con rezago social,52.1836,Cruce PIBpc estimado 2021 en USD constantes de 2017 con pobreza NBI 2024
La Paz,Sica Sica,,33222.577222,70759613.48201168,2129.8652723276214,,,,,bajo,sin_dato,Sin dato,,Cruce PIBpc estimado 2021 en USD constantes de 2017 con pobreza NBI 2024
Oruro,Eucaliptus,1411,5317.918135,16099256.744494252,3027.360771052416,49.7,45.1,4.6,0.0,medio,medio,Situación intermedia,46.9725,Cruce PIBpc estimado 2021 en USD constantes de 2017 con pobreza NBI 2024
Oruro,Caracollo,1402,22915.963812,37668047.283442006,1643.7470225239229,51.4,45.1,6.3,0.1,bajo,medio,"Bajo producto, menor pobreza relativa",30.1182,Cruce PIBpc estimado 2021 en USD constantes de 2017 con pobreza NBI 2024
La Paz,Palca,1202,20321.259625,35986262.31085038,1770.867700893157,65.3,54.6,10.5,0.2,bajo,alto,Rezago estructural,39.3976,Cruce PIBpc estimado 2021 en USD constantes de 2017 con pobreza NBI 2024
La Paz,Achocalla,1204,38557.514155,67246283.28898302,1744.0513156020784,43.2,38.7,4.4,0.1,bajo,medio,"Bajo producto, menor pobreza relativa",26.8978,Cruce PIBpc estimado 2021 en USD constantes de 2017 con pobreza NBI 2024
La Paz,El Alto,1205,876330.180928,4407125575.474515,5029.069717540849,16.9,16.2,0.7,0.0,alto,bajo,Producto alto con mejor bienestar relativo,54.295,Cruce PIBpc estimado 2021 en USD constantes de 2017 con pobreza NBI 2024
La Paz,Yanacachi,1258,7296.862923,19024437.824818853,2607.207785886067,34.0,30.5,3.5,0.0,medio,bajo,Bienestar relativo con producto medio,32.9355,Cruce PIBpc estimado 2021 en USD constantes de 2017 con pobreza NBI 2024
Cochabamba,Tapacarí,1330,24655.743605,61275698.23681551,2485.2504641215187,86.5,58.5,26.6,1.4,bajo,alto,Rezago estructural,60.2425,Cruce PIBpc estimado 2021 en USD constantes de 2017 con pobreza NBI 2024
Chuquisaca,Tarvita,1105,16134.3707,29223325.52640482,1811.2466901006696,69.7,53.2,16.4,0.2,bajo,alto,Rezago estructural,42.3367,Cruce PIBpc estimado 2021 en USD constantes de 2017 con pobreza NBI 2024
Potosí,Puna,1528,17624.208351,47993317.63923006,2723.147427930561,55.1,49.2,5.7,0.1,medio,medio,Situación intermedia,46.0312,Cruce PIBpc estimado 2021 en USD constantes de 2017 con pobreza NBI 2024
Chuquisaca,San Lucas,1120,28061.056494,88292052.62470052,3146.426530387832,65.5,51.0,14.1,0.4,medio,alto,Producto medio con rezago social,57.1933,Cruce PIBpc estimado 2021 en USD constantes de 2017 con pobreza NBI 2024
Chuquisaca,Camargo,1119,14940.422465,36434147.11503277,2438.6289745112904,44.2,38.7,5.3,0.2,bajo,medio,"Bajo producto, menor pobreza relativa",36.3781,Cruce PIBpc estimado 2021 en USD constantes de 2017 con pobreza NBI 2024
La Paz,Desaguadero,1209,7658.95097,11985471.420226166,1564.8972642961794,35.3,33.3,2.0,0.0,bajo,bajo,"Bajo producto, menor pobreza relativa",20.2494,Cruce PIBpc estimado 2021 en USD constantes de 2017 con pobreza NBI 2024
La Paz,Jesús de Machaca,1279,16498.628647,32271312.677195013,1955.9996995688005,60.8,55.6,5.2,0.1,bajo,alto,Rezago estructural,39.3029,Cruce PIBpc estimado 2021 en USD constantes de 2017 con pobreza NBI 2024
La Paz,Puerto Mayor de Guaqui,1207,8242.780103,13167625.46837164,1597.4738261009502,44.6,40.7,3.9,0.0,bajo,medio,"Bajo producto, menor pobreza relativa",25.7832,Cruce PIBpc estimado 2021 en USD constantes de 2017 con pobreza NBI 2024
La Paz,Tito Yupanqui,1234,7186.886796,9938429.264572429,1382.855963430928,70.4,58.0,12.2,0.2,bajo,alto,Rezago estructural,38.72,Cruce PIBpc estimado 2021 en USD constantes de 2017 con pobreza NBI 2024
La Paz,Pucarani,1261,43951.837027,53416519.34011121,1215.342132513911,56.1,47.7,8.2,0.2,bajo,medio,"Bajo producto, menor pobreza relativa",30.855,Cruce PIBpc estimado 2021 en USD constantes de 2017 con pobreza NBI 2024
La Paz,Quiabaya,1230,3771.278108,4341131.813820665,1151.1036020148808,77.8,63.5,14.0,0.3,bajo,alto,Rezago estructural,42.79,Cruce PIBpc estimado 2021 en USD constantes de 2017 con pobreza NBI 2024
La Paz,Huatajata,1286,4790.054299,4534832.270513535,946.7183434127192,20.3,18.1,2.2,0.0,bajo,bajo,"Bajo producto, menor pobreza relativa",11.165,Cruce PIBpc estimado 2021 en USD constantes de 2017 con pobreza NBI 2024
La Paz,Apolo,1249,19437.723944,37168948.83762164,1912.206848076581,66.8,53.6,12.7,0.5,bajo,alto,Rezago estructural,42.0398,Cruce PIBpc estimado 2021 en USD constantes de 2017 con pobreza NBI 2024
La Paz,Aucapata,1237,6390.978341,8017129.221564236,1254.44474907958,69.1,57.2,11.5,0.3,bajo,alto,Rezago estructural,38.005,Cruce PIBpc estimado 2021 en USD constantes de 2017 con pobreza NBI 2024
La Paz,Chua Cocani,1287,6591.451997,12888517.385360813,1955.3381243896067,41.1,36.3,4.7,0.1,bajo,medio,"Bajo producto, menor pobreza relativa",28.4593,Cruce PIBpc estimado 2021 en USD constantes de 2017 con pobreza NBI 2024
La Paz,Villa Ancoraimes,1225,15905.623806,34108418.179783426,2144.425053449083,71.1,59.0,11.7,0.3,bajo,alto,Rezago estructural,47.3905,Cruce PIBpc estimado 2021 en USD constantes de 2017 con pobreza NBI 2024
Potosí,"Colcha ""K""",1521,12803.769606,50115136.95199268,3914.092372452273,19.7,17.6,2.1,0.0,alto,bajo,Producto alto con mejor bienestar relativo,41.8733,Cruce PIBpc estimado 2021 en USD constantes de 2017 con pobreza NBI 2024
La Paz,Puerto Mayor de Carabuco,1248,16604.203782,19947031.90031604,1201.3242045141149,68.9,56.2,12.5,0.3,bajo,alto,Rezago estructural,37.895,Cruce PIBpc estimado 2021 en USD constantes de 2017 con pobreza NBI 2024
Oruro,Sabaya,1431,13147.686281,20114850.61666196,1529.9156206675743,53.0,47.9,5.1,0.1,bajo,medio,"Bajo producto, menor pobreza relativa",29.5346,Cruce PIBpc estimado 2021 en USD constantes de 2017 con pobreza NBI 2024
La Paz,Tipuani,1229,8229.646515,11973676.301730389,1454.9441801216403,35.1,33.0,2.0,0.1,bajo,bajo,"Bajo producto, menor pobreza relativa",19.305,Cruce PIBpc estimado 2021 en USD constantes de 2017 con pobreza NBI 2024
La Paz,Nuestra Señora de La Paz,1201,759680.211511,2692946317.129452,3544.8419957812,7.2,6.9,0.3,0.0,alto,bajo,Producto alto con mejor bienestar relativo,30.2508,Cruce PIBpc estimado 2021 en USD constantes de 2017 con pobreza NBI 2024
La Paz,Sorata,1226,28285.460331,58957933.8243297,2084.390111914587,61.2,51.2,9.7,0.3,bajo,alto,Rezago estructural,41.1736,Cruce PIBpc estimado 2021 en USD constantes de 2017 con pobreza NBI 2024
La Paz,La Asunta,1260,44170.044658,59137794.51185275,1338.8665320580778,62.9,53.5,9.2,0.2,bajo,alto,Rezago estructural,34.595,Cruce PIBpc estimado 2021 en USD constantes de 2017 con pobreza NBI 2024
La Paz,Chuma,1235,15969.185134,18966678.496712472,1187.7048414119406,70.2,59.5,10.4,0.3,bajo,alto,Rezago estructural,38.61,Cruce PIBpc estimado 2021 en USD constantes de 2017 con pobreza NBI 2024
La Paz,Guanay,1227,15970.998665,37695744.35069166,2360.2621941427483,38.1,30.7,7.0,0.3,bajo,bajo,"Bajo producto, menor pobreza relativa",32.0155,Cruce PIBpc estimado 2021 en USD constantes de 2017 con pobreza NBI 2024
La Paz,Teoponte,1277,12232.325534,23586245.35070768,1928.1898021762256,56.7,46.4,9.9,0.5,bajo,medio,"Bajo producto, menor pobreza relativa",36.6903,Cruce PIBpc estimado 2021 en USD constantes de 2017 con pobreza NBI 2024
La Paz,Mapiri,1276,19505.971806,22528853.474565208,1154.9721130660732,36.1,33.3,2.7,0.1,bajo,bajo,"Bajo producto, menor pobreza relativa",19.855,Cruce PIBpc estimado 2021 en USD constantes de 2017 con pobreza NBI 2024
La Paz,Humanata,1284,5577.289375,8792156.038222851,1576.420989943885,86.1,63.3,22.0,0.8,bajo,alto,Rezago estructural,48.3376,Cruce PIBpc estimado 2021 en USD constantes de 2017 con pobreza NBI 2024
Chuquisaca,Huacareta,1116,7471.503214,26271669.10601481,3516.249455402886,53.9,49.0,4.9,0.0,alto,medio,Producto alto con mejor bienestar relativo,55.5682,Cruce PIBpc estimado 2021 en USD constantes de 2017 con pobreza NBI 2024
Chuquisaca,Monteagudo,1115,24485.023159,41500841.331197165,1694.9480121454997,36.0,32.3,3.7,0.1,bajo,bajo,"Bajo producto, menor pobreza relativa",22.3065,Cruce PIBpc estimado 2021 en USD constantes de 2017 con pobreza NBI 2024
Potosí,Potosí,1501,211504.418016,686337283.4284041,3245.025753433554,16.8,15.1,1.6,0.0,medio,bajo,Bienestar relativo con producto medio,31.676,Cruce PIBpc estimado 2021 en USD constantes de 2017 con pobreza NBI 2024
La Paz,San Pedro de Tiquina,1233,8261.112572,9467493.570552977,1146.0312987977711,49.0,43.4,5.5,0.1,bajo,medio,"Bajo producto, menor pobreza relativa",26.95,Cruce PIBpc estimado 2021 en USD constantes de 2017 con pobreza NBI 2024
Santa Cruz,Lagunillas,1718,5795.372368,6716137.114446493,1158.879307218435,41.0,39.2,1.8,0.1,bajo,medio,"Bajo producto, menor pobreza relativa",22.55,Cruce PIBpc estimado 2021 en USD constantes de 2017 con pobreza NBI 2024
La Paz,Curva,1270,5550.526895,7622960.320516486,1373.3759812410256,74.6,55.5,18.7,0.4,bajo,alto,Rezago estructural,41.03,Cruce PIBpc estimado 2021 en USD constantes de 2017 con pobreza NBI 2024
La Paz,Pelechuco,1250,8426.623142,21904627.075265653,2599.454930546397,56.1,50.8,5.1,0.2,medio,medio,Situación intermedia,44.9908,Cruce PIBpc estimado 2021 en USD constantes de 2017 con pobreza NBI 2024
La Paz,Palos Blancos,1259,26514.399483,74145853.41660084,2796.4372138747635,54.9,47.4,7.3,0.3,medio,medio,Situación intermedia,46.8635,Cruce PIBpc estimado 2021 en USD constantes de 2017 con pobreza NBI 2024
Beni,Puerto Menor de Rurrenabaque,1807,20709.180501,30174848.82561342,1457.0759487495843,44.3,39.7,4.5,0.2,bajo,medio,"Bajo producto, menor pobreza relativa",24.365,Cruce PIBpc estimado 2021 en USD constantes de 2017 con pobreza NBI 2024
La Paz,San Buenaventura,1268,9736.867089,13422896.558003107,1378.564217289507,33.0,29.8,3.2,0.0,bajo,bajo,"Bajo producto, menor pobreza relativa",18.15,Cruce PIBpc estimado 2021 en USD constantes de 2017 con pobreza NBI 2024
Beni,Santa Ana,1810,17827.684168,42562980.30600036,2387.465466897008,45.1,34.2,7.4,3.5,bajo,medio,"Bajo producto, menor pobreza relativa",36.2153,Cruce PIBpc estimado 2021 en USD constantes de 2017 con pobreza NBI 2024
Beni,San Borja,1808,44511.282061,91909003.3300422,2064.847361719291,61.0,43.1,15.8,2.1,bajo,alto,Rezago estructural,40.8123,Cruce PIBpc estimado 2021 en USD constantes de 2017 con pobreza NBI 2024
Beni,Reyes,1806,11896.545035,33458305.75100312,2812.438876346121,58.2,49.2,8.9,0.1,medio,medio,Situación intermedia,48.8842,Cruce PIBpc estimado 2021 en USD constantes de 2017 con pobreza NBI 2024
Pando,Puerto Gonzalo Moreno,1908,11189.278655,23579769.085808,2107.353817315856,74.3,68.8,5.5,0.0,bajo,alto,Rezago estructural,48.6738,Cruce PIBpc estimado 2021 en USD constantes de 2017 con pobreza NBI 2024
Beni,Puerto Siles,1816,1052.510689,3087775.8863649177,2933.7240171251337,44.4,41.6,2.8,0.0,medio,medio,Situación intermedia,42.8536,Cruce PIBpc estimado 2021 en USD constantes de 2017 con pobreza NBI 2024
La Paz,Mocomoco,1247,17248.400492,38251886.062058926,2217.706278336509,77.0,62.1,14.6,0.4,bajo,alto,Rezago estructural,51.5777,Cruce PIBpc estimado 2021 en USD constantes de 2017 con pobreza NBI 2024
Beni,Exaltación,1820,7563.174517,29051983.488764416,3841.24198432954,73.3,64.1,8.7,0.6,alto,alto,Producto alto con rezago social,70.4167,Cruce PIBpc estimado 2021 en USD constantes de 2017 con pobreza NBI 2024
Beni,Riberalta,1803,104547.072695,256569325.8402225,2454.10339309769,47.2,45.3,1.9,0.0,bajo,medio,"Bajo producto, menor pobreza relativa",38.227,Cruce PIBpc estimado 2021 en USD constantes de 2017 con pobreza NBI 2024
Pando,Bella Flor,1904,3697.825273,22859993.21412264,6182.010106968674,39.6,37.1,2.4,0.0,alto,bajo,Producto alto con mejor bienestar relativo,66.78,Cruce PIBpc estimado 2021 en USD constantes de 2017 con pobreza NBI 2024
Pando,San Pedro,1906,16130.295758,4045321.754899473,250.79030264355893,94.6,81.3,13.2,0.1,bajo,alto,Rezago estructural,52.03,Cruce PIBpc estimado 2021 en USD constantes de 2017 con pobreza NBI 2024
Pando,Puerto Rico,1905,7067.189697,23619098.00841597,3342.077830034545,48.1,44.7,3.3,0.1,medio,medio,Situación intermedia,50.1389,Cruce PIBpc estimado 2021 en USD constantes de 2017 con pobreza NBI 2024
Pando,Santa Rosa,1911,18296.0644,12757222.853081135,697.2659570100941,51.5,50.1,1.4,0.0,bajo,medio,"Bajo producto, menor pobreza relativa",28.325,Cruce PIBpc estimado 2021 en USD constantes de 2017 con pobreza NBI 2024
Pando,Ingavi,1912,2322.008939,3310277.1488489057,1425.609132420639,76.1,66.8,9.0,0.2,bajo,alto,Rezago estructural,41.855,Cruce PIBpc estimado 2021 en USD constantes de 2017 con pobreza NBI 2024
Beni,Guayaramerín,1805,41976.644651,220661928.03929588,5256.77861762144,27.0,26.0,1.1,0.0,alto,bajo,Producto alto con mejor bienestar relativo,59.85,Cruce PIBpc estimado 2021 en USD constantes de 2017 con pobreza NBI 2024
Pando,Villa Nueva,1914,2580.556141,7767776.193091124,3010.1171099945227,74.1,72.3,1.8,0.0,medio,alto,Producto medio con rezago social,60.1708,Cruce PIBpc estimado 2021 en USD constantes de 2017 con pobreza NBI 2024
Pando,Santos Mercado,1915,2300.113634,7571527.377009737,3291.80578884044,78.7,73.0,5.6,0.1,medio,alto,Producto medio con rezago social,66.3225,Cruce PIBpc estimado 2021 en USD constantes de 2017 con pobreza NBI 2024
Pando,Nueva Esperanza,1913,1704.394856,10589108.058838855,6212.825637491206,62.7,60.3,2.2,0.1,alto,alto,Producto alto con rezago social,79.485,Cruce PIBpc estimado 2021 en USD constantes de 2017 con pobreza NBI 2024
La Paz,Santiago de Huata,1282,9100.188536,12279784.674370425,1349.3989301523748,45.1,40.2,4.7,0.2,bajo,medio,"Bajo producto, menor pobreza relativa",24.805,Cruce PIBpc estimado 2021 en USD constantes de 2017 con pobreza NBI 2024
La Paz,Puerto Pérez,1264,7523.418925,9391573.674201263,1248.3119400764442,67.5,59.4,7.9,0.2,bajo,alto,Rezago estructural,37.125,Cruce PIBpc estimado 2021 en USD constantes de 2017 con pobreza NBI 2024
Potosí,Chuquihuta Ayllu Jucumani,1540,8169.282537,26434690.247170903,3235.864364731578,67.8,53.6,13.6,0.6,medio,alto,Producto medio con rezago social,59.6083,Cruce PIBpc estimado 2021 en USD constantes de 2017 con pobreza NBI 2024
La Paz,Alto Beni,1285,10734.071218,19524459.084916748,1818.923937433496,64.8,54.3,10.2,0.2,bajo,alto,Rezago estructural,39.7405,Cruce PIBpc estimado 2021 en USD constantes de 2017 con pobreza NBI 2024
La Paz,Caranavi,1210,57188.211091,100912526.08369984,1764.5686787269665,55.8,49.3,6.4,0.2,bajo,medio,"Bajo producto, menor pobreza relativa",34.0916,Cruce PIBpc estimado 2021 en USD constantes de 2017 con pobreza NBI 2024
Chuquisaca,Alcalá,1113,4024.171651,11803969.283847185,2933.266845004832,41.8,38.9,2.9,0.0,medio,medio,Situación intermedia,41.4177,Cruce PIBpc estimado 2021 en USD constantes de 2017 con pobreza NBI 2024
Chuquisaca,Sopachuy,1112,7032.706655,15009601.532609375,2134.2567335100744,64.8,53.8,10.9,0.1,bajo,alto,Rezago estructural,43.7947,Cruce PIBpc estimado 2021 en USD constantes de 2017 con pobreza NBI 2024
La Paz,Huarina,1281,8490.176737,14291641.009833382,1683.3149005941093,46.7,41.5,5.1,0.1,bajo,medio,"Bajo producto, menor pobreza relativa",28.0419,Cruce PIBpc estimado 2021 en USD constantes de 2017 con pobreza NBI 2024
Cochabamba,Bolivar,1340,8018.984047,16701356.062362088,2082.727184047894,85.9,63.7,21.6,0.6,bajo,alto,Rezago estructural,54.7372,Cruce PIBpc estimado 2021 en USD constantes de 2017 con pobreza NBI 2024
Chuquisaca,Tomina,1111,8505.247518,20370327.79664799,2395.03056818135,55.9,53.2,2.7,0.0,bajo,medio,"Bajo producto, menor pobreza relativa",42.2525,Cruce PIBpc estimado 2021 en USD constantes de 2017 con pobreza NBI 2024
Chuquisaca,Zudañez,1106,13069.574205,21656988.710378986,1657.0538849099692,59.6,53.1,6.4,0.0,bajo,medio,"Bajo producto, menor pobreza relativa",34.7993,Cruce PIBpc estimado 2021 en USD constantes de 2017 con pobreza NBI 2024
Chuquisaca,Padilla,1110,9476.287435,29020027.90388048,3062.3836712610614,49.5,44.0,5.4,0.0,medio,medio,Situación intermedia,47.3128,Cruce PIBpc estimado 2021 en USD constantes de 2017 con pobreza NBI 2024
Chuquisaca,Mojocoya,1108,8797.470382,25114612.498845555,2854.7538564455263,54.1,49.3,4.8,0.0,medio,medio,Situación intermedia,47.1733,Cruce PIBpc estimado 2021 en USD constantes de 2017 con pobreza NBI 2024
Santa Cruz,Pucará,1729,2030.079872,5294306.284510855,2607.9300419086185,41.9,37.8,4.1,0.0,medio,medio,Situación intermedia,37.2898,Cruce PIBpc estimado 2021 en USD constantes de 2017 con pobreza NBI 2024
Chuquisaca,Villa Serrano,1122,9582.024555,29345600.90946528,3062.567909325148,47.2,43.0,4.1,0.1,medio,medio,Situación intermedia,46.0502,Cruce PIBpc estimado 2021 en USD constantes de 2017 con pobreza NBI 2024
La Paz,Batallas,1263,19761.072237,45490855.99979105,2302.043910023463,50.3,43.2,7.0,0.1,bajo,medio,"Bajo producto, menor pobreza relativa",37.977,Cruce PIBpc estimado 2021 en USD constantes de 2017 con pobreza NBI 2024
Chuquisaca,Azurduy,1104,8515.335741,24785043.303151462,2910.636063926669,71.7,48.8,22.5,0.5,medio,alto,Producto medio con rezago social,57.5717,Cruce PIBpc estimado 2021 en USD constantes de 2017 con pobreza NBI 2024
Potosí,"Caiza ""D""",1529,12759.459743,23894289.78899463,1872.672532471821,40.8,36.1,4.4,0.3,bajo,medio,"Bajo producto, menor pobreza relativa",27.2315,Cruce PIBpc estimado 2021 en USD constantes de 2017 con pobreza NBI 2024
La Paz,Copacabana,1232,16792.345622,29328080.8722702,1746.5148426670555,50.7,42.1,8.5,0.1,bajo,medio,"Bajo producto, menor pobreza relativa",31.0545,Cruce PIBpc estimado 2021 en USD constantes de 2017 con pobreza NBI 2024
Potosí,Chaquí,1509,9437.453932,30331954.869222406,3213.9976616231734,59.3,49.8,9.3,0.2,medio,medio,Situación intermedia,54.6521,Cruce PIBpc estimado 2021 en USD constantes de 2017 con pobreza NBI 2024
Chuquisaca,El Villar,1114,5329.938758,13020446.224209243,2442.888523798484,62.0,55.8,6.0,0.2,bajo,alto,Rezago estructural,46.2229,Cruce PIBpc estimado 2021 en USD constantes de 2017 con pobreza NBI 2024
Potosí,Vitichi,1518,10297.585545,25413039.735022698,2467.8639108650104,57.0,51.3,5.6,0.1,bajo,medio,"Bajo producto, menor pobreza relativa",43.794,Cruce PIBpc estimado 2021 en USD constantes de 2017 con pobreza NBI 2024
Chuquisaca,Villa Vaca Guzmán,1126,12284.689193,15224585.681284986,1239.313868003371,49.6,41.7,7.8,0.1,bajo,medio,"Bajo producto, menor pobreza relativa",27.28,Cruce PIBpc estimado 2021 en USD constantes de 2017 con pobreza NBI 2024
Potosí,Cotagaita,1517,29845.681488,87309595.7649546,2925.3678057014167,53.5,46.8,6.5,0.2,medio,medio,Situación intermedia,47.7512,Cruce PIBpc estimado 2021 en USD constantes de 2017 con pobreza NBI 2024
Chuquisaca,Villa Abecia,1123,4833.194702,22189254.701358348,4591.011964260792,49.1,43.1,5.9,0.1,alto,medio,Producto alto con mejor bienestar relativo,66.7466,Cruce PIBpc estimado 2021 en USD constantes de 2017 con pobreza NBI 2024
Potosí,Tupiza,1519,45394.749261,139016092.481784,3062.3826487463857,22.1,19.9,2.1,0.0,medio,bajo,Bienestar relativo con producto medio,32.2428,Cruce PIBpc estimado 2021 en USD constantes de 2017 con pobreza NBI 2024
Chuquisaca,Las Carreras,1125,4765.910338,57451671.52778336,12054.71094703315,52.2,47.6,4.5,0.1,alto,medio,Producto alto con mejor bienestar relativo,73.71,Cruce PIBpc estimado 2021 en USD constantes de 2017 con pobreza NBI 2024
La Paz,Tacacoma,1228,9339.757567,13586677.726888107,1454.714175272541,62.1,52.8,9.0,0.3,bajo,alto,Rezago estructural,34.155,Cruce PIBpc estimado 2021 en USD constantes de 2017 con pobreza NBI 2024
Santa Cruz,Yapacaní,1712,55893.272332,143664980.15087163,2570.3447688363544,38.0,31.9,5.8,0.3,medio,bajo,Bienestar relativo con producto medio,34.6616,Cruce PIBpc estimado 2021 en USD constantes de 2017 con pobreza NBI 2024
Santa Cruz,Boyuibe,1724,5475.87696,17346449.336182974,3167.793846400852,35.9,29.3,6.5,0.1,medio,bajo,Bienestar relativo con producto medio,41.1881,Cruce PIBpc estimado 2021 en USD constantes de 2017 con pobreza NBI 2024
Cochabamba,Cocapata,1346,19213.237749,52220700.41651281,2717.9542094170324,88.2,65.9,21.2,1.1,medio,alto,Producto medio con rezago social,64.1694,Cruce PIBpc estimado 2021 en USD constantes de 2017 con pobreza NBI 2024
Santa Cruz,Vallegrande,1725,17238.740851,35796230.17603609,2076.4991182138715,24.3,22.5,1.8,0.0,bajo,bajo,"Bajo producto, menor pobreza relativa",20.7771,Cruce PIBpc estimado 2021 en USD constantes de 2017 con pobreza NBI 2024
Tarija,Villa Montes,1606,44434.890909,272680412.0706332,6136.628367794532,27.2,25.8,1.4,0.0,alto,bajo,Producto alto con mejor bienestar relativo,59.96,Cruce PIBpc estimado 2021 en USD constantes de 2017 con pobreza NBI 2024
Chuquisaca,Presto,1107,12500.321402,28357488.2714414,2268.540732624118,69.4,53.6,15.3,0.5,bajo,alto,Rezago estructural,48.0512,Cruce PIBpc estimado 2021 en USD constantes de 2017 con pobreza NBI 2024
Santa Cruz,Trigal,1726,2300.887716,6454599.902127291,2805.265053561929,16.0,15.3,0.7,0.0,medio,bajo,Bienestar relativo con producto medio,25.582,Cruce PIBpc estimado 2021 en USD constantes de 2017 con pobreza NBI 2024
Santa Cruz,Quirusillas,1733,3062.994013,6954456.326246598,2270.4766303513024,33.7,30.4,3.3,0.0,bajo,bajo,"Bajo producto, menor pobreza relativa",28.4411,Cruce PIBpc estimado 2021 en USD constantes de 2017 con pobreza NBI 2024
Santa Cruz,La Guardia,1704,130252.513771,273788621.5866844,2101.983398709824,16.9,16.4,0.4,0.0,bajo,bajo,"Bajo producto, menor pobreza relativa",17.0348,Cruce PIBpc estimado 2021 en USD constantes de 2017 con pobreza NBI 2024
Santa Cruz,Moromoro,1727,2786.477185,9977123.843915837,3580.551061542838,43.0,38.9,4.1,0.0,alto,medio,Producto alto con mejor bienestar relativo,50.3999,Cruce PIBpc estimado 2021 en USD constantes de 2017 con pobreza NBI 2024
Santa Cruz,El Torno,1705,54120.031322,57591450.89927666,1064.1429705884027,25.3,23.8,1.4,0.0,bajo,bajo,"Bajo producto, menor pobreza relativa",13.915,Cruce PIBpc estimado 2021 en USD constantes de 2017 con pobreza NBI 2024
Santa Cruz,Samaipata,1730,11484.278223,27333807.247702897,2380.1066743157367,27.4,24.3,3.1,0.0,bajo,bajo,"Bajo producto, menor pobreza relativa",26.3857,Cruce PIBpc estimado 2021 en USD constantes de 2017 con pobreza NBI 2024
Santa Cruz,Cuatro Cañadas,1755,24631.848786,82191271.73583917,3336.788580120534,29.3,27.8,1.6,0.0,medio,bajo,Bienestar relativo con producto medio,39.7309,Cruce PIBpc estimado 2021 en USD constantes de 2017 con pobreza NBI 2024
Santa Cruz,San Ramón,1750,8265.173904,16691437.408843745,2019.4901646464737,38.7,36.0,2.6,0.0,bajo,bajo,"Bajo producto, menor pobreza relativa",27.9642,Cruce PIBpc estimado 2021 en USD constantes de 2017 con pobreza NBI 2024
Santa Cruz,Cotoca,1702,90606.674294,163661575.8628003,1806.2860946904348,23.3,22.4,0.9,0.0,bajo,bajo,"Bajo producto, menor pobreza relativa",16.753,Cruce PIBpc estimado 2021 en USD constantes de 2017 con pobreza NBI 2024
Santa Cruz,Saipina,1742,6358.723584,12807913.961886631,2014.2271939236368,34.7,31.7,2.8,0.1,bajo,bajo,"Bajo producto, menor pobreza relativa",25.6965,Cruce PIBpc estimado 2021 en USD constantes de 2017 con pobreza NBI 2024
Cochabamba,Omereque,1309,6418.501021,14477256.13853589,2255.550959979626,44.7,40.9,3.9,0.0,bajo,medio,"Bajo producto, menor pobreza relativa",34.2992,Cruce PIBpc estimado 2021 en USD constantes de 2017 con pobreza NBI 2024
Santa Cruz,Cuevo,1721,5262.797422,8222119.22596874,1562.3096551923372,33.1,31.8,1.4,0.0,bajo,bajo,"Bajo producto, menor pobreza relativa",19.0061,Cruce PIBpc estimado 2021 en USD constantes de 2017 con pobreza NBI 2024
Chuquisaca,Huacaya,,2545.498673,5288653.299813206,2077.6492070992945,,,,,bajo,sin_dato,Sin dato,,Cruce PIBpc estimado 2021 en USD constantes de 2017 con pobreza NBI 2024
Chuquisaca,Macharetí,1128,7280.322348,43504595.21056028,5975.641342477149,47.7,42.4,5.2,0.0,alto,medio,Producto alto con mejor bienestar relativo,71.235,Cruce PIBpc estimado 2021 en USD constantes de 2017 con pobreza NBI 2024
Santa Cruz,Porongo,1703,20862.618624,59604193.52789213,2856.985242498876,17.3,15.7,1.5,0.0,medio,bajo,Bienestar relativo con producto medio,26.962,Cruce PIBpc estimado 2021 en USD constantes de 2017 con pobreza NBI 2024
Santa Cruz,San Javier,1738,14560.341027,35181384.8109944,2416.247308047916,47.6,44.2,3.3,0.1,bajo,medio,"Bajo producto, menor pobreza relativa",37.9603,Cruce PIBpc estimado 2021 en USD constantes de 2017 con pobreza NBI 2024
Cochabamba,Villa Tunari,1314,87573.215423,144623410.6450042,1651.4571258639032,56.1,47.4,8.4,0.3,bajo,medio,"Bajo producto, menor pobreza relativa",32.8023,Cruce PIBpc estimado 2021 en USD constantes de 2017 con pobreza NBI 2024
Cochabamba,Chimoré,1334,25944.366105,34585701.461444885,1333.0717475280917,44.7,39.2,5.4,0.1,bajo,medio,"Bajo producto, menor pobreza relativa",24.585,Cruce PIBpc estimado 2021 en USD constantes de 2017 con pobreza NBI 2024
Cochabamba,Tiraque,1341,19128.501436,56120679.96682234,2933.877499769162,58.3,50.0,8.1,0.2,medio,medio,Situación intermedia,50.5006,Cruce PIBpc estimado 2021 en USD constantes de 2017 con pobreza NBI 2024
Cochabamba,Shinahota,1347,25428.505883,32729809.831042483,1287.13067066817,41.1,35.5,5.5,0.1,bajo,medio,"Bajo producto, menor pobreza relativa",22.605,Cruce PIBpc estimado 2021 en USD constantes de 2017 con pobreza NBI 2024
Chuquisaca,Culpina,1124,15521.520993,32738293.9159399,2109.2194464458003,65.7,50.7,14.6,0.5,bajo,alto,Rezago estructural,43.9678,Cruce PIBpc estimado 2021 en USD constantes de 2017 con pobreza NBI 2024
Chuquisaca,Incahuasi,1121,15550.683765,29262325.15969584,1881.7388098510328,73.1,48.7,23.0,1.4,bajo,alto,Rezago estructural,45.1131,Cruce PIBpc estimado 2021 en USD constantes de 2017 con pobreza NBI 2024
Santa Cruz,San Juan,1752,9937.813,35952649.84210828,3617.7627656224977,28.0,24.8,3.1,0.1,alto,bajo,Producto alto con mejor bienestar relativo,42.6284,Cruce PIBpc estimado 2021 en USD constantes de 2017 con pobreza NBI 2024
Potosí,Tinguipaya,1502,28496.310245,33458598.41459341,1174.1379191447154,90.7,68.4,21.7,0.6,bajo,alto,Rezago estructural,49.885,Cruce PIBpc estimado 2021 en USD constantes de 2017 con pobreza NBI 2024
Santa Cruz,Montero,1734,122301.464098,406576193.8520833,3324.3771597586024,16.1,15.7,0.4,0.0,medio,bajo,Bienestar relativo con producto medio,32.3113,Cruce PIBpc estimado 2021 en USD constantes de 2017 con pobreza NBI 2024
Beni,Baures,1818,7074.194378,16260838.755090931,2298.6135078125394,53.5,45.7,7.7,0.1,bajo,medio,"Bajo producto, menor pobreza relativa",39.6929,Cruce PIBpc estimado 2021 en USD constantes de 2017 con pobreza NBI 2024
Santa Cruz,Ascención de Guarayos,1745,32172.676776,66064333.23932538,2053.4298000305143,52.6,47.0,5.5,0.1,bajo,medio,"Bajo producto, menor pobreza relativa",36.0455,Cruce PIBpc estimado 2021 en USD constantes de 2017 con pobreza NBI 2024
Beni,San Andrés,1813,14739.06782,34373615.25744861,2332.1430959212576,62.6,52.7,9.5,0.5,bajo,alto,Rezago estructural,45.129,Cruce PIBpc estimado 2021 en USD constantes de 2017 con pobreza NBI 2024
Beni,Loreto,1812,4154.201884,30930053.616939142,7445.48639642,62.5,50.3,11.7,0.5,alto,alto,Producto alto con rezago social,79.375,Cruce PIBpc estimado 2021 en USD constantes de 2017 con pobreza NBI 2024
Cochabamba,Vacas,1337,8538.717475,23875841.49258949,2796.185909990896,63.9,56.1,7.6,0.1,medio,alto,Producto medio con rezago social,51.8102,Cruce PIBpc estimado 2021 en USD constantes de 2017 con pobreza NBI 2024
Cochabamba,Pocona,1333,11862.24334,36886470.318236336,3109.569519140148,64.5,56.1,8.1,0.2,medio,alto,Producto medio con rezago social,56.1695,Cruce PIBpc estimado 2021 en USD constantes de 2017 con pobreza NBI 2024
Santa Cruz,Okinawa Uno,1748,11092.812938,193026856.82368267,17401.07382123249,23.8,23.2,0.6,0.0,alto,bajo,Producto alto con mejor bienestar relativo,58.09,Cruce PIBpc estimado 2021 en USD constantes de 2017 con pobreza NBI 2024
Santa Cruz,Warnes,1706,135142.903815,371645968.5386823,2750.022073288849,21.1,20.4,0.7,0.0,medio,bajo,Bienestar relativo con producto medio,27.6767,Cruce PIBpc estimado 2021 en USD constantes de 2017 con pobreza NBI 2024
Santa Cruz,General Saavedra,1735,15965.50642,52883944.56477762,3312.387541861318,34.9,33.6,1.3,0.0,medio,bajo,Bienestar relativo con producto medio,42.4971,Cruce PIBpc estimado 2021 en USD constantes de 2017 con pobreza NBI 2024
Santa Cruz,Fernández Alonso,1753,14735.133171,54063841.93991505,3669.043320532365,28.3,25.6,1.8,0.9,alto,bajo,Producto alto con mejor bienestar relativo,43.4527,Cruce PIBpc estimado 2021 en USD constantes de 2017 con pobreza NBI 2024
Santa Cruz,Mineros,1736,23145.169635,86801095.29849067,3750.289873342639,23.8,22.7,1.1,0.0,alto,bajo,Producto alto con mejor bienestar relativo,42.0223,Cruce PIBpc estimado 2021 en USD constantes de 2017 con pobreza NBI 2024
Santa Cruz,Pampa Grande,1731,9566.066716,25021584.973861314,2615.660722141457,32.4,28.3,4.0,0.1,medio,bajo,Bienestar relativo con producto medio,32.1642,Cruce PIBpc estimado 2021 en USD constantes de 2017 con pobreza NBI 2024
Santa Cruz,Mairana,1732,12040.767087,25874553.519740164,2148.912385174692,33.5,28.6,4.7,0.2,bajo,bajo,"Bajo producto, menor pobreza relativa",26.7682,Cruce PIBpc estimado 2021 en USD constantes de 2017 con pobreza NBI 2024
Cochabamba,Puerto Villarroel,1335,59539.960932,55930178.369402245,939.3721039365728,44.1,38.9,5.2,0.1,bajo,medio,"Bajo producto, menor pobreza relativa",24.255,Cruce PIBpc estimado 2021 en USD constantes de 2017 con pobreza NBI 2024
Santa Cruz,Colpa Bélgica,1756,6022.440366,25406743.733170472,4218.679171317517,26.8,26.2,0.5,0.0,alto,bajo,Producto alto con mejor bienestar relativo,49.6944,Cruce PIBpc estimado 2021 en USD constantes de 2017 con pobreza NBI 2024
Santa Cruz,Puerto Suarez,1743,17990.996417,85162814.94303355,4733.635256639132,17.7,16.2,1.5,0.0,alto,bajo,Producto alto con mejor bienestar relativo,51.3103,Cruce PIBpc estimado 2021 en USD constantes de 2017 con pobreza NBI 2024
Santa Cruz,El Carmen Rivero Tórrez,1751,8119.144028,66451393.597074986,8184.531936927542,42.1,37.9,4.1,0.1,alto,medio,Producto alto con mejor bienestar relativo,68.155,Cruce PIBpc estimado 2021 en USD constantes de 2017 con pobreza NBI 2024
Santa Cruz,San Matías,1740,15145.793288,63834777.26160309,4214.686946340086,43.7,41.0,2.7,0.0,alto,medio,Producto alto con mejor bienestar relativo,58.9381,Cruce PIBpc estimado 2021 en USD constantes de 2017 con pobreza NBI 2024
Cochabamba,Ayopaya,1310,22261.832966,36895252.46113784,1657.3321934802605,74.2,55.3,18.0,0.8,bajo,alto,Rezago estructural,42.8328,Cruce PIBpc estimado 2021 en USD constantes de 2017 con pobreza NBI 2024
Santa Cruz,San Ignacio,1707,63068.2106,211266660.4069248,3349.8121858214777,53.8,47.6,6.2,0.1,medio,medio,Situación intermedia,53.3733,Cruce PIBpc estimado 2021 en USD constantes de 2017 con pobreza NBI 2024
Santa Cruz,Urubicha,1746,6669.703968,32181526.75262985,4825.0307518569925,48.1,44.6,3.3,0.2,alto,medio,Producto alto con mejor bienestar relativo,69.2054,Cruce PIBpc estimado 2021 en USD constantes de 2017 con pobreza NBI 2024
Beni,Trinidad,1801,122698.171646,296924329.3436845,2419.95724436124,28.9,27.9,0.9,0.0,bajo,bajo,"Bajo producto, menor pobreza relativa",27.723,Cruce PIBpc estimado 2021 en USD constantes de 2017 con pobreza NBI 2024
Beni,San Ignacio,1811,63068.2106,59509683.23636828,943.5765288077064,54.4,45.4,8.3,0.8,bajo,medio,"Bajo producto, menor pobreza relativa",29.92,Cruce PIBpc estimado 2021 en USD constantes de 2017 con pobreza NBI 2024
Beni,San Javier,1802,14560.341027,30319323.86412539,2082.322371961664,65.0,53.8,10.9,0.3,bajo,alto,Rezago estructural,43.237,Cruce PIBpc estimado 2021 en USD constantes de 2017 con pobreza NBI 2024
Santa Cruz,San Pedro,1754,16130.295758,71735754.7136696,4447.2684065775575,24.2,23.4,0.9,0.0,alto,bajo,Producto alto con mejor bienestar relativo,51.2035,Cruce PIBpc estimado 2021 en USD constantes de 2017 con pobreza NBI 2024
Santa Cruz,San Antonio de Lomerio,1749,6393.050479,26979111.663181607,4220.068612349774,50.4,49.0,1.4,0.0,alto,medio,Producto alto con mejor bienestar relativo,62.6923,Cruce PIBpc estimado 2021 en USD constantes de 2017 con pobreza NBI 2024
Cochabamba,Pojo,1332,11412.518117,32056120.94801134,2808.8560841526496,69.0,52.8,15.7,0.5,medio,alto,Producto medio con rezago social,54.7781,Cruce PIBpc estimado 2021 en USD constantes de 2017 con pobreza NBI 2024
Cochabamba,Entre Ríos,1345,21140.216233,99274967.63548727,4696.024229015415,41.3,35.1,6.1,0.1,alto,medio,Producto alto con mejor bienestar relativo,63.8067,Cruce PIBpc estimado 2021 en USD constantes de 2017 con pobreza NBI 2024
Cochabamba,Colomi,1313,21175.508973,39978558.54716636,1887.9621075026216,50.9,41.8,8.7,0.4,bajo,medio,"Bajo producto, menor pobreza relativa",32.9831,Cruce PIBpc estimado 2021 en USD constantes de 2017 con pobreza NBI 2024
Cochabamba,Alalay,1344,3495.635984,8685146.836133383,2484.568438092183,86.1,65.0,20.2,0.9,bajo,alto,Rezago estructural,60.0137,Cruce PIBpc estimado 2021 en USD constantes de 2017 con pobreza NBI 2024
Cochabamba,Vila Vila,1343,5296.942833,12718797.057442188,2401.158075323989,82.6,52.5,27.3,2.8,bajo,alto,Rezago estructural,57.0163,Cruce PIBpc estimado 2021 en USD constantes de 2017 con pobreza NBI 2024
La Paz,Ixiamas,1267,11694.745847,35988915.99678861,3077.357684060423,60.1,51.1,8.7,0.3,medio,alto,Producto medio con rezago social,53.3353,Cruce PIBpc estimado 2021 en USD constantes de 2017 con pobreza NBI 2024
La Paz,Ayata,1236,8870.104548,14368786.37479329,1619.911726681656,76.0,63.6,12.1,0.4,bajo,alto,Rezago estructural,43.3417,Cruce PIBpc estimado 2021 en USD constantes de 2017 con pobreza NBI 2024
Potosí,Uyuni,1530,33813.006014,102481433.7827796,3030.8288396543185,29.7,27.4,2.3,0.0,medio,bajo,Bienestar relativo con producto medio,36.0171,Cruce PIBpc estimado 2021 en USD constantes de 2017 con pobreza NBI 2024
La Paz,Waldo Ballivian,1243,6067.308995,6085952.731877944,1003.0728181491576,55.9,52.2,3.6,0.1,bajo,medio,"Bajo producto, menor pobreza relativa",30.745,Cruce PIBpc estimado 2021 en USD constantes de 2017 con pobreza NBI 2024
Oruro,Curahuara de Carangas,1416,5944.653077,9392657.563857237,1580.017780940088,72.9,61.0,11.8,0.1,bajo,alto,Rezago estructural,41.1238,Cruce PIBpc estimado 2021 en USD constantes de 2017 con pobreza NBI 2024
Beni,San Joaquín,1814,6835.087903,20458445.586038563,2993.150325993777,36.1,33.5,2.7,0.0,medio,bajo,Bienestar relativo con producto medio,39.0526,Cruce PIBpc estimado 2021 en USD constantes de 2017 con pobreza NBI 2024
Oruro,Choquecota,1415,2321.499933,4743425.609347603,2043.258990242796,77.2,73.6,3.5,0.1,bajo,alto,Rezago estructural,49.4448,Cruce PIBpc estimado 2021 en USD constantes de 2017 con pobreza NBI 2024
La Paz,Cajuata,1220,14092.044409,21077180.120278034,1495.6793711412497,45.0,41.3,3.8,0.0,bajo,medio,"Bajo producto, menor pobreza relativa",24.75,Cruce PIBpc estimado 2021 en USD constantes de 2017 con pobreza NBI 2024
La Paz,Inquisivi,1218,17598.272533,29348305.385521337,1667.681036926353,79.8,63.6,15.8,0.4,bajo,alto,Rezago estructural,46.0459,Cruce PIBpc estimado 2021 en USD constantes de 2017 con pobreza NBI 2024
La Paz,Irupana,1257,21606.480951,39398108.63098584,1823.4393985529284,54.8,48.8,5.9,0.1,bajo,medio,"Bajo producto, menor pobreza relativa",34.2985,Cruce PIBpc estimado 2021 en USD constantes de 2017 con pobreza NBI 2024
La Paz,Chulumani,1256,18181.80148,34131672.31093176,1877.243701556922,37.1,34.9,2.2,0.0,bajo,bajo,"Bajo producto, menor pobreza relativa",25.2553,Cruce PIBpc estimado 2021 en USD constantes de 2017 con pobreza NBI 2024
Oruro,Poopó,1408,8759.286059,9855161.823068583,1125.1101695994278,33.1,28.6,4.5,0.1,bajo,bajo,"Bajo producto, menor pobreza relativa",18.205,Cruce PIBpc estimado 2021 en USD constantes de 2017 con pobreza NBI 2024
Beni,San Ramón,1815,8265.173904,20639528.67971531,2497.1681078550832,38.0,34.8,3.2,0.1,bajo,bajo,"Bajo producto, menor pobreza relativa",33.7207,Cruce PIBpc estimado 2021 en USD constantes de 2017 con pobreza NBI 2024
La Paz,Tiahuanacu,1208,13267.643074,32523115.216283377,2451.3106837527093,58.2,49.2,9.0,0.0,bajo,medio,"Bajo producto, menor pobreza relativa",44.2411,Cruce PIBpc estimado 2021 en USD constantes de 2017 con pobreza NBI 2024
La Paz,Puerto Acosta,1246,13275.429538,23991143.42489868,1807.1839676152529,76.1,55.0,20.5,0.6,bajo,alto,Rezago estructural,45.8045,Cruce PIBpc estimado 2021 en USD constantes de 2017 con pobreza NBI 2024
La Paz,Escoma,1283,8391.709562,13484439.697900796,1606.876357954282,68.5,55.9,12.1,0.6,bajo,alto,Rezago estructural,39.0491,Cruce PIBpc estimado 2021 en USD constantes de 2017 con pobreza NBI 2024
La Paz,Charaña,1242,3952.743589,21354276.67452826,5402.393601331792,69.2,51.2,17.7,0.3,alto,alto,Producto alto con rezago social,83.06,Cruce PIBpc estimado 2021 en USD constantes de 2017 con pobreza NBI 2024
La Paz,Achacachi,1224,46954.355079,88615028.09423363,1887.2589761856764,45.5,39.6,5.8,0.1,bajo,medio,"Bajo producto, menor pobreza relativa",30.004,Cruce PIBpc estimado 2021 en USD constantes de 2017 con pobreza NBI 2024
La Paz,Taraco,1280,7293.967665,9867456.171269571,1352.8242273753049,59.2,52.8,6.3,0.1,bajo,medio,"Bajo producto, menor pobreza relativa",32.56,Cruce PIBpc estimado 2021 en USD constantes de 2017 con pobreza NBI 2024
La Paz,La (Marka) San Andrés de Machaca,1278,7444.434552,22396482.62037918,3008.486737765524,74.7,65.9,8.6,0.3,medio,alto,Producto medio con rezago social,60.4798,Cruce PIBpc estimado 2021 en USD constantes de 2017 con pobreza NBI 2024
Oruro,Challapata,1404,33673.855686,49918934.25358986,1482.4240716150614,60.0,47.8,11.8,0.4,bajo,alto,Rezago estructural,33.0,Cruce PIBpc estimado 2021 en USD constantes de 2017 con pobreza NBI 2024
Oruro,Escara,1419,4228.99858,10877307.975521415,2572.0765256616023,46.9,38.1,8.8,0.1,medio,medio,Situación intermedia,39.5788,Cruce PIBpc estimado 2021 en USD constantes de 2017 con pobreza NBI 2024
Oruro,Totora,1413,6341.321583,8574271.714502133,1352.1269346859951,78.5,65.1,13.3,0.1,bajo,alto,Rezago estructural,43.175,Cruce PIBpc estimado 2021 en USD constantes de 2017 con pobreza NBI 2024
Oruro,Turco,1417,5647.891205,11227012.3795188,1987.823768522556,73.0,61.5,11.3,0.1,bajo,alto,Rezago estructural,46.422,Cruce PIBpc estimado 2021 en USD constantes de 2017 con pobreza NBI 2024
Oruro,Coipasa,1432,1258.667238,1902984.8707989813,1511.9046664016864,39.5,38.8,0.8,0.0,bajo,bajo,"Bajo producto, menor pobreza relativa",21.8781,Cruce PIBpc estimado 2021 en USD constantes de 2017 con pobreza NBI 2024
Oruro,Chipaya,,2261.587634,3585445.798957634,1585.3667327929113,,,,,bajo,sin_dato,Sin dato,,Cruce PIBpc estimado 2021 en USD constantes de 2017 con pobreza NBI 2024
Potosí,Chayanta,1506,16047.932013,51486972.9865657,3208.324471020645,57.4,49.4,7.8,0.1,medio,medio,Situación intermedia,53.5342,Cruce PIBpc estimado 2021 en USD constantes de 2017 con pobreza NBI 2024
Oruro,Salinas de Garcí Mendoza,,14805.716862,27753570.38243838,1874.5171640043336,,,,,bajo,sin_dato,Sin dato,,Cruce PIBpc estimado 2021 en USD constantes de 2017 con pobreza NBI 2024
Potosí,Atocha,1520,9992.545757,28323578.074097514,2834.470690635384,11.5,9.8,1.6,0.0,medio,bajo,Bienestar relativo con producto medio,23.4825,Cruce PIBpc estimado 2021 en USD constantes de 2017 con pobreza NBI 2024
Potosí,San Pedro de Quemes,1522,1457.685143,5247639.675033432,3599.9815869234963,24.7,21.5,3.1,0.0,alto,bajo,Producto alto con mejor bienestar relativo,40.5848,Cruce PIBpc estimado 2021 en USD constantes de 2017 con pobreza NBI 2024
Santa Cruz,San Julián,1739,45523.041128,140570103.09848574,3087.889113205229,34.5,32.1,2.4,0.0,medio,bajo,Bienestar relativo con producto medio,39.3907,Cruce PIBpc estimado 2021 en USD constantes de 2017 con pobreza NBI 2024
Santa Cruz,El Puente,1747,9951.01912,52280689.925349854,5253.802579643549,60.1,51.4,8.5,0.2,alto,alto,Producto alto con rezago social,78.055,Cruce PIBpc estimado 2021 en USD constantes de 2017 con pobreza NBI 2024
Santa Cruz,Comarapa,1741,16866.71788,52075438.941310346,3087.4672423322854,39.9,35.4,4.4,0.1,medio,bajo,Bienestar relativo con producto medio,42.3553,Cruce PIBpc estimado 2021 en USD constantes de 2017 con pobreza NBI 2024
Tarija,Bermejo,1603,36337.713451,128508447.15234996,3536.503399622916,17.0,16.4,0.6,0.0,alto,bajo,Producto alto con mejor bienestar relativo,35.5336,Cruce PIBpc estimado 2021 en USD constantes de 2017 con pobreza NBI 2024
Chuquisaca,Villa Charcas,1129,14727.699122,25098582.142644737,1704.1753728302533,67.5,50.0,16.2,1.3,bajo,alto,Rezago estructural,39.7501,Cruce PIBpc estimado 2021 en USD constantes de 2017 con pobreza NBI 2024
Tarija,Entre Ríos,1611,21140.216233,88749829.4572629,4198.151451255791,43.1,39.5,3.5,0.0,alto,medio,Producto alto con mejor bienestar relativo,58.3955,Cruce PIBpc estimado 2021 en USD constantes de 2017 con pobreza NBI 2024
Potosí,Uncía,1505,22578.651001,52022345.97539432,2304.050227521572,51.0,43.0,7.8,0.2,bajo,medio,"Bajo producto, menor pobreza relativa",38.3878,Cruce PIBpc estimado 2021 en USD constantes de 2017 con pobreza NBI 2024
La Paz,Mecapaca,1203,19180.235158,47084689.9376072,2454.854674666275,42.1,35.4,6.7,0.1,bajo,medio,"Bajo producto, menor pobreza relativa",35.4317,Cruce PIBpc estimado 2021 en USD constantes de 2017 con pobreza NBI 2024
Cochabamba,Pasorapa,1308,6567.498957,21257849.822021592,3236.825762685713,53.0,46.9,6.0,0.1,medio,medio,Situación intermedia,51.4806,Cruce PIBpc estimado 2021 en USD constantes de 2017 con pobreza NBI 2024
Potosí,Villazón,1537,48192.05567,175763144.85318,3647.139396910977,21.6,19.7,1.8,0.0,alto,bajo,Producto alto con mejor bienestar relativo,39.4861,Cruce PIBpc estimado 2021 en USD constantes de 2017 con pobreza NBI 2024
Tarija,Padcaya,1602,18029.179603,61107728.20339739,3389.3793033471457,43.3,39.9,3.4,0.0,medio,medio,Situación intermedia,48.107,Cruce PIBpc estimado 2021 en USD constantes de 2017 con pobreza NBI 2024
La Paz,Charazani,1269,15028.198292,29793141.977180146,1982.4826235146447,73.7,61.2,12.1,0.3,bajo,alto,Rezago estructural,46.7383,Cruce PIBpc estimado 2021 en USD constantes de 2017 con pobreza NBI 2024
Cochabamba,Mizque,1342,27685.204494,51528427.1012637,1861.2261691177168,51.9,42.7,8.9,0.3,bajo,medio,"Bajo producto, menor pobreza relativa",33.1893,Cruce PIBpc estimado 2021 en USD constantes de 2017 con pobreza NBI 2024
Santa Cruz,Postrervalle,1728,1937.036413,6013086.927664407,3104.2714986433703,36.1,28.6,7.5,0.0,medio,bajo,Bienestar relativo con producto medio,40.4813,Cruce PIBpc estimado 2021 en USD constantes de 2017 con pobreza NBI 2024
Santa Cruz,Cabezas,1720,31191.840818,83357490.0391248,2672.413293120363,42.8,39.6,3.2,0.0,medio,medio,Situación intermedia,38.6139,Cruce PIBpc estimado 2021 en USD constantes de 2017 con pobreza NBI 2024
Santa Cruz,San Miguel,1708,14149.662363,33501061.0671114,2367.622647633931,56.1,47.4,8.3,0.4,bajo,medio,"Bajo producto, menor pobreza relativa",42.0101,Cruce PIBpc estimado 2021 en USD constantes de 2017 con pobreza NBI 2024
Santa Cruz,San Rafael,1709,8071.184802,14634086.391123949,1813.127409352826,63.3,51.3,11.6,0.5,bajo,alto,Rezago estructural,38.8409,Cruce PIBpc estimado 2021 en USD constantes de 2017 con pobreza NBI 2024
Cochabamba,TIOC Raqaypampa,,7787.912275,6664154.944430048,855.7049321288839,,,,,bajo,sin_dato,Sin dato,,Cruce PIBpc estimado 2021 en USD constantes de 2017 con pobreza NBI 2024
