DEPARTAMEN,PIB_RHZ_WORLDPOP_USD2017,PART_RHZ_WORLDPOP,PIB_INE_2021_MM_BOB_ENCADENADOS,PART_INE_2021_NORMALIZADA,FACTOR_BENCHMARK,PIB_OBJETIVO_USD2017,PIB_BENCHMARK_USD2017,DIFERENCIA_CIERRE_USD
Chuquisaca,1536323145.4142632,0.041275485445012396,14352.73,0.04509917244148348,1.092638207770204,1678645368.161323,1678645368.1613228,-2.384185791015625e-07
La Paz,9819938634.61171,0.2638264842872864,82465.2,0.2591222906876548,0.9821693655497109,9644842898.493677,9644842898.49368,1.9073486328125e-06
Cochabamba,7435687424.366891,0.19977021694570632,54692.6,0.17185518007188036,0.860264271117988,6396656222.384172,6396656222.384172,0.0
Oruro,1611417853.763917,0.04329301056707764,12489.8,0.03924547064980951,0.9065082362198644,1460763556.4287279,1460763556.4287276,-2.384185791015625e-07
Potosí,2267686104.3237057,0.0609245815714318,19978.84,0.06277754478352257,1.0304140490471525,2336655620.724153,2336655620.724153,0.0
Tarija,1647711808.5470712,0.044268098787850416,20419.33,0.06416165320531753,1.4493880460691253,2388173798.675064,2388173798.675064,0.0
Santa Cruz,11172075707.150011,0.30015355143055156,98976.96,0.31100557084079566,1.0361548925825552,11576000904.266195,11576000904.266193,-1.9073486328125e-06
Beni,1322146624.7130923,0.03552133151636033,11299.41,0.03550502518176144,0.9995409424730776,1321539683.3533227,1321539683.353323,2.384185791015625e-07
Pando,408213825.34242225,0.010967239448723307,3573.32,0.01122809213777461,1.023784717227239,417923075.74644125,417923075.74644136,1.1920928955078125e-07
