status,departamento,municipio,match_key,pib_col,pib_value,old_pop_col,old_pop_value,pob_2012,pob_2024,pob_retro_2021,pibpc_retro_2021
ok,Santa Cruz,Roboré,santa cruz|robore,PIB_USD2017,104679400.73455828,POB_ESTIMADA,37721.79426119848,15641,18763,17928.453862984945,5838.7299615768425
ok,Santa Cruz,Charagua,santa cruz|charagua,PIB_USD2017,241249057.32119584,POB_ESTIMADA,75607.38906403031,32186,38420,36756.55260178789,6563.429925946351
ok,Santa Cruz,Gutiérrez,santa cruz|gutierrez,PIB_USD2017,18970666.44616128,POB_ESTIMADA,7390.608063122125,12273,14389,13828.040504766239,1371.8983857201233
ok,Santa Cruz,Camiri,santa cruz|camiri,PIB_USD2017,48009839.62570449,POB_ESTIMADA,15361.817103072946,33838,32285,32666.436772232337,1469.6993112672333
ok,Santa Cruz,San José,santa cruz|san jose de chiquitos,PIB_USD2017,128035987.84476145,POB_ESTIMADA,49613.39496001918,28922,40974,37556.780226760115,3409.1311095281994
ok,Santa Cruz,Santa Cruz de la Sierra,santa cruz|santa cruz de la sierra,PIB_USD2017,7304597860.954088,POB_ESTIMADA,1908143.4147338087,1444425,1610982,1567623.4992710266,4659.663410475066
ok,Santa Cruz,Pailón,santa cruz|pailon,PIB_USD2017,83588901.42193899,POB_ESTIMADA,24274.07646031054,37866,54495,49754.21176993888,1680.0366933446783
ok,Potosí,Colquechaca,potosi|colquechaca,PIB_USD2017,87303821.58436093,POB_ESTIMADA,39594.27621853939,35199,37374,36817.96387707074,2371.2289434541885
ok,Potosí,Pocoata,potosi|pocoata,PIB_USD2017,53319153.77963285,POB_ESTIMADA,25452.71606181016,26330,32641,30933.94481138747,1723.6454679393132
ok,Potosí,Llica,potosi|llica,PIB_USD2017,10529716.467252906,POB_ESTIMADA,4141.209088309219,4150,4187,4177.71918810884,2520.4462035705833
ok,Cochabamba,Quillacollo,cochabamba|quillacollo,PIB_USD2017,404292893.8875956,POB_ESTIMADA,147691.178099336,137182,166741,158802.04246199006,2545.8922795930966
ok,Cochabamba,Sacaba,cochabamba|sacaba,PIB_USD2017,770195184.3953326,POB_ESTIMADA,211004.4775303943,172466,219092,206369.61912140835,3732.115161496822
ok,Cochabamba,Tiquipaya,cochabamba|tiquipaya,PIB_USD2017,266805201.3052588,POB_ESTIMADA,69788.98488332331,53904,61840,59752.67590773086,4465.159045215903
ok,Cochabamba,Colcapirhua,cochabamba|colcapirhua,PIB_USD2017,236618861.51994443,POB_ESTIMADA,60699.29046242052,51990,66505,62534.64340781008,3783.804442233257
ok,Cochabamba,Sipe Sipe,cochabamba|sipe sipe,PIB_USD2017,117092718.09361576,POB_ESTIMADA,43111.05112584412,41571,55908,51916.22252998258,2255.416753905632
ok,Cochabamba,Vinto,cochabamba|vinto,PIB_USD2017,146294478.74020344,POB_ESTIMADA,54181.345931395546,51968,56064,55010.68601929336,2659.382918600488
ok,Cochabamba,Tarata,cochabamba|tarata,PIB_USD2017,25540686.681105096,POB_ESTIMADA,8333.225527973373,8242,11273,10424.081129822041,2450.161924396028
ok,Cochabamba,Totora,cochabamba|totora,PIB_USD2017,57414093.96540805,POB_ESTIMADA,30268.58966703473,5531,6637,6341.321583460164,9053.963469564313
ok,Santa Cruz,Buena Vista,santa cruz|buena vista,PIB_USD2017,42155654.66542448,POB_ESTIMADA,18152.94522666135,12879,13651,13453.766496283873,3133.3719577390084
ok,Santa Cruz,San Carlos,santa cruz|san carlos,PIB_USD2017,62563408.97794844,POB_ESTIMADA,27615.27275947028,20093,18942,19223.41626430487,3254.541654706803
ok,Beni,Magdalena,beni|magdalena,PIB_USD2017,33691649.56458154,POB_ESTIMADA,14196.932950399036,11377,12785,12417.451968549594,2713.249839815314
ok,Santa Cruz,Portachuelo,santa cruz|portachuelo,PIB_USD2017,65767498.04067281,POB_ESTIMADA,25707.571530921632,17885,20743,19988.302420104028,3290.299328997771
ok,Potosí,San Antonio de Esmoruco,potosi|san antonio de esmoruco,PIB_USD2017,2726490.699572779,POB_ESTIMADA,870.7453634913206,2284,1936,2017.683486707832,1351.2975238854124
ok,Tarija,Uriondo,tarija|uriondo,PIB_USD2017,76308392.58542399,POB_ESTIMADA,19668.273410058297,14781,15923,15629.483472668588,4882.336176935414
ok,Potosí,Mojinete,potosi|mojinete,PIB_USD2017,3001273.8863061965,POB_ESTIMADA,1009.3472475977048,1180,1025,1061.728318066359,2826.7814234927605
ok,Tarija,Yacuiba,tarija|yacuiba,PIB_USD2017,499841404.92857325,POB_ESTIMADA,97264.72267270045,92245,97634,96257.93056806241,5192.729596187854
ok,Tarija,Yunchará,tarija|yunchara,PIB_USD2017,33842692.357155345,POB_ESTIMADA,11297.560957963746,5490,4754,4928.190295203863,6867.164279368678
ok,Tarija,Caraparí,tarija|carapari,PIB_USD2017,24510095.139744222,POB_ESTIMADA,5463.413785072558,15366,15559,15510.523919937157,1580.2235479769356
ok,Tarija,San Lorenzo,tarija|san lorenzo,PIB_USD2017,75156933.68266019,POB_ESTIMADA,20477.85944314854,23863,30346,28576.389084491053,2630.036057405492
ok,Tarija,El Puente,tarija|el puente,PIB_USD2017,61207156.17792948,POB_ESTIMADA,15523.939885772144,11354,9523,9951.019120497083,6150.842987715212
ok,Potosí,San Agustín,potosi|san agustin,PIB_USD2017,5762994.141848233,POB_ESTIMADA,1996.2512000640363,1684,2126,2005.6630190136489,2873.3611215917895
ok,Tarija,Tarija,tarija|tarija,PIB_USD2017,1066260706.9199344,POB_ESTIMADA,257498.1940327068,205375,238749,229928.6370866624,4637.354965567208
ok,Potosí,Toro Toro,potosi|toro toro,PIB_USD2017,25307177.84081357,POB_ESTIMADA,13525.389362915948,10870,10714,10752.788845078534,2353.545503908641
ok,Potosí,San Pedro,potosi|san pedro,PIB_USD2017,54680477.16777571,POB_ESTIMADA,26400.653711701736,19103,15246,16130.295758081893,3389.924027919867
ok,Chuquisaca,Poroma,chuquisaca|poroma,PIB_USD2017,34766136.969633035,POB_ESTIMADA,13927.070947490516,16532,13649,14318.811586482963,2428.0043605331366
ok,Potosí,Ravelo,potosi|ravelo,PIB_USD2017,32844125.481397644,POB_ESTIMADA,14681.346199720874,21213,16909,17895.299287820028,1835.3493257166226
ok,Potosí,Ocurí,potosi|ocuri,PIB_USD2017,42855376.94044768,POB_ESTIMADA,22490.79534602676,16118,14532,14913.23391170483,2873.647472719658
ok,Potosí,Tahua,potosi|tahua,PIB_USD2017,7915259.948290615,POB_ESTIMADA,3012.7545341019804,1700,1546,1583.1400929772412,4999.721745032202
ok,Potosí,San Pablo,potosi|san pablo,PIB_USD2017,22547873.258326,POB_ESTIMADA,7093.902345190024,3371,3150,3203.8531623948656,7037.736161875649
ok,Cochabamba,Morochata,cochabamba|morochata,PIB_USD2017,16286873.56408622,POB_ESTIMADA,8274.195326993684,12797,14720,14213.724715646222,1145.8554242406221
ok,Potosí,Tomave,potosi|tomave,PIB_USD2017,52054597.15859894,POB_ESTIMADA,22964.572826644835,14789,13664,13936.961240468703,3735.0033669784625
ok,Potosí,Porco,potosi|porco,PIB_USD2017,13194876.683837272,POB_ESTIMADA,4330.98367617551,10866,14654,13598.298353338529,970.3329299726527
ok,Potosí,Yocalla,potosi|yocalla,PIB_USD2017,22705180.364755064,POB_ESTIMADA,7573.495405318059,8979,12253,11336.756484702097,2002.7933382351118
ok,Potosí,Urmiri,potosi|urmiri,PIB_USD2017,13301353.956104793,POB_ESTIMADA,5903.389924476974,2759,3121,3026.2740345884895,4395.290645882801
ok,Oruro,Todos Santos,oruro|todos santos,PIB_USD2017,3654121.999774625,POB_ESTIMADA,1449.6727961766644,727,1140,1018.7373786517044,3586.9126590906517
ok,Santa Cruz,Concepción,santa cruz|concepcion,PIB_USD2017,92738797.89527862,POB_ESTIMADA,37716.03477804306,18800,30118,26770.65880911122,3464.195579068662
ok,Santa Cruz,Santa Rosa,santa cruz|santa rosa,PIB_USD2017,60699202.09892858,POB_ESTIMADA,23060.05893244441,19217,17999,18296.06439956519,3317.609775158591
ok,Beni,Huacaraje,beni|huacaraje,PIB_USD2017,11883972.976400858,POB_ESTIMADA,5280.105368813017,4111,4630,4494.409216606767,2644.167988195151
ok,Potosí,Ckochas,potosi|ckochas,PIB_USD2017,39625487.31584025,POB_ESTIMADA,16334.592242448209,15812,14338,14693.08981913909,2696.879131864044
ok,Oruro,Santiago de Andamarca,oruro|andamarca,PIB_USD2017,10999412.120694287,POB_ESTIMADA,4819.6202512988975,5216,6311,6017.38821052641,1827.9379252036063
ok,Oruro,La Rivera,oruro|la rivera,PIB_USD2017,2241135.7429262786,POB_ESTIMADA,831.7751635007869,509,1262,1005.7127634328295,2228.405390100194
ok,Oruro,Carangas,oruro|carangas,PIB_USD2017,2704006.511892877,POB_ESTIMADA,1235.4140027807823,840,1129,1048.5527363986946,2578.798774756832
ok,Pando,Bolpebra,pando|bolpebra,PIB_USD2017,11093738.67667014,POB_ESTIMADA,4184.264304249404,2173,2437,2368.1356648989813,4684.587475753156
ok,Pando,Filadelfia,pando|filadelfia,PIB_USD2017,11833393.725460658,POB_ESTIMADA,6038.864456806659,5756,8045,7399.02905331173,1599.3171050144952
ok,Oruro,Oruro,oruro|oruro,PIB_USD2017,957017726.239944,POB_ESTIMADA,328543.900498723,264943,298350,289622.7307539047,3304.359860666915
ok,Oruro,Huayllamarca,oruro|huayllamarca,PIB_USD2017,10804427.176109854,POB_ESTIMADA,5821.412948493593,5502,5996,5868.489942853935,1841.0915382527687
ok,La Paz,San Pedro de Curahuara,la paz|san pedro de curahuara,PIB_USD2017,18411825.7805611,POB_ESTIMADA,10473.880104943017,8858,9217,9125.908490668191,2017.533465231252
ok,Cochabamba,Sicaya,cochabamba|sicaya,PIB_USD2017,8125337.145729522,POB_ESTIMADA,2820.4956259369783,3740,3980,3918.5934174406993,2073.5341180245027
ok,Santa Cruz,Puerto Quijarro,santa cruz|puerto quijarro,PIB_USD2017,70304806.78317973,POB_ESTIMADA,11875.622848984896,16659,17974,17635.825178079154,3986.476735467228
ok,Cochabamba,Capinota,cochabamba|capinota,PIB_USD2017,65552408.38541485,POB_ESTIMADA,23134.4095062428,19477,19427,19439.48795368594,3372.1262896220164
ok,Cochabamba,Arque,cochabamba|arque,PIB_USD2017,24825421.12240268,POB_ESTIMADA,9318.97529700446,10597,10632,10623.239177503272,2336.897504385972
ok,Oruro,Yunguyo del Litoral,oruro|yunguyo del litoral,PIB_USD2017,1982172.2009017847,POB_ESTIMADA,530.2556530687224,514,875,766.0318366874046,2587.584622426929
ok,Oruro,Huachacalla,oruro|huachacalla,PIB_USD2017,3769757.442326828,POB_ESTIMADA,1008.4568805789312,1003,4011,2836.382059509577,1329.0725167605367
ok,Oruro,Esmeralda,oruro|esmeralda,PIB_USD2017,8282857.794179285,POB_ESTIMADA,2861.1998042019086,2702,3882,3545.789784431851,2335.9697832471657
ok,Oruro,Santuario de Quillacas,oruro|santuario de quillacas,PIB_USD2017,11212443.016884403,POB_ESTIMADA,6397.135896770258,4051,5161,4857.814815841433,2308.1248343021225
ok,Oruro,Pampa Aullagas,oruro|pampa aullagas,PIB_USD2017,5255270.56230173,POB_ESTIMADA,3134.76684019514,2973,3197,3139.465424846251,1673.9380280192433
ok,Oruro,Santiago de Huari,oruro|santiago de huari,PIB_USD2017,32038323.819245134,POB_ESTIMADA,18121.79406874421,13283,13502,13446.913800442611,2382.5782104880136
ok,Oruro,Pazña,oruro|pazna,PIB_USD2017,12879177.029169727,POB_ESTIMADA,6973.374171704266,5955,4251,4624.755421527973,2784.8341923592093
ok,Chuquisaca,Sucre,chuquisaca|sucre,PIB_USD2017,858414576.1068636,POB_ESTIMADA,299617.24239084625,261622,296746,287545.9271264257,2985.3129365641935
ok,Chuquisaca,Tarabuco,chuquisaca|tarabuco,PIB_USD2017,42907913.73832583,POB_ESTIMADA,20769.89349109957,16944,13323,14148.340611612764,3032.7170454963175
ok,Chuquisaca,Yamparáez,chuquisaca|yamparaez,PIB_USD2017,26312372.98427733,POB_ESTIMADA,10196.065310786938,10111,8480,8861.258721185257,2969.37193825189
ok,Chuquisaca,Yotala,chuquisaca|yotala,PIB_USD2017,30914235.655400146,POB_ESTIMADA,11158.104983676823,9461,9256,9306.829763920921,3321.671980639746
ok,Potosí,Tacobamba,potosi|tacobamba,PIB_USD2017,15753628.98328698,POB_ESTIMADA,6984.346852747386,11835,14366,13686.549174778442,1151.0300209433178
ok,Potosí,Betanzos,potosi|betanzos,PIB_USD2017,76086740.09666157,POB_ESTIMADA,35977.43890176854,33922,31904,32396.956661857464,2348.576778084907
ok,Chuquisaca,Villa Ricardo Mugia - Icla,chuquisaca|icla,PIB_USD2017,14366028.929915205,POB_ESTIMADA,7452.8591760030495,7774,9155,8788.300442073441,1634.6765821908791
ok,Oruro,Cruz de Machacamarca,oruro|cruz de machacamarca,PIB_USD2017,8867694.3412397,POB_ESTIMADA,3008.4737077730883,1967,1517,1618.78911539853,5477.979964707485
ok,Pando,Porvenir,pando|porvenir,PIB_USD2017,27998698.453647155,POB_ESTIMADA,11050.608843727729,7948,9353,8980.02747388143,3117.88561171799
ok,La Paz,Colquiri,la paz|colquiri,PIB_USD2017,34722153.75665547,POB_ESTIMADA,16087.473648156256,19620,23505,22466.992607370456,1545.4740366658875
ok,La Paz,Santiago de Callapa,la paz|santiago de callapa,PIB_USD2017,12782537.922356054,POB_ESTIMADA,6055.321843615669,7289,8037,7843.094789442795,1629.7824093063366
ok,Cochabamba,Cochabamba,cochabamba|cochabamba,PIB_USD2017,2974353925.812473,POB_ESTIMADA,755955.8434088483,632013,665505,656969.1779756678,4527.387319717812
ok,La Paz,Catacora,la paz|catacora,PIB_USD2017,5920435.030996007,POB_ESTIMADA,2868.443577466866,2881,5351,4583.656117139762,1291.6403150004207
ok,La Paz,Yaco,la paz|yaco,PIB_USD2017,24958103.541583005,POB_ESTIMADA,12192.011846575017,7315,12296,10798.82425898586,2311.1871202844145
ok,La Paz,Calacoto,la paz|calacoto,PIB_USD2017,28158329.297235724,POB_ESTIMADA,16437.866818776707,9879,12219,11586.572806788918,2430.2552417171123
ok,Oruro,Antequera,oruro|antequera,PIB_USD2017,7624825.799514208,POB_ESTIMADA,3535.2905118486865,3264,3666,3561.0812524169446,2141.1546828197634
ok,Potosí,Llallagua,potosi|llallagua,PIB_USD2017,107111303.47180332,POB_ESTIMADA,36155.133713740666,41104,41686,41539.7319602149,2578.526591707194
ok,Potosí,Caripuyo,potosi|caripuyo,PIB_USD2017,16735947.764781356,POB_ESTIMADA,8802.241741541493,8704,8458,8518.840387427663,1964.5805066944
ok,La Paz,Collana,la paz|collana,PIB_USD2017,7830638.239804529,POB_ESTIMADA,3576.806248863932,5042,5526,5400.80964757554,1449.9008020621047
ok,Oruro,Belen de Andamarca,oruro|belen de andamarca,PIB_USD2017,4305962.534234489,POB_ESTIMADA,2260.2649275130807,2016,3061,2757.5292582759107,1561.52922813472
ok,Cochabamba,San Benito,cochabamba|san benito,PIB_USD2017,43362606.02782876,POB_ESTIMADA,17535.13562705015,13562,13054,13179.187638184192,3290.2336030328493
ok,Oruro,Corque,oruro|corque,PIB_USD2017,18487719.625486717,POB_ESTIMADA,8911.363150571255,9221,16101,14006.645692225793,1319.9248436581847
ok,Cochabamba,Aiquile,cochabamba|aiquile,PIB_USD2017,35701751.370810725,POB_ESTIMADA,16980.624580088584,23267,23123,23158.916231975265,1541.598536528998
ok,Potosí,Sacaca,potosi|sacaca,PIB_USD2017,35062967.17771284,POB_ESTIMADA,17324.616159088866,19611,17205,17777.30578162849,1972.3442690594761
ok,Potosí,Acasio,potosi|acasio,PIB_USD2017,14562534.538459972,POB_ESTIMADA,7335.591033419989,6161,4471,4844.135744132721,3006.219335636558
ok,Oruro,Huanuni,oruro|huanuni,PIB_USD2017,62426116.62949532,POB_ESTIMADA,25591.51275465262,24677,20118,21171.990630790904,2948.523722597327
ok,La Paz,Corocoro,la paz|coro coro,PIB_USD2017,21327174.772888497,POB_ESTIMADA,8910.76885533113,10647,13551,12758.080040993253,1671.6602109691823
ok,La Paz,Santiago de Machaca,la paz|santiago de machaca,PIB_USD2017,11383841.254006688,POB_ESTIMADA,5718.936393103377,4593,6805,6168.011979207992,1845.6256719962528
ok,Oruro,Machacamarca,oruro|machacamarca,PIB_USD2017,10650385.842683569,POB_ESTIMADA,5208.69019722027,4820,6120,5765.34533780794,1847.3109967655441
ok,Potosí,Arampampa,potosi|arampampa,PIB_USD2017,16038147.347865572,POB_ESTIMADA,4827.068793707519,4170,3666,3785.980381864616,4236.193992100587
ok,Cochabamba,Sacabamba,cochabamba|sacabamba,PIB_USD2017,10749390.444447065,POB_ESTIMADA,6989.558020935656,4366,4987,4823.924022743248,2228.3498649164353
ok,Cochabamba,Anzaldo,cochabamba|anzaldo,PIB_USD2017,17462024.98864104,POB_ESTIMADA,11016.422877747866,7192,7335,7298.985624772654,2392.390653486859
ok,Cochabamba,Toco,cochabamba|toco,PIB_USD2017,17030791.76781755,POB_ESTIMADA,6838.797151367369,7057,7382,7299.373054058679,2333.1855546618344
ok,Cochabamba,Villa Gualberto Villarroel,cochabamba|cuchumuela,PIB_USD2017,8606517.760359889,POB_ESTIMADA,3627.19155699564,2768,3822,3525.815100797195,2441.000879034733
ok,Cochabamba,Tacachi,cochabamba|tacachi,PIB_USD2017,4244920.910805219,POB_ESTIMADA,1706.493190204396,1303,1287,1290.981486071731,3288.134614325025
ok,Cochabamba,Villa Rivero,cochabamba|villa rivero,PIB_USD2017,22805254.54558273,POB_ESTIMADA,9157.560725817322,8135,8599,8480.576010295186,2689.1162248764444
ok,Cochabamba,Cliza,cochabamba|cliza,PIB_USD2017,66003019.23645288,POB_ESTIMADA,26503.832945034177,21899,21155,21338.596101991712,3093.1284757900385
ok,Cochabamba,Tacopaya,cochabamba|tacopaya,PIB_USD2017,20766779.129821,POB_ESTIMADA,10773.660052485526,10253,10750,10623.53584352304,1954.7897645097225
ok,Oruro,El Choro,oruro|el choro,PIB_USD2017,12153508.671341864,POB_ESTIMADA,5868.549741887114,8725,9997,9662.591688838313,1257.7897382729025
ok,Oruro,Toledo,oruro|toledo,PIB_USD2017,27633224.032155327,POB_ESTIMADA,11294.577036296316,10149,12202,11652.767426768622,2371.3872439156867
ok,Cochabamba,Santivañez,cochabamba|santivanez,PIB_USD2017,20693517.48207112,POB_ESTIMADA,6584.752330035002,6527,7940,7560.382705702227,2737.099203518303
ok,Oruro,Paria,oruro|paria,PIB_USD2017,34060360.28002704,POB_ESTIMADA,12935.798257132314,12846,15764,14977.585210722536,2274.088900234935
ok,La Paz,Chacarilla,la paz|chacarilla,PIB_USD2017,2762764.7517024474,POB_ESTIMADA,1443.3644373217055,2004,2052,2039.893276990796,1354.3673009099844
ok,Cochabamba,Tolata,cochabamba|tolata,PIB_USD2017,17356052.520032663,POB_ESTIMADA,5957.533501535972,5542,8687,7763.7044904063005,2235.537499074023
ok,Cochabamba,Arbieto,cochabamba|arbieto,PIB_USD2017,50539886.35848242,POB_ESTIMADA,15513.140901108423,17445,29375,25787.019573307505,1959.8963817748424
ok,La Paz,Papel Pampa,la paz|papel pampa,PIB_USD2017,16642810.465428274,POB_ESTIMADA,8603.416011358553,7003,6649,6735.786006024634,2470.8045134662207
ok,Pando,Cobija,pando|cobija,PIB_USD2017,201209584.4326979,POB_ESTIMADA,75359.1567695848,46267,55114,52755.07976196005,3814.032418121439
ok,La Paz,Calamarca,la paz|calamarca,PIB_USD2017,24766117.79127406,POB_ESTIMADA,10605.410357588142,12413,15327,14539.921335768953,1703.318554437302
ok,La Paz,Colquencha,la paz|colquencha,PIB_USD2017,18813755.47140517,POB_ESTIMADA,8252.087871510705,9879,12490,11778.773623247584,1597.259279546111
ok,La Paz,Combaya,la paz|combaya,PIB_USD2017,8460327.933556208,POB_ESTIMADA,3977.468246741315,3731,3529,3578.4508456432327,2364.243159538342
ok,La Paz,Coroico,la paz|coroico,PIB_USD2017,45509499.02296989,POB_ESTIMADA,23549.271050039923,19397,27711,25346.77970014696,1795.4745952483277
ok,La Paz,Coripata,la paz|coripata,PIB_USD2017,37246324.25087215,POB_ESTIMADA,16958.26727425104,16930,23530,21671.086464439835,1718.7105183669391
ok,Cochabamba,Arani,cochabamba|arani,PIB_USD2017,27113861.38736718,POB_ESTIMADA,11511.694287828965,9504,11183,10737.306505328008,2525.201397008914
ok,Cochabamba,Punata,cochabamba|punata,PIB_USD2017,82335385.54322018,POB_ESTIMADA,33064.09896091356,28887,35248,33537.174470668266,2455.0483707335275
ok,La Paz,Nazacara de Pacajes,la paz|nazacara de pacajes,PIB_USD2017,2074265.3059097943,POB_ESTIMADA,1270.900573132636,619,4022,2519.1510678714512,823.3985378504665
ok,La Paz,Caquiaviri,la paz|caquiaviri,PIB_USD2017,23648775.281872377,POB_ESTIMADA,13486.32243770753,14687,15570,15344.393708097212,1541.1997196991208
ok,La Paz,Luribay,la paz|luribay,PIB_USD2017,15730514.13464079,POB_ESTIMADA,5826.631045299153,11139,10703,10810.373398078269,1455.1314330582848
ok,La Paz,Malla,la paz|malla,PIB_USD2017,17644209.91994668,POB_ESTIMADA,9327.43031634626,5180,5297,5267.504552667626,3349.6335396636937
ok,La Paz,Comanche,la paz|comanche,PIB_USD2017,6821744.050365493,POB_ESTIMADA,3021.3955206639903,3880,5238,4859.393315764191,1403.82628181903
ok,La Paz,Sapahaqui,la paz|sapahaqui,PIB_USD2017,34036497.46321944,POB_ESTIMADA,11100.428714854346,12484,16497,15386.582535922846,2212.0894866520807
ok,La Paz,Cairoma,la paz|cairoma,PIB_USD2017,23232893.154193264,POB_ESTIMADA,11778.13884117773,11355,13598,12998.794029769124,1787.3114306593802
ok,La Paz,Viacha,la paz|viacha,PIB_USD2017,299586362.9214943,POB_ESTIMADA,72830.41718425034,80724,113554,104268.34883860314,2873.224389361183
ok,La Paz,Ichoca,la paz|ichoca,PIB_USD2017,19187871.503606506,POB_ESTIMADA,9038.418655319574,7913,9552,9112.887875526658,2105.5752869666017
ok,La Paz,Villa Libertad Licoma,la paz|villa libertad licoma,PIB_USD2017,6991628.74496282,POB_ESTIMADA,4971.470558218771,5488,7877,7196.546895613929,971.5254894293817
ok,La Paz,Quime,la paz|quime,PIB_USD2017,25594053.60431689,POB_ESTIMADA,13708.1639442858,8266,10887,10162.604337121682,2518.4542028097694
ok,Pando,Sena,pando|sena,PIB_USD2017,27281192.65089576,POB_ESTIMADA,12593.949832951042,8258,10522,9903.585213371085,2754.678438477282
ok,Pando,San Lorenzo,pando|san lorenzo,PIB_USD2017,22406374.11295386,POB_ESTIMADA,11025.031576367135,23863,30346,28576.389084491053,784.0869623767204
ok,Beni,Santa Rosa,beni|santa rosa,PIB_USD2017,59072091.005622745,POB_ESTIMADA,21555.641765847504,19217,17999,18296.06439956519,3228.6774748686717
ok,La Paz,Laja,la paz|laja,PIB_USD2017,104101942.8389127,POB_ESTIMADA,28608.2335393114,24531,38652,34499.10204663372,3017.526157585036
ok,La Paz,Ayo Ayo,la paz|ayo ayo,PIB_USD2017,12794238.545091929,POB_ESTIMADA,6129.638062519749,7798,11258,10270.503642683942,1245.7264989342307
ok,La Paz,Patacamaya,la paz|patacamaya,PIB_USD2017,51168284.6880591,POB_ESTIMADA,23068.4086608656,22858,25148,24554.84210616714,2083.836844351273
ok,La Paz,Umala,la paz|umala,PIB_USD2017,26890025.920464173,POB_ESTIMADA,13199.515566463162,8903,9102,9051.83683077428,2970.670641017735
ok,La Paz,Sica Sica,la paz|sica sica,PIB_USD2017,70759613.48201168,POB_ESTIMADA,32634.526496675287,31312,33885,33222.57722183624,2129.8652723276214
ok,Oruro,Eucaliptus,oruro|eucaliptus,PIB_USD2017,16099256.744494252,POB_ESTIMADA,7679.059116826733,5267,5335,5317.918134645575,3027.3607710524157
ok,Oruro,Caracollo,oruro|caracollo,PIB_USD2017,37668047.283442006,POB_ESTIMADA,14319.560621507484,23115,22850,22915.96381151394,1643.7470225239229
ok,La Paz,Palca,la paz|palca,PIB_USD2017,35986262.31085038,POB_ESTIMADA,12840.220278390272,16622,21729,20321.259624702798,1770.867700893157
ok,La Paz,Achocalla,la paz|achocalla,PIB_USD2017,67246283.28898302,POB_ESTIMADA,15640.007545320348,22431,46188,38557.514155349476,1744.0513156020784
ok,La Paz,El Alto,la paz|el alto,PIB_USD2017,4407125575.474515,POB_ESTIMADA,1126531.9976922155,848452,885825,876330.1809284807,5029.069717540849
ok,La Paz,Yanacachi,la paz|yanacachi,PIB_USD2017,19024437.824818853,POB_ESTIMADA,8371.528779249265,6420,7615,7296.862922781333,2607.207785886067
ok,Cochabamba,Tapacarí,cochabamba|tapacari,PIB_USD2017,61275698.23681551,POB_ESTIMADA,29556.52806129393,24625,24666,24655.743604689407,2485.2504641215187
ok,Chuquisaca,Tarvita,chuquisaca|tarvita,PIB_USD2017,29223325.52640482,POB_ESTIMADA,14946.981537640471,14261,16812,16134.370699543186,1811.2466901006696
ok,Potosí,Puna,potosi|puna,PIB_USD2017,47993317.63923006,POB_ESTIMADA,23284.22921654519,21917,16389,17624.20835059315,2723.147427930561
ok,Chuquisaca,San Lucas,chuquisaca|san lucas,PIB_USD2017,88292052.62470052,POB_ESTIMADA,44058.31768847782,32520,26715,28061.05649440273,3146.426530387832
ok,Chuquisaca,Camargo,chuquisaca|camargo,PIB_USD2017,36434147.11503277,POB_ESTIMADA,13718.1803722683,15644,14713,14940.422465182224,2438.6289745112904
ok,La Paz,Desaguadero,la paz|desaguadero,PIB_USD2017,11985471.420226166,POB_ESTIMADA,5063.756610367513,6987,7897,7658.9509699326445,1564.8972642961794
ok,La Paz,Jesús de Machaca,la paz|jesus de machaka,PIB_USD2017,32271312.677195013,POB_ESTIMADA,18136.968640299307,15039,17016,16498.62864718702,1955.9996995688005
ok,La Paz,Puerto Mayor de Guaqui,la paz|puerto mayor de guaqui,PIB_USD2017,13167625.46837164,POB_ESTIMADA,6423.380407259974,7278,8592,8242.780102701683,1597.4738261009502
ok,La Paz,Tito Yupanqui,la paz|tito yupanqui,PIB_USD2017,9938429.264572429,POB_ESTIMADA,4678.582348000595,6261,7525,7186.8867961596925,1382.855963430928
ok,La Paz,Pucarani,la paz|pucarani,PIB_USD2017,53416519.34011121,POB_ESTIMADA,19024.6571254735,30124,49850,43951.83702684626,1215.342132513911
ok,La Paz,Quiabaya,la paz|quiabaya,PIB_USD2017,4341131.813820665,POB_ESTIMADA,2577.838867813973,2684,4224,3771.2781075673715,1151.1036020148808
ok,La Paz,Huatajata,la paz|huatajata,PIB_USD2017,4534832.270513535,POB_ESTIMADA,2363.7983581577364,3927,5118,4790.054298690807,946.7183434127192
ok,La Paz,Apolo,la paz|apolo,PIB_USD2017,37168948.83762164,POB_ESTIMADA,19766.942015170203,20308,19156,19437.723944461617,1912.206848076581
ok,La Paz,Aucapata,la paz|aucapata,PIB_USD2017,8017129.221564236,POB_ESTIMADA,5034.758015433506,5495,6721,6390.978341171758,1254.4447490795799
ok,La Paz,Chua Cocani,la paz|chua cocani,PIB_USD2017,12888517.385360813,POB_ESTIMADA,6487.168704633502,5003,7226,6591.451997277551,1955.3381243896067
ok,La Paz,Villa Ancoraimes,la paz|villa ancoraimes,PIB_USD2017,34108418.179783426,POB_ESTIMADA,16210.908783510164,13136,16953,15905.62380574859,2144.425053449083
ok,Potosí,"Colcha ""K""",potosi|colcha k,PIB_USD2017,50115136.95199268,POB_ESTIMADA,14265.818341465643,12997,12740,12803.769605619793,3914.092372452273
ok,La Paz,Puerto Mayor de Carabuco,la paz|puerto mayor de carabuco,PIB_USD2017,19947031.90031604,POB_ESTIMADA,9788.643535275189,14589,17336,16604.203782261906,1201.3242045141149
ok,Oruro,Sabaya,oruro|sabaya,PIB_USD2017,20114850.61666196,POB_ESTIMADA,8392.405732539864,8018,15504,13147.686280819134,1529.9156206675743
ok,La Paz,Tipuani,la paz|tipuani,PIB_USD2017,11973676.301730389,POB_ESTIMADA,6595.304464442013,9985,7716,8229.646515187498,1454.9441801216403
ok,La Paz,Nuestra Señora de La Paz,la paz|nuestra senora de la paz,PIB_USD2017,2692946317.1294518,POB_ESTIMADA,698897.5334339994,766468,757431,759680.211511371,3544.8419957811993
ok,La Paz,Sorata,la paz|sorata,PIB_USD2017,58957933.8243297,POB_ESTIMADA,30169.060552569405,23512,30083,28285.460330731814,2084.390111914587
ok,La Paz,La Asunta,la paz|la asunta,PIB_USD2017,59137794.51185275,POB_ESTIMADA,36235.02421869353,40178,45587,44170.044657810184,1338.8665320580778
ok,La Paz,Chuma,la paz|chuma,PIB_USD2017,18966678.496712472,POB_ESTIMADA,12952.336611827535,11473,17830,15969.185133711277,1187.7048414119406
ok,La Paz,Guanay,la paz|guanay,PIB_USD2017,37695744.35069166,POB_ESTIMADA,20193.868211561865,14788,16386,15970.998664571172,2360.2621941427483
ok,La Paz,Teoponte,la paz|teoponte,PIB_USD2017,23586245.350707676,POB_ESTIMADA,12709.108528846744,9349,13379,12232.325533558664,1928.1898021762258
ok,La Paz,Mapiri,la paz|mapiri,PIB_USD2017,22528853.474565208,POB_ESTIMADA,11605.226424843417,13891,21843,19505.971806330865,1154.9721130660732
ok,La Paz,Humanata,la paz|humanata,PIB_USD2017,8792156.038222851,POB_ESTIMADA,4823.209444282325,5342,5658,5577.289375305654,1576.420989943885
ok,Chuquisaca,Huacareta,chuquisaca|huacareta,PIB_USD2017,26271669.10601481,POB_ESTIMADA,12715.702274811125,8349,7200,7471.503213643484,3516.249455402886
ok,Chuquisaca,Monteagudo,chuquisaca|monteagudo,PIB_USD2017,41500841.331197165,POB_ESTIMADA,19460.08835025985,24303,24546,24485.023159303015,1694.9480121454997
ok,Potosí,Potosí,potosi|potosi,PIB_USD2017,686337283.4284041,POB_ESTIMADA,242769.1671448284,191302,218702,211504.4180164648,3245.025753433554
ok,La Paz,San Pedro de Tiquina,la paz|san pedro de tiquina,PIB_USD2017,9467493.570552977,POB_ESTIMADA,4520.005577884112,6052,9164,8261.112572130207,1146.0312987977711
ok,Santa Cruz,Lagunillas,santa cruz|lagunillas,PIB_USD2017,6716137.114446493,POB_ESTIMADA,2610.044691968149,5366,5946,5795.372367608061,1158.8793072184353
ok,La Paz,Curva,la paz|curva,PIB_USD2017,7622960.320516486,POB_ESTIMADA,3543.033843917992,3285,6611,5550.526894775122,1373.3759812410256
ok,La Paz,Pelechuco,la paz|pelechuco,PIB_USD2017,21904627.075265653,POB_ESTIMADA,10059.39320079184,6780,9060,8426.623142360608,2599.454930546397
ok,La Paz,Palos Blancos,la paz|palos blancos,PIB_USD2017,74145853.41660084,POB_ESTIMADA,39136.84217960902,24731,27137,26514.399482570112,2796.4372138747635
ok,Beni,Puerto Menor de Rurrenabaque,beni|puerto menor de rurrenabaque,PIB_USD2017,30174848.82561342,POB_ESTIMADA,12600.494199202016,19195,21240,20709.180500514405,1457.0759487495843
ok,La Paz,San Buenaventura,la paz|san buenaventura,PIB_USD2017,13422896.558003107,POB_ESTIMADA,5096.200567469594,8711,10105,9736.867089438036,1378.564217289507
ok,Beni,Santa Ana,beni|santa ana,PIB_USD2017,42562980.30600036,POB_ESTIMADA,15905.336769265885,17069,18088,17827.68416806444,2387.465466897008
ok,Beni,San Borja,beni|san borja,PIB_USD2017,91909003.3300422,POB_ESTIMADA,47632.54814702444,40864,45798,44511.28206082718,2064.847361719291
ok,Beni,Reyes,beni|reyes,PIB_USD2017,33458305.751003116,POB_ESTIMADA,14891.757235530586,13246,11478,11896.545035130383,2812.438876346121
ok,Pando,Puerto Gonzalo Moreno,pando|puerto gonzalo moreno,PIB_USD2017,23579769.085808,POB_ESTIMADA,9534.545534089892,8160,12431,11189.278654612275,2107.353817315856
ok,Beni,Puerto Siles,beni|puerto siles,PIB_USD2017,3087775.8863649177,POB_ESTIMADA,1254.82072207229,945,1091,1052.5106889197932,2933.7240171251337
ok,La Paz,Mocomoco,la paz|mocomoco,PIB_USD2017,38251886.062058926,POB_ESTIMADA,21124.44548581234,15665,17811,17248.40049185931,2217.7062783365095
ok,Beni,Exaltación,beni|exaltacion,PIB_USD2017,29051983.488764416,POB_ESTIMADA,9497.099457047154,6362,8012,7563.17451680546,3841.24198432954
ok,Beni,Riberalta,beni|riberalta,PIB_USD2017,256569325.8402225,POB_ESTIMADA,105432.42897185904,89022,110302,104547.07269540428,2454.10339309769
ok,Pando,Bella Flor,pando|bella flor,PIB_USD2017,22859993.21412264,POB_ESTIMADA,9502.15286822543,3909,3630,3697.8252734258235,6182.010106968674
ok,Pando,San Pedro,pando|san pedro,PIB_USD2017,4045321.754899473,POB_ESTIMADA,1792.4486535476178,19103,15246,16130.295758081893,250.79030264355893
ok,Pando,Puerto Rico,pando|puerto rico,PIB_USD2017,23619098.00841597,POB_ESTIMADA,8742.520309573943,6239,7367,7067.189697425997,3342.077830034545
ok,Pando,Santa Rosa,pando|santa rosa,PIB_USD2017,12757222.853081135,POB_ESTIMADA,5168.354297273711,19217,17999,18296.06439956519,697.2659570100941
ok,Pando,Ingavi,pando|ingavi,PIB_USD2017,3310277.1488489057,POB_ESTIMADA,1547.7033184722352,1654,2600,2322.008938893482,1425.609132420639
ok,Beni,Guayaramerín,beni|guayaramerin,PIB_USD2017,220661928.03929588,POB_ESTIMADA,78111.08023882212,41814,42031,41976.64465070052,5256.77861762144
ok,Pando,Villa Nueva,pando|villa nueva,PIB_USD2017,7767776.193091124,POB_ESTIMADA,2965.393199802695,2801,2511,2580.5561409221245,3010.1171099945227
ok,Pando,Santos Mercado,pando|santos mercado,PIB_USD2017,7571527.377009737,POB_ESTIMADA,3414.3903501211,2165,2347,2300.1136344914376,3291.8057888404396
ok,Pando,Nueva Esperanza,pando|nueva esperanza,PIB_USD2017,10589108.058838855,POB_ESTIMADA,2505.4428872949047,2068,1598,1704.3948561728557,6212.825637491206
ok,La Paz,Santiago de Huata,la paz|santiago de huata,PIB_USD2017,12279784.674370425,POB_ESTIMADA,5780.791137645573,8562,9287,9100.188535782954,1349.3989301523748
ok,La Paz,Puerto Pérez,la paz|puerto perez,PIB_USD2017,9391573.674201263,POB_ESTIMADA,3967.896110735597,6498,7900,7523.418924941262,1248.3119400764442
ok,Potosí,Chuquihuta Ayllu Jucumani,potosi|chuquihuta ayllu jucumani,PIB_USD2017,26434690.247170903,POB_ESTIMADA,13947.988252899737,8019,8220,8169.282537083014,3235.864364731578
ok,La Paz,Alto Beni,la paz|alto beni,PIB_USD2017,19524459.084916748,POB_ESTIMADA,10141.772228697504,11194,10585,10734.07121820926,1818.923937433496
ok,La Paz,Caranavi,la paz|caranavi,PIB_USD2017,100912526.08369984,POB_ESTIMADA,52271.5658817149,50330,59676,57188.211091053905,1764.5686787269665
ok,Chuquisaca,Alcalá,chuquisaca|alcala,PIB_USD2017,11803969.283847185,POB_ESTIMADA,4962.455897754011,4902,3768,4024.171651463827,2933.2668450048322
ok,Chuquisaca,Sopachuy,chuquisaca|sopachuy,PIB_USD2017,15009601.532609375,POB_ESTIMADA,7008.849521790771,7312,6942,7032.70665470693,2134.2567335100744
ok,La Paz,Huarina,la paz|huarina,PIB_USD2017,14291641.009833382,POB_ESTIMADA,7430.653040051498,7948,8679,8490.176736859687,1683.3149005941093
ok,Cochabamba,Bolivar,cochabamba|bolivar,PIB_USD2017,16701356.062362088,POB_ESTIMADA,9387.82978160818,7279,8282,8018.984046629713,2082.727184047894
ok,Chuquisaca,Tomina,chuquisaca|tomina,PIB_USD2017,20370327.79664799,POB_ESTIMADA,8575.642181091936,8494,8509,8505.24751845487,2395.0305681813506
ok,Chuquisaca,Zudañez,chuquisaca|zudanez,PIB_USD2017,21656988.710378986,POB_ESTIMADA,10140.785337325604,11362,13694,13069.574204918297,1657.0538849099692
ok,Chuquisaca,Padilla,chuquisaca|padilla,PIB_USD2017,29020027.90388048,POB_ESTIMADA,11664.659400133403,10383,9192,9476.287434595124,3062.3836712610614
ok,Chuquisaca,Mojocoya,chuquisaca|mojocoya,PIB_USD2017,25114612.498845555,POB_ESTIMADA,12207.483038574468,8068,9055,8797.470381602683,2854.7538564455263
ok,Santa Cruz,Pucará,santa cruz|pucara,PIB_USD2017,5294306.284510855,POB_ESTIMADA,2339.7598396547955,2076,2015,2030.0798715582903,2607.9300419086185
ok,Chuquisaca,Villa Serrano,chuquisaca|villa serrano,PIB_USD2017,29345600.90946528,POB_ESTIMADA,12178.43308110099,11161,9107,9582.024555312384,3062.567909325148
ok,La Paz,Batallas,la paz|batallas,PIB_USD2017,45490855.99979105,POB_ESTIMADA,19697.94043869493,17426,20607,19761.072237465443,2302.043910023463
ok,Chuquisaca,Azurduy,chuquisaca|azurduy,PIB_USD2017,24785043.303151462,POB_ESTIMADA,13508.203438124045,10652,7903,8515.335740640332,2910.636063926669
ok,Potosí,"Caiza ""D""",potosi|caiza d,PIB_USD2017,23894289.78899463,POB_ESTIMADA,10138.684367121665,12067,12999,12759.45974251864,1872.672532471821
ok,La Paz,Copacabana,la paz|copacabana,PIB_USD2017,29328080.872270197,POB_ESTIMADA,12920.82444037438,14931,17463,16792.345622144312,1746.5148426670557
ok,Potosí,Chaquí,potosi|chaqui,PIB_USD2017,30331954.869222406,POB_ESTIMADA,13727.39502357072,9910,9285,9437.453932030487,3213.9976616231734
ok,Chuquisaca,El Villar,chuquisaca|el villar,PIB_USD2017,13020446.224209243,POB_ESTIMADA,6587.83208538396,4465,5654,5329.938757894509,2442.888523798484
ok,Potosí,Vitichi,potosi|vitichi,PIB_USD2017,25413039.735022698,POB_ESTIMADA,11341.979473093515,10646,10184,10297.585544786049,2467.8639108650104
ok,Chuquisaca,Villa Vaca Guzmán,chuquisaca|muyupampa,PIB_USD2017,15224585.681284986,POB_ESTIMADA,6546.583981634278,9720,13282,12284.68919323315,1239.313868003371
ok,Potosí,Cotagaita,potosi|cotagaita,PIB_USD2017,87309595.7649546,POB_ESTIMADA,32216.05745139842,31801,29221,29845.68148825318,2925.3678057014167
ok,Chuquisaca,Villa Abecia,chuquisaca|villa abecia,PIB_USD2017,22189254.701358348,POB_ESTIMADA,4658.6290600631655,3514,5375,4833.194701754842,4591.0119642607915
ok,Potosí,Tupiza,potosi|tupiza,PIB_USD2017,139016092.481784,POB_ESTIMADA,56434.70430695952,44814,45590,45394.749261230136,3062.3826487463857
ok,Chuquisaca,Las Carreras,chuquisaca|las carreras,PIB_USD2017,57451671.52778336,POB_ESTIMADA,10076.265107029078,4088,5016,4765.910338308286,12054.71094703315
ok,La Paz,Tacacoma,la paz|tacacoma,PIB_USD2017,13586677.726888107,POB_ESTIMADA,8070.212126873681,8182,9761,9339.757567387862,1454.714175272541
ok,Santa Cruz,Yapacaní,santa cruz|yapacani,PIB_USD2017,143664980.15087163,POB_ESTIMADA,55528.99429744534,50558,57794,55893.27233167696,2570.3447688363544
ok,Santa Cruz,Boyuibe,santa cruz|boyuibe,PIB_USD2017,17346449.336182974,POB_ESTIMADA,7994.4351672803905,5087,5612,5475.876959572817,3167.7938464008516
ok,Cochabamba,Cocapata,cochabamba|cocapata,PIB_USD2017,52220700.41651281,POB_ESTIMADA,32259.213532844027,18076,19608,19213.23774903239,2717.9542094170324
ok,Santa Cruz,Vallegrande,santa cruz|vallegrande,PIB_USD2017,35796230.17603609,POB_ESTIMADA,15610.145010353644,17208,17249,17238.74085091194,2076.4991182138715
ok,Tarija,Villa Montes,tarija|villa montes,PIB_USD2017,272680412.0706332,POB_ESTIMADA,72263.35343899866,39867,46071,44434.89090877323,6136.628367794532
ok,Chuquisaca,Presto,chuquisaca|presto,PIB_USD2017,28357488.2714414,POB_ESTIMADA,12546.692289774392,12385,12539,12500.321402049098,2268.540732624118
ok,Santa Cruz,Trigal,santa cruz|trigal,PIB_USD2017,6454599.902127291,POB_ESTIMADA,2857.5026833606435,2135,2359,2300.8877160935976,2805.265053561929
ok,Santa Cruz,Quirusillas,santa cruz|quirusillas,PIB_USD2017,6954456.326246598,POB_ESTIMADA,3266.758982916721,2995,3086,3062.994013362983,2270.4766303513024
ok,Santa Cruz,La Guardia,santa cruz|la guardia,PIB_USD2017,273788621.5866844,POB_ESTIMADA,79268.39244594339,89284,147726,130252.51377091423,2101.9833987098236
ok,Santa Cruz,Moromoro,santa cruz|moromoro,PIB_USD2017,9977123.843915837,POB_ESTIMADA,3734.08871383177,2767,2793,2786.477185334917,3580.551061542838
ok,Santa Cruz,El Torno,santa cruz|el torno,PIB_USD2017,57591450.89927666,POB_ESTIMADA,20509.349604239447,49652,55697,54120.03132194942,1064.1429705884027
ok,Santa Cruz,Samaipata,santa cruz|samaipata,PIB_USD2017,27333807.247702897,POB_ESTIMADA,12437.998575869828,10472,11843,11484.278222765442,2380.1066743157367
ok,Santa Cruz,Cuatro Cañadas,santa cruz|cuatro canadas,PIB_USD2017,82191271.73583917,POB_ESTIMADA,27055.30182255014,22845,25258,24631.84878583773,3336.788580120534
ok,Santa Cruz,San Ramón,santa cruz|san ramon,PIB_USD2017,16691437.408843745,POB_ESTIMADA,6942.021922547511,7490,8541,8265.173904308516,2019.4901646464739
ok,Santa Cruz,Cotoca,santa cruz|cotoca,PIB_USD2017,163661575.8628003,POB_ESTIMADA,49468.11096977952,55633,106603,90606.67429366939,1806.2860946904348
ok,Santa Cruz,Saipina,santa cruz|saipina,PIB_USD2017,12807913.961886631,POB_ESTIMADA,6632.1736634827685,7390,6048,6358.723584173894,2014.2271939236366
ok,Cochabamba,Omereque,cochabamba|omereque,PIB_USD2017,14477256.13853589,POB_ESTIMADA,7621.33919721289,5643,6700,6418.50102055183,2255.550959979626
ok,Santa Cruz,Cuevo,santa cruz|cuevo,PIB_USD2017,8222119.22596874,POB_ESTIMADA,3487.307189129713,5052,5335,5262.797422164371,1562.3096551923372
ok,Chuquisaca,Huacaya,chuquisaca|huacaya,PIB_USD2017,5288653.299813206,POB_ESTIMADA,2201.472835331957,2541,2547,2545.498673087816,2077.6492070992945
ok,Chuquisaca,Macharetí,chuquisaca|machareti,PIB_USD2017,43504595.21056028,POB_ESTIMADA,15630.44725607344,7418,7235,7280.322348216072,5975.641342477149
ok,Santa Cruz,Porongo,santa cruz|porongo,PIB_USD2017,59604193.52789213,POB_ESTIMADA,16226.292101753716,15317,23126,20862.618623734663,2856.9852424988753
ok,Santa Cruz,San Javier,santa cruz|san javier,PIB_USD2017,35181384.8109944,POB_ESTIMADA,15170.613311235547,13620,14888,14560.34102710182,2416.247308047916
ok,Cochabamba,Villa Tunari,cochabamba|villa tunari,PIB_USD2017,144623410.6450042,POB_ESTIMADA,80847.47823428582,71386,93747,87573.21542292503,1651.4571258639032
ok,Cochabamba,Chimoré,cochabamba|chimore,PIB_USD2017,34585701.461444885,POB_ESTIMADA,18610.5860829124,21736,27521,25944.366104507862,1333.0717475280917
ok,Cochabamba,Tiraque,cochabamba|tiraque,PIB_USD2017,56120679.96682234,POB_ESTIMADA,29374.635593972624,21231,18475,19128.50143580907,2933.877499769162
ok,Cochabamba,Shinahota,cochabamba|shinahota,PIB_USD2017,32729809.831042483,POB_ESTIMADA,15371.306326088634,20841,27172,25428.50588281912,1287.13067066817
ok,Chuquisaca,Culpina,chuquisaca|culpina,PIB_USD2017,32738293.9159399,POB_ESTIMADA,14560.966583193822,17731,14848,15521.520992567412,2109.2194464458003
ok,Chuquisaca,Incahuasi,chuquisaca|incahuasi,PIB_USD2017,29262325.15969584,POB_ESTIMADA,13396.940206823156,13056,16484,15550.683764667843,1881.7388098510326
ok,Santa Cruz,San Juan,santa cruz|san juan,PIB_USD2017,35952649.84210828,POB_ESTIMADA,15470.149601609535,9191,10200,9937.812999720565,3617.7627656224977
ok,Potosí,Tinguipaya,potosi|tinguipaya,PIB_USD2017,33458598.41459341,POB_ESTIMADA,16116.1367428322,27200,28942,28496.31024519323,1174.1379191447154
ok,Santa Cruz,Montero,santa cruz|montero,PIB_USD2017,406576193.8520833,POB_ESTIMADA,151263.48491344185,109518,126886,122301.46409789634,3324.3771597586024
ok,Beni,Baures,beni|baures,PIB_USD2017,16260838.755090931,POB_ESTIMADA,7160.219937121786,5965,7488,7074.194378403985,2298.6135078125394
ok,Santa Cruz,Ascención de Guarayos,santa cruz|ascencion de guarayos,PIB_USD2017,66064333.23932538,POB_ESTIMADA,25444.28920298221,27070,34079,32172.676776359072,2053.4298000305143
ok,Beni,San Andrés,beni|san andres,PIB_USD2017,34373615.25744861,POB_ESTIMADA,11684.671800024007,12503,15570,14739.067820308914,2332.1430959212576
ok,Beni,Loreto,beni|loreto,PIB_USD2017,30930053.616939142,POB_ESTIMADA,15173.911534340685,3828,4269,4154.20188421957,7445.48639642
ok,Cochabamba,Vacas,cochabamba|vacas,PIB_USD2017,23875841.49258949,POB_ESTIMADA,12912.68423536605,8940,8409,8538.717474857465,2796.185909990896
ok,Cochabamba,Pocona,cochabamba|pocona,PIB_USD2017,36886470.318236336,POB_ESTIMADA,20934.54167965617,10750,12258,11862.243339855002,3109.5695191401473
ok,Santa Cruz,Okinawa Uno,santa cruz|okinawa uno,PIB_USD2017,193026856.82368267,POB_ESTIMADA,57561.820509982965,12482,10665,11092.81293825411,17401.07382123249
ok,Santa Cruz,Warnes,santa cruz|warnes,PIB_USD2017,371645968.5386823,POB_ESTIMADA,91844.03345089503,96406,151248,135142.90381466565,2750.022073288849
ok,Santa Cruz,General Saavedra,santa cruz|general agustin saavedra,PIB_USD2017,52883944.56477762,POB_ESTIMADA,20024.740620940385,14209,16598,15965.50641989818,3312.387541861318
ok,Santa Cruz,Fernández Alonso,santa cruz|fernandez alonso,PIB_USD2017,54063841.93991505,POB_ESTIMADA,22856.22193309168,15117,14610,14735.13317146405,3669.043320532365
ok,Santa Cruz,Mineros,santa cruz|mineros,PIB_USD2017,86801095.29849067,POB_ESTIMADA,33042.095519822644,23251,23110,23145.169634880713,3750.2898733426387
ok,Santa Cruz,Pampa Grande,santa cruz|pampagrande,PIB_USD2017,25021584.973861314,POB_ESTIMADA,11443.299705411257,9198,9692,9566.066715784145,2615.660722141457
ok,Santa Cruz,Mairana,santa cruz|mairana,PIB_USD2017,25874553.519740164,POB_ESTIMADA,11542.422181428525,10177,12735,12040.767086758977,2148.912385174692
ok,Cochabamba,Puerto Villarroel,cochabamba|puerto villarroel,PIB_USD2017,55930178.369402245,POB_ESTIMADA,26684.099516897924,46627,64595,59539.96093243439,939.3721039365728
ok,Santa Cruz,Colpa Bélgica,santa cruz|colpa belgica,PIB_USD2017,25406743.733170472,POB_ESTIMADA,6738.683397463671,6069,6007,6022.4403661480155,4218.679171317517
ok,Santa Cruz,Puerto Suarez,santa cruz|puerto suarez,PIB_USD2017,85162814.94303355,POB_ESTIMADA,22602.39513299204,19829,17417,17990.99641730717,4733.635256639132
ok,Santa Cruz,El Carmen Rivero Tórrez,santa cruz|el carmen rivero torrez,PIB_USD2017,66451393.597074986,POB_ESTIMADA,19237.680058524016,6342,8816,8119.144027926014,8184.531936927542
ok,Santa Cruz,San Matías,santa cruz|san matias,PIB_USD2017,63834777.26160309,POB_ESTIMADA,16176.992217288667,14470,15378,15145.79328769255,4214.686946340086
ok,Cochabamba,Ayopaya,cochabamba|ayopaya,PIB_USD2017,36895252.46113784,POB_ESTIMADA,21466.38424663252,23658,21815,22261.832966425918,1657.3321934802605
ok,Santa Cruz,San Ignacio,santa cruz|san ignacio,PIB_USD2017,211266660.4069248,POB_ESTIMADA,69650.4688874227,52362,67103,63068.21060032525,3349.8121858214777
ok,Santa Cruz,Urubicha,santa cruz|urubicha,PIB_USD2017,32181526.75262985,POB_ESTIMADA,14210.702245785324,7026,6555,6669.703968258495,4825.0307518569925
ok,Beni,Trinidad,beni|trinidad,PIB_USD2017,296924329.3436845,POB_ESTIMADA,123602.2918137758,106596,128589,122698.17164561484,2419.9572443612396
ok,Beni,San Ignacio,beni|san ignacio,PIB_USD2017,59509683.23636828,POB_ESTIMADA,24767.24114682577,52362,67103,63068.21060032525,943.5765288077063
ok,Beni,San Javier,beni|san javier,PIB_USD2017,30319323.86412539,POB_ESTIMADA,12329.518783322656,13620,14888,14560.34102710182,2082.322371961664
ok,Santa Cruz,San Pedro,santa cruz|san pedro,PIB_USD2017,71735754.7136696,POB_ESTIMADA,27687.701723101283,19103,15246,16130.295758081893,4447.2684065775575
ok,Santa Cruz,San Antonio de Lomerio,santa cruz|san antonio de lomerio,PIB_USD2017,26979111.663181607,POB_ESTIMADA,12383.121218321869,6481,6364,6393.0504789019005,4220.068612349774
ok,Cochabamba,Pojo,cochabamba|pojo,PIB_USD2017,32056120.94801134,POB_ESTIMADA,16745.833020830647,10156,11865,11412.518116848176,2808.8560841526496
ok,Cochabamba,Entre Ríos,cochabamba|entre rios,PIB_USD2017,99274967.63548727,POB_ESTIMADA,43313.91611822575,21991,20864,21140.216232721956,4696.024229015415
ok,Cochabamba,Colomi,cochabamba|colomi,PIB_USD2017,39978558.54716636,POB_ESTIMADA,19694.610088639303,19285,21846,21175.50897250243,1887.9621075026216
ok,Cochabamba,Alalay,cochabamba|alalay,PIB_USD2017,8685146.836133383,POB_ESTIMADA,4810.6226108963365,3447,3512,3495.63598368915,2484.568438092183
ok,Cochabamba,Vila Vila,cochabamba|vila vila,PIB_USD2017,12718797.057442188,POB_ESTIMADA,7150.084911537971,5459,5244,5296.942832772906,2401.158075323989
ok,La Paz,Ixiamas,la paz|ixiamas,PIB_USD2017,35988915.99678861,POB_ESTIMADA,15857.659021669106,9362,12595,11694.745847451506,3077.357684060423
ok,La Paz,Ayata,la paz|ayata,PIB_USD2017,14368786.37479329,POB_ESTIMADA,8503.715893513097,8410,9029,8870.104548367797,1619.911726681656
ok,Potosí,Uyuni,potosi|uyuni,PIB_USD2017,102481433.7827796,POB_ESTIMADA,40108.76131382449,29672,35318,33813.00601404734,3030.8288396543185
ok,La Paz,Waldo Ballivian,la paz|waldo ballivian,PIB_USD2017,6085952.731877944,POB_ESTIMADA,3046.4710719720288,5069,6442,6067.308994682537,1003.0728181491576
ok,Oruro,Curahuara de Carangas,oruro|curahuara de carangas,PIB_USD2017,9392657.563857237,POB_ESTIMADA,4365.946918839155,4184,6683,5944.653077428496,1580.017780940088
ok,Beni,San Joaquín,beni|san joaquin,PIB_USD2017,20458445.586038563,POB_ESTIMADA,6330.806033971355,6917,6808,6835.087903326743,2993.150325993777
ok,Oruro,Choquecota,oruro|choquecota,PIB_USD2017,4743425.609347603,POB_ESTIMADA,2592.2223120989484,1850,2504,2321.4999331944464,2043.2589902427962
ok,La Paz,Cajuata,la paz|cajuata,PIB_USD2017,21077180.120278034,POB_ESTIMADA,10833.410075325512,10458,15565,14092.04440935459,1495.6793711412495
ok,La Paz,Inquisivi,la paz|inquisivi,PIB_USD2017,29348305.385521337,POB_ESTIMADA,17200.319032281514,14717,18679,17598.27253274536,1667.681036926353
ok,La Paz,Irupana,la paz|irupana,PIB_USD2017,39398108.63098584,POB_ESTIMADA,20862.66686231488,17276,23279,21606.480951465655,1823.4393985529284
ok,La Paz,Chulumani,la paz|chulumani,PIB_USD2017,34131672.31093176,POB_ESTIMADA,16094.117927961994,17823,18303,18181.80147981006,1877.243701556922
ok,Oruro,Poopó,oruro|poopo,PIB_USD2017,9855161.823068583,POB_ESTIMADA,3923.8880202486994,7587,9189,8759.28605869531,1125.1101695994278
ok,Beni,San Ramón,beni|san ramon,PIB_USD2017,20639528.67971531,POB_ESTIMADA,8544.736496711384,7490,8541,8265.173904308516,2497.1681078550832
ok,La Paz,Tiahuanacu,la paz|tiahuanacu,PIB_USD2017,32523115.216283377,POB_ESTIMADA,15854.908631552722,12189,13648,13267.64307431393,2451.3106837527093
ok,La Paz,Puerto Acosta,la paz|puerto acosta,PIB_USD2017,23991143.42489868,POB_ESTIMADA,12185.426669446531,11290,14012,13275.429538342589,1807.1839676152526
ok,La Paz,Escoma,la paz|escoma,PIB_USD2017,13484439.697900796,POB_ESTIMADA,6806.273483478907,7186,8837,8391.709561940328,1606.876357954282
ok,La Paz,Charaña,la paz|charana,PIB_USD2017,21354276.67452826,POB_ESTIMADA,10139.145878359075,3246,4221,3952.7435892979047,5402.393601331792
ok,La Paz,Achacachi,la paz|achacachi,PIB_USD2017,88615028.09423363,POB_ESTIMADA,44450.98554756375,46058,47257,46954.35507920208,1887.2589761856764
ok,La Paz,Taraco,la paz|taraco,PIB_USD2017,9867456.171269571,POB_ESTIMADA,5015.549499518713,6603,7540,7293.967665270168,1352.8242273753049
ok,La Paz,La (Marka) San Andrés de Machaca,la paz|la marka san andres de machaca,PIB_USD2017,22396482.62037918,POB_ESTIMADA,12421.742359704367,6145,7936,7444.434552174091,3008.486737765524
ok,Oruro,Challapata,oruro|challapata,PIB_USD2017,49918934.25358986,POB_ESTIMADA,24682.38089807253,28918,35427,33673.85568638569,1482.4240716150614
ok,Oruro,Escara,oruro|escara,PIB_USD2017,10877307.975521415,POB_ESTIMADA,5169.665645176315,4223,4231,4228.99858032937,2572.0765256616023
ok,Oruro,Totora,oruro|totora,PIB_USD2017,8574271.714502133,POB_ESTIMADA,4816.84548278404,5531,6637,6341.321583460164,1352.1269346859951
ok,Oruro,Turco,oruro|turco,PIB_USD2017,11227012.3795188,POB_ESTIMADA,5723.16348452519,5207,5803,5647.891205095732,1987.823768522556
ok,Oruro,Coipasa,oruro|coipasa,PIB_USD2017,1902984.8707989813,POB_ESTIMADA,832.5974947378335,903,1406,1258.6672381454187,1511.9046664016864
ok,Oruro,Chipaya,oruro|chipaya,PIB_USD2017,3585445.798957634,POB_ESTIMADA,1452.9815429939113,2003,2355,2261.58763445302,1585.3667327929113
ok,Potosí,Chayanta,potosi|chayanta,PIB_USD2017,51486972.9865657,POB_ESTIMADA,25585.26707207089,16129,16021,16047.932012994454,3208.324471020645
ok,Oruro,Salinas de Garcí Mendoza,oruro|salinas,PIB_USD2017,27753570.38243838,POB_ESTIMADA,13948.807557439592,11878,15934,14805.716861589759,1874.5171640043338
ok,Potosí,Atocha,potosi|atocha,PIB_USD2017,28323578.074097514,POB_ESTIMADA,9067.773660002713,11234,9610,9992.545757369753,2834.4706906353836
ok,Potosí,San Pedro de Quemes,potosi|san pedro de quemes,PIB_USD2017,5247639.675033432,POB_ESTIMADA,1797.4970299687473,1060,1621,1457.685143194859,3599.9815869234963
ok,Santa Cruz,San Julián,santa cruz|san julian,PIB_USD2017,140570103.09848574,POB_ESTIMADA,55440.06814391947,47416,44909,45523.04112778646,3087.8891132052295
ok,Santa Cruz,El Puente,santa cruz|el puente,PIB_USD2017,52280689.925349854,POB_ESTIMADA,19320.727284570745,11354,9523,9951.019120497083,5253.802579643549
ok,Santa Cruz,Comarapa,santa cruz|comarapa,PIB_USD2017,52075438.941310346,POB_ESTIMADA,25384.55193605636,15919,17195,16866.717880372504,3087.4672423322854
ok,Tarija,Bermejo,tarija|bermejo,PIB_USD2017,128508447.15234996,POB_ESTIMADA,36416.775239177216,34505,36970,36337.71345053771,3536.503399622916
ok,Chuquisaca,Villa Charcas,chuquisaca|villa charcas,PIB_USD2017,25098582.142644737,POB_ESTIMADA,11708.60895679085,16150,14282,14727.699122280836,1704.1753728302533
ok,Tarija,Entre Ríos,tarija|entre rios,PIB_USD2017,88749829.4572629,POB_ESTIMADA,24899.34711788497,21991,20864,21140.216232721956,4198.151451255791
ok,Potosí,Uncía,potosi|uncia,PIB_USD2017,52022345.97539432,POB_ESTIMADA,19936.768213575804,22020,22768,22578.651000743972,2304.050227521572
ok,La Paz,Mecapaca,la paz|mecapaca,PIB_USD2017,47084689.9376072,POB_ESTIMADA,11701.41970781905,15834,20446,19180.2351575081,2454.854674666275
ok,Cochabamba,Pasorapa,cochabamba|pasorapa,PIB_USD2017,21257849.822021592,POB_ESTIMADA,10740.727138859686,6853,6475,6567.498957491977,3236.8257626857126
ok,Potosí,Villazón,potosi|villazon,PIB_USD2017,175763144.85318,POB_ESTIMADA,66618.52578904263,44906,49340,48192.055670273076,3647.139396910977
ok,Tarija,Padcaya,tarija|padcaya,PIB_USD2017,61107728.20339739,POB_ESTIMADA,21064.155134711207,18681,17817,18029.179603194927,3389.3793033471457
ok,La Paz,Charazani,la paz|charazani,PIB_USD2017,29793141.977180146,POB_ESTIMADA,15093.593326573477,13023,15763,15028.198292281306,1982.4826235146447
ok,Cochabamba,Mizque,cochabamba|mizque,PIB_USD2017,51528427.1012637,POB_ESTIMADA,28127.56715131931,26900,27952,27685.2044938149,1861.2261691177166
ok,Santa Cruz,Postrervalle,santa cruz|postrervalle,PIB_USD2017,6013086.927664407,POB_ESTIMADA,2863.7243884556733,2390,1806,1937.036412663083,3104.2714986433703
ok,Santa Cruz,Cabezas,santa cruz|cabezas,PIB_USD2017,83357490.0391248,POB_ESTIMADA,31636.073928023976,26434,32961,31191.84081807756,2672.413293120363
ok,Santa Cruz,San Miguel,santa cruz|san miguel,PIB_USD2017,33501061.0671114,POB_ESTIMADA,11377.00797998108,11327,15239,14149.66236304188,2367.622647633931
ok,Santa Cruz,San Rafael,santa cruz|san rafael,PIB_USD2017,14634086.391123949,POB_ESTIMADA,4607.336405352345,6139,8842,8071.184802367203,1813.1274093528261
ok,Cochabamba,TIOC Raqaypampa,cochabamba|raqaypampa,PIB_USD2017,6664154.944430048,POB_ESTIMADA,3378.7656047439377,7036,8056,7787.912274679177,855.7049321288839
